timestamp,partner_id,region,gateway,success,result_code,latency_ms
2026-06-15T00:00:00+00:00,P-001,EU,stripe,true,200,260
2026-06-15T00:00:00+00:00,P-001,EU,stripe,true,200,191
2026-06-15T00:00:00+00:00,P-001,EU,stripe,true,200,466
2026-06-15T00:00:00+00:00,P-001,EU,stripe,true,200,399
2026-06-15T00:00:00+00:00,P-001,EU,stripe,true,200,336
2026-06-15T00:00:00+00:00,P-001,EU,stripe,true,200,167
2026-06-15T00:00:00+00:00,P-001,EU,stripe,true,200,378
2026-06-15T00:00:00+00:00,P-001,EU,stripe,true,200,407
2026-06-15T00:00:00+00:00,P-001,EU,braintree,true,200,479
2026-06-15T00:00:00+00:00,P-001,EU,braintree,true,200,232
2026-06-15T00:00:00+00:00,P-001,EU,braintree,true,200,262
2026-06-15T00:00:00+00:00,P-001,EU,braintree,true,200,123
2026-06-15T00:00:00+00:00,P-002,APAC,stripe,true,200,294
2026-06-15T00:00:00+00:00,P-002,APAC,stripe,true,200,230
2026-06-15T00:00:00+00:00,P-002,APAC,stripe,false,insufficient_funds,1109
2026-06-15T00:00:00+00:00,P-002,APAC,stripe,true,200,169
2026-06-15T00:00:00+00:00,P-002,APAC,braintree,true,200,429
2026-06-15T00:00:00+00:00,P-002,APAC,braintree,true,200,142
2026-06-15T00:00:00+00:00,P-002,APAC,braintree,true,200,394
2026-06-15T00:00:00+00:00,P-002,APAC,braintree,true,200,313
2026-06-15T00:00:00+00:00,P-002,APAC,braintree,true,200,270
2026-06-15T00:00:00+00:00,P-003,LATAM,stripe,true,200,305
2026-06-15T00:00:00+00:00,P-003,LATAM,stripe,true,200,480
2026-06-15T00:00:00+00:00,P-003,LATAM,stripe,true,200,458
2026-06-15T00:00:00+00:00,P-003,LATAM,stripe,true,200,268
2026-06-15T00:00:00+00:00,P-003,LATAM,stripe,false,card_declined,1106
2026-06-15T00:00:00+00:00,P-003,LATAM,stripe,true,200,352
2026-06-15T00:00:00+00:00,P-003,LATAM,stripe,true,200,306
2026-06-15T00:00:00+00:00,P-003,LATAM,stripe,true,200,301
2026-06-15T00:00:00+00:00,P-003,LATAM,braintree,true,200,479
2026-06-15T00:00:00+00:00,P-003,LATAM,braintree,false,avs_mismatch,1046
2026-06-15T00:00:00+00:00,P-003,LATAM,braintree,true,200,207
2026-06-15T00:00:00+00:00,P-003,LATAM,braintree,true,200,245
2026-06-15T01:00:00+00:00,P-001,EU,stripe,true,200,258
2026-06-15T01:00:00+00:00,P-001,EU,stripe,false,3ds_failed,2309
2026-06-15T01:00:00+00:00,P-001,EU,stripe,true,200,470
2026-06-15T01:00:00+00:00,P-001,EU,stripe,true,200,148
2026-06-15T01:00:00+00:00,P-001,EU,braintree,true,200,281
2026-06-15T01:00:00+00:00,P-001,EU,braintree,true,200,153
2026-06-15T01:00:00+00:00,P-001,EU,braintree,true,200,410
2026-06-15T01:00:00+00:00,P-001,EU,braintree,true,200,281
2026-06-15T01:00:00+00:00,P-002,APAC,stripe,true,200,322
2026-06-15T01:00:00+00:00,P-002,APAC,stripe,true,200,449
2026-06-15T01:00:00+00:00,P-002,APAC,stripe,true,200,255
2026-06-15T01:00:00+00:00,P-002,APAC,stripe,true,200,407
2026-06-15T01:00:00+00:00,P-002,APAC,braintree,true,200,419
2026-06-15T01:00:00+00:00,P-002,APAC,braintree,true,200,418
2026-06-15T01:00:00+00:00,P-002,APAC,braintree,true,200,232
2026-06-15T01:00:00+00:00,P-002,APAC,braintree,false,processor_timeout,1943
2026-06-15T01:00:00+00:00,P-002,APAC,braintree,true,200,144
2026-06-15T01:00:00+00:00,P-002,APAC,braintree,true,200,198
2026-06-15T01:00:00+00:00,P-002,APAC,braintree,true,200,468
2026-06-15T01:00:00+00:00,P-003,LATAM,stripe,true,200,317
2026-06-15T01:00:00+00:00,P-003,LATAM,stripe,true,200,359
2026-06-15T01:00:00+00:00,P-003,LATAM,stripe,true,200,403
2026-06-15T01:00:00+00:00,P-003,LATAM,stripe,true,200,125
2026-06-15T01:00:00+00:00,P-003,LATAM,stripe,true,200,178
2026-06-15T01:00:00+00:00,P-003,LATAM,stripe,true,200,394
2026-06-15T01:00:00+00:00,P-003,LATAM,braintree,true,200,294
2026-06-15T01:00:00+00:00,P-003,LATAM,braintree,true,200,342
2026-06-15T01:00:00+00:00,P-003,LATAM,braintree,true,200,121
2026-06-15T01:00:00+00:00,P-003,LATAM,braintree,false,avs_mismatch,1439
2026-06-15T01:00:00+00:00,P-003,LATAM,braintree,false,processor_timeout,1939
2026-06-15T02:00:00+00:00,P-001,EU,stripe,true,200,272
2026-06-15T02:00:00+00:00,P-001,EU,stripe,true,200,379
2026-06-15T02:00:00+00:00,P-001,EU,stripe,true,200,198
2026-06-15T02:00:00+00:00,P-001,EU,braintree,true,200,396
2026-06-15T02:00:00+00:00,P-001,EU,braintree,false,avs_mismatch,901
2026-06-15T02:00:00+00:00,P-001,EU,braintree,true,200,370
2026-06-15T02:00:00+00:00,P-001,EU,braintree,true,200,305
2026-06-15T02:00:00+00:00,P-001,EU,braintree,true,200,277
2026-06-15T02:00:00+00:00,P-002,APAC,stripe,true,200,410
2026-06-15T02:00:00+00:00,P-002,APAC,stripe,true,200,163
2026-06-15T02:00:00+00:00,P-002,APAC,stripe,true,200,155
2026-06-15T02:00:00+00:00,P-002,APAC,stripe,false,3ds_failed,2468
2026-06-15T02:00:00+00:00,P-002,APAC,braintree,true,200,363
2026-06-15T02:00:00+00:00,P-002,APAC,braintree,false,processor_timeout,1442
2026-06-15T02:00:00+00:00,P-002,APAC,braintree,true,200,430
2026-06-15T02:00:00+00:00,P-002,APAC,braintree,true,200,228
2026-06-15T02:00:00+00:00,P-003,LATAM,stripe,true,200,473
2026-06-15T02:00:00+00:00,P-003,LATAM,stripe,true,200,279
2026-06-15T02:00:00+00:00,P-003,LATAM,stripe,true,200,463
2026-06-15T02:00:00+00:00,P-003,LATAM,stripe,true,200,344
2026-06-15T02:00:00+00:00,P-003,LATAM,stripe,true,200,351
2026-06-15T02:00:00+00:00,P-003,LATAM,stripe,true,200,235
2026-06-15T02:00:00+00:00,P-003,LATAM,stripe,true,200,130
2026-06-15T02:00:00+00:00,P-003,LATAM,braintree,true,200,421
2026-06-15T02:00:00+00:00,P-003,LATAM,braintree,true,200,156
2026-06-15T02:00:00+00:00,P-003,LATAM,braintree,true,200,150
2026-06-15T02:00:00+00:00,P-003,LATAM,braintree,true,200,136
2026-06-15T02:00:00+00:00,P-003,LATAM,braintree,true,200,156
2026-06-15T02:00:00+00:00,P-003,LATAM,braintree,true,200,262
2026-06-15T02:00:00+00:00,P-003,LATAM,braintree,true,200,229
2026-06-15T03:00:00+00:00,P-001,EU,stripe,true,200,412
2026-06-15T03:00:00+00:00,P-001,EU,stripe,true,200,244
2026-06-15T03:00:00+00:00,P-001,EU,stripe,true,200,328
2026-06-15T03:00:00+00:00,P-001,EU,stripe,true,200,169
2026-06-15T03:00:00+00:00,P-001,EU,stripe,true,200,301
2026-06-15T03:00:00+00:00,P-001,EU,stripe,true,200,359
2026-06-15T03:00:00+00:00,P-001,EU,stripe,true,200,147
2026-06-15T03:00:00+00:00,P-001,EU,braintree,true,200,450
2026-06-15T03:00:00+00:00,P-001,EU,braintree,true,200,326
2026-06-15T03:00:00+00:00,P-001,EU,braintree,true,200,175
2026-06-15T03:00:00+00:00,P-001,EU,braintree,true,200,217
2026-06-15T03:00:00+00:00,P-001,EU,braintree,true,200,191
2026-06-15T03:00:00+00:00,P-001,EU,braintree,true,200,262
2026-06-15T03:00:00+00:00,P-001,EU,braintree,true,200,158
2026-06-15T03:00:00+00:00,P-001,EU,braintree,true,200,401
2026-06-15T03:00:00+00:00,P-002,APAC,stripe,true,200,396
2026-06-15T03:00:00+00:00,P-002,APAC,stripe,true,200,167
2026-06-15T03:00:00+00:00,P-002,APAC,stripe,true,200,241
2026-06-15T03:00:00+00:00,P-002,APAC,braintree,true,200,366
2026-06-15T03:00:00+00:00,P-002,APAC,braintree,true,200,325
2026-06-15T03:00:00+00:00,P-002,APAC,braintree,true,200,204
2026-06-15T03:00:00+00:00,P-002,APAC,braintree,true,200,319
2026-06-15T03:00:00+00:00,P-003,LATAM,stripe,true,200,352
2026-06-15T03:00:00+00:00,P-003,LATAM,stripe,true,200,476
2026-06-15T03:00:00+00:00,P-003,LATAM,stripe,false,3ds_failed,2255
2026-06-15T03:00:00+00:00,P-003,LATAM,stripe,true,200,199
2026-06-15T03:00:00+00:00,P-003,LATAM,stripe,true,200,231
2026-06-15T03:00:00+00:00,P-003,LATAM,braintree,true,200,397
2026-06-15T03:00:00+00:00,P-003,LATAM,braintree,true,200,280
2026-06-15T03:00:00+00:00,P-003,LATAM,braintree,true,200,419
2026-06-15T04:00:00+00:00,P-001,EU,stripe,true,200,391
2026-06-15T04:00:00+00:00,P-001,EU,stripe,true,200,380
2026-06-15T04:00:00+00:00,P-001,EU,stripe,true,200,215
2026-06-15T04:00:00+00:00,P-001,EU,stripe,true,200,154
2026-06-15T04:00:00+00:00,P-001,EU,stripe,true,200,240
2026-06-15T04:00:00+00:00,P-001,EU,stripe,true,200,411
2026-06-15T04:00:00+00:00,P-001,EU,braintree,true,200,140
2026-06-15T04:00:00+00:00,P-001,EU,braintree,true,200,334
2026-06-15T04:00:00+00:00,P-001,EU,braintree,true,200,409
2026-06-15T04:00:00+00:00,P-001,EU,braintree,true,200,253
2026-06-15T04:00:00+00:00,P-002,APAC,stripe,true,200,280
2026-06-15T04:00:00+00:00,P-002,APAC,stripe,true,200,322
2026-06-15T04:00:00+00:00,P-002,APAC,stripe,true,200,450
2026-06-15T04:00:00+00:00,P-002,APAC,stripe,true,200,281
2026-06-15T04:00:00+00:00,P-002,APAC,braintree,true,200,438
2026-06-15T04:00:00+00:00,P-002,APAC,braintree,false,processor_timeout,1050
2026-06-15T04:00:00+00:00,P-002,APAC,braintree,true,200,379
2026-06-15T04:00:00+00:00,P-003,LATAM,stripe,true,200,298
2026-06-15T04:00:00+00:00,P-003,LATAM,stripe,true,200,245
2026-06-15T04:00:00+00:00,P-003,LATAM,stripe,true,200,200
2026-06-15T04:00:00+00:00,P-003,LATAM,stripe,true,200,398
2026-06-15T04:00:00+00:00,P-003,LATAM,stripe,true,200,433
2026-06-15T04:00:00+00:00,P-003,LATAM,braintree,true,200,461
2026-06-15T04:00:00+00:00,P-003,LATAM,braintree,true,200,273
2026-06-15T04:00:00+00:00,P-003,LATAM,braintree,false,processor_timeout,1175
2026-06-15T04:00:00+00:00,P-003,LATAM,braintree,true,200,174
2026-06-15T04:00:00+00:00,P-003,LATAM,braintree,true,200,199
2026-06-15T04:00:00+00:00,P-003,LATAM,braintree,true,200,429
2026-06-15T04:00:00+00:00,P-003,LATAM,braintree,true,200,295
2026-06-15T04:00:00+00:00,P-003,LATAM,braintree,true,200,444
2026-06-15T05:00:00+00:00,P-001,EU,stripe,true,200,248
2026-06-15T05:00:00+00:00,P-001,EU,stripe,true,200,146
2026-06-15T05:00:00+00:00,P-001,EU,stripe,true,200,336
2026-06-15T05:00:00+00:00,P-001,EU,stripe,true,200,142
2026-06-15T05:00:00+00:00,P-001,EU,stripe,true,200,186
2026-06-15T05:00:00+00:00,P-001,EU,braintree,false,processor_timeout,2418
2026-06-15T05:00:00+00:00,P-001,EU,braintree,true,200,338
2026-06-15T05:00:00+00:00,P-001,EU,braintree,true,200,177
2026-06-15T05:00:00+00:00,P-001,EU,braintree,true,200,473
2026-06-15T05:00:00+00:00,P-001,EU,braintree,true,200,399
2026-06-15T05:00:00+00:00,P-001,EU,braintree,true,200,309
2026-06-15T05:00:00+00:00,P-001,EU,braintree,true,200,195
2026-06-15T05:00:00+00:00,P-001,EU,braintree,true,200,141
2026-06-15T05:00:00+00:00,P-002,APAC,stripe,true,200,140
2026-06-15T05:00:00+00:00,P-002,APAC,stripe,true,200,227
2026-06-15T05:00:00+00:00,P-002,APAC,stripe,true,200,461
2026-06-15T05:00:00+00:00,P-002,APAC,stripe,true,200,406
2026-06-15T05:00:00+00:00,P-002,APAC,stripe,true,200,328
2026-06-15T05:00:00+00:00,P-002,APAC,braintree,true,200,241
2026-06-15T05:00:00+00:00,P-002,APAC,braintree,true,200,210
2026-06-15T05:00:00+00:00,P-002,APAC,braintree,true,200,132
2026-06-15T05:00:00+00:00,P-002,APAC,braintree,true,200,290
2026-06-15T05:00:00+00:00,P-002,APAC,braintree,true,200,330
2026-06-15T05:00:00+00:00,P-002,APAC,braintree,true,200,247
2026-06-15T05:00:00+00:00,P-002,APAC,braintree,true,200,479
2026-06-15T05:00:00+00:00,P-003,LATAM,stripe,true,200,139
2026-06-15T05:00:00+00:00,P-003,LATAM,stripe,true,200,233
2026-06-15T05:00:00+00:00,P-003,LATAM,stripe,true,200,355
2026-06-15T05:00:00+00:00,P-003,LATAM,braintree,true,200,236
2026-06-15T05:00:00+00:00,P-003,LATAM,braintree,true,200,457
2026-06-15T05:00:00+00:00,P-003,LATAM,braintree,true,200,288
2026-06-15T05:00:00+00:00,P-003,LATAM,braintree,true,200,155
2026-06-15T05:00:00+00:00,P-003,LATAM,braintree,false,gateway_unavailable,1619
2026-06-15T06:00:00+00:00,P-001,EU,stripe,true,200,467
2026-06-15T06:00:00+00:00,P-001,EU,stripe,false,3ds_failed,1578
2026-06-15T06:00:00+00:00,P-001,EU,stripe,true,200,179
2026-06-15T06:00:00+00:00,P-001,EU,stripe,true,200,253
2026-06-15T06:00:00+00:00,P-001,EU,stripe,true,200,255
2026-06-15T06:00:00+00:00,P-001,EU,stripe,true,200,425
2026-06-15T06:00:00+00:00,P-001,EU,stripe,true,200,280
2026-06-15T06:00:00+00:00,P-001,EU,stripe,true,200,381
2026-06-15T06:00:00+00:00,P-001,EU,braintree,true,200,415
2026-06-15T06:00:00+00:00,P-001,EU,braintree,true,200,142
2026-06-15T06:00:00+00:00,P-001,EU,braintree,true,200,120
2026-06-15T06:00:00+00:00,P-002,APAC,stripe,true,200,395
2026-06-15T06:00:00+00:00,P-002,APAC,stripe,true,200,463
2026-06-15T06:00:00+00:00,P-002,APAC,stripe,true,200,340
2026-06-15T06:00:00+00:00,P-002,APAC,stripe,true,200,460
2026-06-15T06:00:00+00:00,P-002,APAC,stripe,true,200,439
2026-06-15T06:00:00+00:00,P-002,APAC,stripe,true,200,183
2026-06-15T06:00:00+00:00,P-002,APAC,stripe,true,200,273
2026-06-15T06:00:00+00:00,P-002,APAC,braintree,true,200,329
2026-06-15T06:00:00+00:00,P-002,APAC,braintree,true,200,476
2026-06-15T06:00:00+00:00,P-002,APAC,braintree,true,200,185
2026-06-15T06:00:00+00:00,P-002,APAC,braintree,true,200,460
2026-06-15T06:00:00+00:00,P-002,APAC,braintree,false,avs_mismatch,2432
2026-06-15T06:00:00+00:00,P-002,APAC,braintree,true,200,435
2026-06-15T06:00:00+00:00,P-002,APAC,braintree,true,200,327
2026-06-15T06:00:00+00:00,P-003,LATAM,stripe,true,200,275
2026-06-15T06:00:00+00:00,P-003,LATAM,stripe,true,200,340
2026-06-15T06:00:00+00:00,P-003,LATAM,stripe,true,200,430
2026-06-15T06:00:00+00:00,P-003,LATAM,stripe,true,200,358
2026-06-15T06:00:00+00:00,P-003,LATAM,stripe,true,200,465
2026-06-15T06:00:00+00:00,P-003,LATAM,stripe,true,200,362
2026-06-15T06:00:00+00:00,P-003,LATAM,stripe,true,200,206
2026-06-15T06:00:00+00:00,P-003,LATAM,braintree,true,200,383
2026-06-15T06:00:00+00:00,P-003,LATAM,braintree,true,200,437
2026-06-15T06:00:00+00:00,P-003,LATAM,braintree,true,200,240
2026-06-15T06:00:00+00:00,P-003,LATAM,braintree,true,200,235
2026-06-15T06:00:00+00:00,P-003,LATAM,braintree,true,200,195
2026-06-15T06:00:00+00:00,P-003,LATAM,braintree,true,200,245
2026-06-15T06:00:00+00:00,P-003,LATAM,braintree,false,avs_mismatch,2473
2026-06-15T06:00:00+00:00,P-003,LATAM,braintree,true,200,332
2026-06-15T07:00:00+00:00,P-001,EU,stripe,true,200,476
2026-06-15T07:00:00+00:00,P-001,EU,stripe,true,200,324
2026-06-15T07:00:00+00:00,P-001,EU,stripe,true,200,455
2026-06-15T07:00:00+00:00,P-001,EU,stripe,true,200,174
2026-06-15T07:00:00+00:00,P-001,EU,stripe,true,200,232
2026-06-15T07:00:00+00:00,P-001,EU,stripe,true,200,476
2026-06-15T07:00:00+00:00,P-001,EU,stripe,true,200,145
2026-06-15T07:00:00+00:00,P-001,EU,stripe,true,200,182
2026-06-15T07:00:00+00:00,P-001,EU,braintree,true,200,357
2026-06-15T07:00:00+00:00,P-001,EU,braintree,true,200,406
2026-06-15T07:00:00+00:00,P-001,EU,braintree,true,200,346
2026-06-15T07:00:00+00:00,P-001,EU,braintree,true,200,378
2026-06-15T07:00:00+00:00,P-001,EU,braintree,true,200,400
2026-06-15T07:00:00+00:00,P-001,EU,braintree,true,200,201
2026-06-15T07:00:00+00:00,P-002,APAC,stripe,true,200,350
2026-06-15T07:00:00+00:00,P-002,APAC,stripe,true,200,246
2026-06-15T07:00:00+00:00,P-002,APAC,stripe,true,200,261
2026-06-15T07:00:00+00:00,P-002,APAC,stripe,true,200,386
2026-06-15T07:00:00+00:00,P-002,APAC,stripe,true,200,242
2026-06-15T07:00:00+00:00,P-002,APAC,stripe,true,200,159
2026-06-15T07:00:00+00:00,P-002,APAC,stripe,true,200,240
2026-06-15T07:00:00+00:00,P-002,APAC,stripe,true,200,283
2026-06-15T07:00:00+00:00,P-002,APAC,braintree,true,200,197
2026-06-15T07:00:00+00:00,P-002,APAC,braintree,true,200,475
2026-06-15T07:00:00+00:00,P-002,APAC,braintree,true,200,229
2026-06-15T07:00:00+00:00,P-002,APAC,braintree,true,200,328
2026-06-15T07:00:00+00:00,P-002,APAC,braintree,true,200,358
2026-06-15T07:00:00+00:00,P-002,APAC,braintree,true,200,225
2026-06-15T07:00:00+00:00,P-002,APAC,braintree,true,200,319
2026-06-15T07:00:00+00:00,P-003,LATAM,stripe,true,200,130
2026-06-15T07:00:00+00:00,P-003,LATAM,stripe,true,200,414
2026-06-15T07:00:00+00:00,P-003,LATAM,stripe,true,200,123
2026-06-15T07:00:00+00:00,P-003,LATAM,stripe,true,200,272
2026-06-15T07:00:00+00:00,P-003,LATAM,stripe,true,200,334
2026-06-15T07:00:00+00:00,P-003,LATAM,stripe,true,200,399
2026-06-15T07:00:00+00:00,P-003,LATAM,stripe,true,200,232
2026-06-15T07:00:00+00:00,P-003,LATAM,braintree,true,200,343
2026-06-15T07:00:00+00:00,P-003,LATAM,braintree,true,200,319
2026-06-15T07:00:00+00:00,P-003,LATAM,braintree,true,200,467
2026-06-15T07:00:00+00:00,P-003,LATAM,braintree,true,200,204
2026-06-15T07:00:00+00:00,P-003,LATAM,braintree,true,200,185
2026-06-15T07:00:00+00:00,P-003,LATAM,braintree,false,avs_mismatch,955
2026-06-15T08:00:00+00:00,P-001,EU,stripe,true,200,459
2026-06-15T08:00:00+00:00,P-001,EU,stripe,true,200,449
2026-06-15T08:00:00+00:00,P-001,EU,stripe,true,200,356
2026-06-15T08:00:00+00:00,P-001,EU,stripe,true,200,253
2026-06-15T08:00:00+00:00,P-001,EU,stripe,true,200,228
2026-06-15T08:00:00+00:00,P-001,EU,stripe,true,200,292
2026-06-15T08:00:00+00:00,P-001,EU,braintree,true,200,335
2026-06-15T08:00:00+00:00,P-001,EU,braintree,true,200,161
2026-06-15T08:00:00+00:00,P-001,EU,braintree,true,200,396
2026-06-15T08:00:00+00:00,P-001,EU,braintree,true,200,299
2026-06-15T08:00:00+00:00,P-001,EU,braintree,true,200,155
2026-06-15T08:00:00+00:00,P-001,EU,braintree,true,200,453
2026-06-15T08:00:00+00:00,P-002,APAC,stripe,true,200,246
2026-06-15T08:00:00+00:00,P-002,APAC,stripe,true,200,130
2026-06-15T08:00:00+00:00,P-002,APAC,stripe,true,200,242
2026-06-15T08:00:00+00:00,P-002,APAC,braintree,true,200,178
2026-06-15T08:00:00+00:00,P-002,APAC,braintree,true,200,231
2026-06-15T08:00:00+00:00,P-002,APAC,braintree,true,200,251
2026-06-15T08:00:00+00:00,P-002,APAC,braintree,true,200,205
2026-06-15T08:00:00+00:00,P-003,LATAM,stripe,true,200,178
2026-06-15T08:00:00+00:00,P-003,LATAM,stripe,true,200,203
2026-06-15T08:00:00+00:00,P-003,LATAM,stripe,false,card_declined,2085
2026-06-15T08:00:00+00:00,P-003,LATAM,stripe,true,200,279
2026-06-15T08:00:00+00:00,P-003,LATAM,stripe,true,200,312
2026-06-15T08:00:00+00:00,P-003,LATAM,stripe,true,200,221
2026-06-15T08:00:00+00:00,P-003,LATAM,stripe,true,200,473
2026-06-15T08:00:00+00:00,P-003,LATAM,braintree,true,200,476
2026-06-15T08:00:00+00:00,P-003,LATAM,braintree,true,200,470
2026-06-15T08:00:00+00:00,P-003,LATAM,braintree,true,200,181
2026-06-15T08:00:00+00:00,P-003,LATAM,braintree,true,200,409
2026-06-15T08:00:00+00:00,P-003,LATAM,braintree,true,200,297
2026-06-15T08:00:00+00:00,P-003,LATAM,braintree,true,200,458
2026-06-15T08:00:00+00:00,P-003,LATAM,braintree,true,200,379
2026-06-15T08:00:00+00:00,P-003,LATAM,braintree,true,200,126
2026-06-15T09:00:00+00:00,P-001,EU,stripe,true,200,174
2026-06-15T09:00:00+00:00,P-001,EU,stripe,true,200,305
2026-06-15T09:00:00+00:00,P-001,EU,stripe,true,200,355
2026-06-15T09:00:00+00:00,P-001,EU,stripe,true,200,342
2026-06-15T09:00:00+00:00,P-001,EU,stripe,true,200,387
2026-06-15T09:00:00+00:00,P-001,EU,stripe,false,insufficient_funds,2161
2026-06-15T09:00:00+00:00,P-001,EU,braintree,true,200,358
2026-06-15T09:00:00+00:00,P-001,EU,braintree,true,200,423
2026-06-15T09:00:00+00:00,P-001,EU,braintree,true,200,245
2026-06-15T09:00:00+00:00,P-001,EU,braintree,true,200,164
2026-06-15T09:00:00+00:00,P-001,EU,braintree,true,200,350
2026-06-15T09:00:00+00:00,P-001,EU,braintree,true,200,357
2026-06-15T09:00:00+00:00,P-001,EU,braintree,true,200,462
2026-06-15T09:00:00+00:00,P-002,APAC,stripe,true,200,373
2026-06-15T09:00:00+00:00,P-002,APAC,stripe,true,200,213
2026-06-15T09:00:00+00:00,P-002,APAC,stripe,true,200,301
2026-06-15T09:00:00+00:00,P-002,APAC,stripe,true,200,294
2026-06-15T09:00:00+00:00,P-002,APAC,stripe,true,200,425
2026-06-15T09:00:00+00:00,P-002,APAC,stripe,true,200,261
2026-06-15T09:00:00+00:00,P-002,APAC,braintree,true,200,217
2026-06-15T09:00:00+00:00,P-002,APAC,braintree,true,200,328
2026-06-15T09:00:00+00:00,P-002,APAC,braintree,true,200,243
2026-06-15T09:00:00+00:00,P-002,APAC,braintree,true,200,450
2026-06-15T09:00:00+00:00,P-002,APAC,braintree,true,200,349
2026-06-15T09:00:00+00:00,P-002,APAC,braintree,true,200,167
2026-06-15T09:00:00+00:00,P-002,APAC,braintree,true,200,327
2026-06-15T09:00:00+00:00,P-003,LATAM,stripe,true,200,459
2026-06-15T09:00:00+00:00,P-003,LATAM,stripe,true,200,362
2026-06-15T09:00:00+00:00,P-003,LATAM,stripe,true,200,296
2026-06-15T09:00:00+00:00,P-003,LATAM,stripe,true,200,401
2026-06-15T09:00:00+00:00,P-003,LATAM,stripe,true,200,479
2026-06-15T09:00:00+00:00,P-003,LATAM,stripe,true,200,276
2026-06-15T09:00:00+00:00,P-003,LATAM,stripe,true,200,181
2026-06-15T09:00:00+00:00,P-003,LATAM,stripe,true,200,281
2026-06-15T09:00:00+00:00,P-003,LATAM,braintree,true,200,473
2026-06-15T09:00:00+00:00,P-003,LATAM,braintree,true,200,230
2026-06-15T09:00:00+00:00,P-003,LATAM,braintree,true,200,261
2026-06-15T10:00:00+00:00,P-001,EU,stripe,true,200,388
2026-06-15T10:00:00+00:00,P-001,EU,stripe,true,200,171
2026-06-15T10:00:00+00:00,P-001,EU,stripe,true,200,271
2026-06-15T10:00:00+00:00,P-001,EU,stripe,true,200,211
2026-06-15T10:00:00+00:00,P-001,EU,stripe,true,200,393
2026-06-15T10:00:00+00:00,P-001,EU,stripe,true,200,143
2026-06-15T10:00:00+00:00,P-001,EU,stripe,false,3ds_failed,1498
2026-06-15T10:00:00+00:00,P-001,EU,stripe,true,200,184
2026-06-15T10:00:00+00:00,P-001,EU,braintree,true,200,371
2026-06-15T10:00:00+00:00,P-001,EU,braintree,true,200,126
2026-06-15T10:00:00+00:00,P-001,EU,braintree,true,200,360
2026-06-15T10:00:00+00:00,P-001,EU,braintree,true,200,294
2026-06-15T10:00:00+00:00,P-001,EU,braintree,true,200,146
2026-06-15T10:00:00+00:00,P-001,EU,braintree,true,200,364
2026-06-15T10:00:00+00:00,P-001,EU,braintree,true,200,153
2026-06-15T10:00:00+00:00,P-001,EU,braintree,true,200,157
2026-06-15T10:00:00+00:00,P-002,APAC,stripe,true,200,147
2026-06-15T10:00:00+00:00,P-002,APAC,stripe,true,200,408
2026-06-15T10:00:00+00:00,P-002,APAC,stripe,true,200,163
2026-06-15T10:00:00+00:00,P-002,APAC,stripe,false,card_declined,2042
2026-06-15T10:00:00+00:00,P-002,APAC,stripe,true,200,430
2026-06-15T10:00:00+00:00,P-002,APAC,stripe,true,200,436
2026-06-15T10:00:00+00:00,P-002,APAC,stripe,true,200,387
2026-06-15T10:00:00+00:00,P-002,APAC,braintree,true,200,346
2026-06-15T10:00:00+00:00,P-002,APAC,braintree,true,200,421
2026-06-15T10:00:00+00:00,P-002,APAC,braintree,false,gateway_unavailable,2064
2026-06-15T10:00:00+00:00,P-002,APAC,braintree,true,200,432
2026-06-15T10:00:00+00:00,P-002,APAC,braintree,false,processor_timeout,2462
2026-06-15T10:00:00+00:00,P-002,APAC,braintree,true,200,228
2026-06-15T10:00:00+00:00,P-003,LATAM,stripe,true,200,200
2026-06-15T10:00:00+00:00,P-003,LATAM,stripe,true,200,402
2026-06-15T10:00:00+00:00,P-003,LATAM,stripe,true,200,121
2026-06-15T10:00:00+00:00,P-003,LATAM,stripe,true,200,472
2026-06-15T10:00:00+00:00,P-003,LATAM,stripe,true,200,269
2026-06-15T10:00:00+00:00,P-003,LATAM,braintree,true,200,264
2026-06-15T10:00:00+00:00,P-003,LATAM,braintree,true,200,352
2026-06-15T10:00:00+00:00,P-003,LATAM,braintree,true,200,239
2026-06-15T11:00:00+00:00,P-001,EU,stripe,true,200,440
2026-06-15T11:00:00+00:00,P-001,EU,stripe,true,200,221
2026-06-15T11:00:00+00:00,P-001,EU,stripe,true,200,398
2026-06-15T11:00:00+00:00,P-001,EU,stripe,true,200,196
2026-06-15T11:00:00+00:00,P-001,EU,stripe,true,200,192
2026-06-15T11:00:00+00:00,P-001,EU,braintree,true,200,277
2026-06-15T11:00:00+00:00,P-001,EU,braintree,true,200,411
2026-06-15T11:00:00+00:00,P-001,EU,braintree,true,200,344
2026-06-15T11:00:00+00:00,P-002,APAC,stripe,true,200,275
2026-06-15T11:00:00+00:00,P-002,APAC,stripe,true,200,259
2026-06-15T11:00:00+00:00,P-002,APAC,stripe,true,200,372
2026-06-15T11:00:00+00:00,P-002,APAC,braintree,true,200,140
2026-06-15T11:00:00+00:00,P-002,APAC,braintree,true,200,285
2026-06-15T11:00:00+00:00,P-002,APAC,braintree,true,200,133
2026-06-15T11:00:00+00:00,P-002,APAC,braintree,true,200,465
2026-06-15T11:00:00+00:00,P-002,APAC,braintree,true,200,414
2026-06-15T11:00:00+00:00,P-002,APAC,braintree,true,200,130
2026-06-15T11:00:00+00:00,P-003,LATAM,stripe,true,200,415
2026-06-15T11:00:00+00:00,P-003,LATAM,stripe,true,200,209
2026-06-15T11:00:00+00:00,P-003,LATAM,stripe,true,200,453
2026-06-15T11:00:00+00:00,P-003,LATAM,stripe,true,200,262
2026-06-15T11:00:00+00:00,P-003,LATAM,stripe,true,200,419
2026-06-15T11:00:00+00:00,P-003,LATAM,stripe,true,200,371
2026-06-15T11:00:00+00:00,P-003,LATAM,stripe,false,insufficient_funds,1612
2026-06-15T11:00:00+00:00,P-003,LATAM,stripe,true,200,284
2026-06-15T11:00:00+00:00,P-003,LATAM,braintree,true,200,202
2026-06-15T11:00:00+00:00,P-003,LATAM,braintree,true,200,475
2026-06-15T11:00:00+00:00,P-003,LATAM,braintree,true,200,459
2026-06-15T11:00:00+00:00,P-003,LATAM,braintree,false,avs_mismatch,975
2026-06-15T11:00:00+00:00,P-003,LATAM,braintree,true,200,281
2026-06-15T11:00:00+00:00,P-003,LATAM,braintree,true,200,179
2026-06-15T11:00:00+00:00,P-003,LATAM,braintree,false,gateway_unavailable,1953
2026-06-15T11:00:00+00:00,P-003,LATAM,braintree,true,200,120
2026-06-15T12:00:00+00:00,P-001,EU,stripe,true,200,356
2026-06-15T12:00:00+00:00,P-001,EU,stripe,true,200,216
2026-06-15T12:00:00+00:00,P-001,EU,stripe,true,200,438
2026-06-15T12:00:00+00:00,P-001,EU,stripe,true,200,440
2026-06-15T12:00:00+00:00,P-001,EU,stripe,true,200,146
2026-06-15T12:00:00+00:00,P-001,EU,stripe,true,200,401
2026-06-15T12:00:00+00:00,P-001,EU,stripe,true,200,267
2026-06-15T12:00:00+00:00,P-001,EU,stripe,true,200,477
2026-06-15T12:00:00+00:00,P-001,EU,braintree,true,200,442
2026-06-15T12:00:00+00:00,P-001,EU,braintree,true,200,242
2026-06-15T12:00:00+00:00,P-001,EU,braintree,true,200,279
2026-06-15T12:00:00+00:00,P-001,EU,braintree,true,200,402
2026-06-15T12:00:00+00:00,P-001,EU,braintree,true,200,235
2026-06-15T12:00:00+00:00,P-001,EU,braintree,false,processor_timeout,1845
2026-06-15T12:00:00+00:00,P-002,APAC,stripe,true,200,198
2026-06-15T12:00:00+00:00,P-002,APAC,stripe,true,200,269
2026-06-15T12:00:00+00:00,P-002,APAC,stripe,true,200,259
2026-06-15T12:00:00+00:00,P-002,APAC,braintree,true,200,361
2026-06-15T12:00:00+00:00,P-002,APAC,braintree,true,200,402
2026-06-15T12:00:00+00:00,P-002,APAC,braintree,true,200,217
2026-06-15T12:00:00+00:00,P-002,APAC,braintree,true,200,380
2026-06-15T12:00:00+00:00,P-002,APAC,braintree,true,200,189
2026-06-15T12:00:00+00:00,P-002,APAC,braintree,true,200,261
2026-06-15T12:00:00+00:00,P-003,LATAM,stripe,true,200,379
2026-06-15T12:00:00+00:00,P-003,LATAM,stripe,true,200,121
2026-06-15T12:00:00+00:00,P-003,LATAM,stripe,true,200,272
2026-06-15T12:00:00+00:00,P-003,LATAM,stripe,true,200,416
2026-06-15T12:00:00+00:00,P-003,LATAM,stripe,false,insufficient_funds,1204
2026-06-15T12:00:00+00:00,P-003,LATAM,stripe,true,200,367
2026-06-15T12:00:00+00:00,P-003,LATAM,braintree,true,200,398
2026-06-15T12:00:00+00:00,P-003,LATAM,braintree,true,200,284
2026-06-15T12:00:00+00:00,P-003,LATAM,braintree,true,200,477
2026-06-15T12:00:00+00:00,P-003,LATAM,braintree,true,200,316
2026-06-15T12:00:00+00:00,P-003,LATAM,braintree,true,200,330
2026-06-15T13:00:00+00:00,P-001,EU,stripe,true,200,362
2026-06-15T13:00:00+00:00,P-001,EU,stripe,true,200,315
2026-06-15T13:00:00+00:00,P-001,EU,stripe,true,200,459
2026-06-15T13:00:00+00:00,P-001,EU,braintree,false,gateway_unavailable,975
2026-06-15T13:00:00+00:00,P-001,EU,braintree,true,200,422
2026-06-15T13:00:00+00:00,P-001,EU,braintree,true,200,171
2026-06-15T13:00:00+00:00,P-001,EU,braintree,true,200,345
2026-06-15T13:00:00+00:00,P-001,EU,braintree,true,200,353
2026-06-15T13:00:00+00:00,P-001,EU,braintree,true,200,193
2026-06-15T13:00:00+00:00,P-001,EU,braintree,true,200,455
2026-06-15T13:00:00+00:00,P-001,EU,braintree,false,processor_timeout,1861
2026-06-15T13:00:00+00:00,P-002,APAC,stripe,true,200,474
2026-06-15T13:00:00+00:00,P-002,APAC,stripe,true,200,161
2026-06-15T13:00:00+00:00,P-002,APAC,stripe,true,200,465
2026-06-15T13:00:00+00:00,P-002,APAC,stripe,true,200,314
2026-06-15T13:00:00+00:00,P-002,APAC,stripe,false,3ds_failed,2371
2026-06-15T13:00:00+00:00,P-002,APAC,braintree,true,200,138
2026-06-15T13:00:00+00:00,P-002,APAC,braintree,true,200,240
2026-06-15T13:00:00+00:00,P-002,APAC,braintree,true,200,267
2026-06-15T13:00:00+00:00,P-002,APAC,braintree,false,avs_mismatch,1085
2026-06-15T13:00:00+00:00,P-002,APAC,braintree,true,200,170
2026-06-15T13:00:00+00:00,P-002,APAC,braintree,true,200,480
2026-06-15T13:00:00+00:00,P-003,LATAM,stripe,true,200,475
2026-06-15T13:00:00+00:00,P-003,LATAM,stripe,true,200,134
2026-06-15T13:00:00+00:00,P-003,LATAM,stripe,true,200,148
2026-06-15T13:00:00+00:00,P-003,LATAM,braintree,true,200,340
2026-06-15T13:00:00+00:00,P-003,LATAM,braintree,true,200,391
2026-06-15T13:00:00+00:00,P-003,LATAM,braintree,true,200,469
2026-06-15T13:00:00+00:00,P-003,LATAM,braintree,true,200,207
2026-06-15T13:00:00+00:00,P-003,LATAM,braintree,true,200,432
2026-06-15T14:00:00+00:00,P-001,EU,stripe,true,200,243
2026-06-15T14:00:00+00:00,P-001,EU,stripe,true,200,418
2026-06-15T14:00:00+00:00,P-001,EU,stripe,true,200,356
2026-06-15T14:00:00+00:00,P-001,EU,stripe,true,200,355
2026-06-15T14:00:00+00:00,P-001,EU,stripe,true,200,124
2026-06-15T14:00:00+00:00,P-001,EU,stripe,true,200,358
2026-06-15T14:00:00+00:00,P-001,EU,braintree,true,200,200
2026-06-15T14:00:00+00:00,P-001,EU,braintree,true,200,296
2026-06-15T14:00:00+00:00,P-001,EU,braintree,false,gateway_unavailable,2208
2026-06-15T14:00:00+00:00,P-001,EU,braintree,false,avs_mismatch,1412
2026-06-15T14:00:00+00:00,P-001,EU,braintree,true,200,274
2026-06-15T14:00:00+00:00,P-002,APAC,stripe,false,insufficient_funds,1118
2026-06-15T14:00:00+00:00,P-002,APAC,stripe,true,200,412
2026-06-15T14:00:00+00:00,P-002,APAC,stripe,true,200,271
2026-06-15T14:00:00+00:00,P-002,APAC,stripe,false,insufficient_funds,944
2026-06-15T14:00:00+00:00,P-002,APAC,braintree,true,200,124
2026-06-15T14:00:00+00:00,P-002,APAC,braintree,true,200,471
2026-06-15T14:00:00+00:00,P-002,APAC,braintree,true,200,145
2026-06-15T14:00:00+00:00,P-002,APAC,braintree,true,200,374
2026-06-15T14:00:00+00:00,P-002,APAC,braintree,true,200,266
2026-06-15T14:00:00+00:00,P-002,APAC,braintree,true,200,237
2026-06-15T14:00:00+00:00,P-002,APAC,braintree,true,200,300
2026-06-15T14:00:00+00:00,P-002,APAC,braintree,true,200,217
2026-06-15T14:00:00+00:00,P-003,LATAM,stripe,true,200,457
2026-06-15T14:00:00+00:00,P-003,LATAM,stripe,true,200,190
2026-06-15T14:00:00+00:00,P-003,LATAM,stripe,true,200,441
2026-06-15T14:00:00+00:00,P-003,LATAM,stripe,true,200,278
2026-06-15T14:00:00+00:00,P-003,LATAM,stripe,true,200,137
2026-06-15T14:00:00+00:00,P-003,LATAM,stripe,true,200,187
2026-06-15T14:00:00+00:00,P-003,LATAM,stripe,true,200,271
2026-06-15T14:00:00+00:00,P-003,LATAM,braintree,true,200,209
2026-06-15T14:00:00+00:00,P-003,LATAM,braintree,true,200,396
2026-06-15T14:00:00+00:00,P-003,LATAM,braintree,true,200,307
2026-06-15T14:00:00+00:00,P-003,LATAM,braintree,true,200,259
2026-06-15T14:00:00+00:00,P-003,LATAM,braintree,true,200,251
2026-06-15T15:00:00+00:00,P-001,EU,stripe,false,insufficient_funds,2428
2026-06-15T15:00:00+00:00,P-001,EU,stripe,true,200,178
2026-06-15T15:00:00+00:00,P-001,EU,stripe,true,200,158
2026-06-15T15:00:00+00:00,P-001,EU,stripe,true,200,235
2026-06-15T15:00:00+00:00,P-001,EU,stripe,true,200,465
2026-06-15T15:00:00+00:00,P-001,EU,stripe,false,3ds_failed,1649
2026-06-15T15:00:00+00:00,P-001,EU,braintree,true,200,127
2026-06-15T15:00:00+00:00,P-001,EU,braintree,true,200,183
2026-06-15T15:00:00+00:00,P-001,EU,braintree,true,200,464
2026-06-15T15:00:00+00:00,P-002,APAC,stripe,true,200,419
2026-06-15T15:00:00+00:00,P-002,APAC,stripe,true,200,446
2026-06-15T15:00:00+00:00,P-002,APAC,stripe,true,200,175
2026-06-15T15:00:00+00:00,P-002,APAC,stripe,true,200,361
2026-06-15T15:00:00+00:00,P-002,APAC,stripe,true,200,407
2026-06-15T15:00:00+00:00,P-002,APAC,stripe,true,200,432
2026-06-15T15:00:00+00:00,P-002,APAC,stripe,true,200,152
2026-06-15T15:00:00+00:00,P-002,APAC,stripe,true,200,357
2026-06-15T15:00:00+00:00,P-002,APAC,braintree,true,200,329
2026-06-15T15:00:00+00:00,P-002,APAC,braintree,true,200,143
2026-06-15T15:00:00+00:00,P-002,APAC,braintree,false,gateway_unavailable,1908
2026-06-15T15:00:00+00:00,P-002,APAC,braintree,true,200,240
2026-06-15T15:00:00+00:00,P-002,APAC,braintree,true,200,189
2026-06-15T15:00:00+00:00,P-002,APAC,braintree,true,200,309
2026-06-15T15:00:00+00:00,P-002,APAC,braintree,true,200,476
2026-06-15T15:00:00+00:00,P-002,APAC,braintree,false,gateway_unavailable,2102
2026-06-15T15:00:00+00:00,P-003,LATAM,stripe,true,200,332
2026-06-15T15:00:00+00:00,P-003,LATAM,stripe,true,200,370
2026-06-15T15:00:00+00:00,P-003,LATAM,stripe,true,200,263
2026-06-15T15:00:00+00:00,P-003,LATAM,stripe,true,200,309
2026-06-15T15:00:00+00:00,P-003,LATAM,stripe,true,200,347
2026-06-15T15:00:00+00:00,P-003,LATAM,stripe,false,insufficient_funds,1103
2026-06-15T15:00:00+00:00,P-003,LATAM,stripe,false,insufficient_funds,2015
2026-06-15T15:00:00+00:00,P-003,LATAM,stripe,true,200,450
2026-06-15T15:00:00+00:00,P-003,LATAM,braintree,true,200,261
2026-06-15T15:00:00+00:00,P-003,LATAM,braintree,true,200,182
2026-06-15T15:00:00+00:00,P-003,LATAM,braintree,false,gateway_unavailable,1087
2026-06-15T15:00:00+00:00,P-003,LATAM,braintree,true,200,448
2026-06-15T15:00:00+00:00,P-003,LATAM,braintree,true,200,130
2026-06-15T16:00:00+00:00,P-001,EU,stripe,true,200,244
2026-06-15T16:00:00+00:00,P-001,EU,stripe,false,3ds_failed,1320
2026-06-15T16:00:00+00:00,P-001,EU,stripe,true,200,403
2026-06-15T16:00:00+00:00,P-001,EU,braintree,true,200,239
2026-06-15T16:00:00+00:00,P-001,EU,braintree,true,200,195
2026-06-15T16:00:00+00:00,P-001,EU,braintree,true,200,425
2026-06-15T16:00:00+00:00,P-001,EU,braintree,true,200,194
2026-06-15T16:00:00+00:00,P-002,APAC,stripe,true,200,209
2026-06-15T16:00:00+00:00,P-002,APAC,stripe,true,200,133
2026-06-15T16:00:00+00:00,P-002,APAC,stripe,true,200,303
2026-06-15T16:00:00+00:00,P-002,APAC,stripe,true,200,241
2026-06-15T16:00:00+00:00,P-002,APAC,braintree,true,200,209
2026-06-15T16:00:00+00:00,P-002,APAC,braintree,true,200,184
2026-06-15T16:00:00+00:00,P-002,APAC,braintree,true,200,389
2026-06-15T16:00:00+00:00,P-002,APAC,braintree,true,200,152
2026-06-15T16:00:00+00:00,P-002,APAC,braintree,true,200,305
2026-06-15T16:00:00+00:00,P-002,APAC,braintree,true,200,175
2026-06-15T16:00:00+00:00,P-002,APAC,braintree,true,200,233
2026-06-15T16:00:00+00:00,P-003,LATAM,stripe,true,200,457
2026-06-15T16:00:00+00:00,P-003,LATAM,stripe,true,200,354
2026-06-15T16:00:00+00:00,P-003,LATAM,stripe,true,200,135
2026-06-15T16:00:00+00:00,P-003,LATAM,stripe,true,200,365
2026-06-15T16:00:00+00:00,P-003,LATAM,stripe,true,200,338
2026-06-15T16:00:00+00:00,P-003,LATAM,stripe,true,200,371
2026-06-15T16:00:00+00:00,P-003,LATAM,stripe,true,200,347
2026-06-15T16:00:00+00:00,P-003,LATAM,braintree,true,200,284
2026-06-15T16:00:00+00:00,P-003,LATAM,braintree,true,200,153
2026-06-15T16:00:00+00:00,P-003,LATAM,braintree,true,200,439
2026-06-15T17:00:00+00:00,P-001,EU,stripe,true,200,286
2026-06-15T17:00:00+00:00,P-001,EU,stripe,true,200,425
2026-06-15T17:00:00+00:00,P-001,EU,stripe,true,200,352
2026-06-15T17:00:00+00:00,P-001,EU,stripe,true,200,340
2026-06-15T17:00:00+00:00,P-001,EU,stripe,true,200,479
2026-06-15T17:00:00+00:00,P-001,EU,stripe,true,200,455
2026-06-15T17:00:00+00:00,P-001,EU,stripe,true,200,402
2026-06-15T17:00:00+00:00,P-001,EU,stripe,true,200,230
2026-06-15T17:00:00+00:00,P-001,EU,braintree,true,200,236
2026-06-15T17:00:00+00:00,P-001,EU,braintree,true,200,352
2026-06-15T17:00:00+00:00,P-001,EU,braintree,true,200,168
2026-06-15T17:00:00+00:00,P-001,EU,braintree,true,200,280
2026-06-15T17:00:00+00:00,P-001,EU,braintree,true,200,311
2026-06-15T17:00:00+00:00,P-001,EU,braintree,false,avs_mismatch,1871
2026-06-15T17:00:00+00:00,P-002,APAC,stripe,true,200,163
2026-06-15T17:00:00+00:00,P-002,APAC,stripe,true,200,169
2026-06-15T17:00:00+00:00,P-002,APAC,stripe,true,200,310
2026-06-15T17:00:00+00:00,P-002,APAC,braintree,true,200,420
2026-06-15T17:00:00+00:00,P-002,APAC,braintree,false,avs_mismatch,1575
2026-06-15T17:00:00+00:00,P-002,APAC,braintree,true,200,330
2026-06-15T17:00:00+00:00,P-002,APAC,braintree,true,200,460
2026-06-15T17:00:00+00:00,P-003,LATAM,stripe,true,200,146
2026-06-15T17:00:00+00:00,P-003,LATAM,stripe,false,3ds_failed,1539
2026-06-15T17:00:00+00:00,P-003,LATAM,stripe,true,200,415
2026-06-15T17:00:00+00:00,P-003,LATAM,stripe,true,200,199
2026-06-15T17:00:00+00:00,P-003,LATAM,stripe,true,200,234
2026-06-15T17:00:00+00:00,P-003,LATAM,stripe,true,200,299
2026-06-15T17:00:00+00:00,P-003,LATAM,braintree,true,200,262
2026-06-15T17:00:00+00:00,P-003,LATAM,braintree,true,200,339
2026-06-15T17:00:00+00:00,P-003,LATAM,braintree,true,200,438
2026-06-15T17:00:00+00:00,P-003,LATAM,braintree,true,200,449
2026-06-15T17:00:00+00:00,P-003,LATAM,braintree,true,200,431
2026-06-15T17:00:00+00:00,P-003,LATAM,braintree,true,200,475
2026-06-15T17:00:00+00:00,P-003,LATAM,braintree,true,200,212
2026-06-15T18:00:00+00:00,P-001,EU,stripe,true,200,278
2026-06-15T18:00:00+00:00,P-001,EU,stripe,true,200,299
2026-06-15T18:00:00+00:00,P-001,EU,stripe,true,200,193
2026-06-15T18:00:00+00:00,P-001,EU,stripe,true,200,325
2026-06-15T18:00:00+00:00,P-001,EU,stripe,true,200,444
2026-06-15T18:00:00+00:00,P-001,EU,braintree,true,200,391
2026-06-15T18:00:00+00:00,P-001,EU,braintree,true,200,334
2026-06-15T18:00:00+00:00,P-001,EU,braintree,true,200,200
2026-06-15T18:00:00+00:00,P-002,APAC,stripe,true,200,286
2026-06-15T18:00:00+00:00,P-002,APAC,stripe,true,200,410
2026-06-15T18:00:00+00:00,P-002,APAC,stripe,true,200,146
2026-06-15T18:00:00+00:00,P-002,APAC,stripe,true,200,436
2026-06-15T18:00:00+00:00,P-002,APAC,stripe,true,200,161
2026-06-15T18:00:00+00:00,P-002,APAC,braintree,true,200,337
2026-06-15T18:00:00+00:00,P-002,APAC,braintree,true,200,346
2026-06-15T18:00:00+00:00,P-002,APAC,braintree,true,200,230
2026-06-15T18:00:00+00:00,P-002,APAC,braintree,true,200,178
2026-06-15T18:00:00+00:00,P-002,APAC,braintree,true,200,176
2026-06-15T18:00:00+00:00,P-003,LATAM,stripe,true,200,423
2026-06-15T18:00:00+00:00,P-003,LATAM,stripe,true,200,461
2026-06-15T18:00:00+00:00,P-003,LATAM,stripe,true,200,232
2026-06-15T18:00:00+00:00,P-003,LATAM,stripe,true,200,426
2026-06-15T18:00:00+00:00,P-003,LATAM,stripe,true,200,224
2026-06-15T18:00:00+00:00,P-003,LATAM,braintree,false,processor_timeout,2465
2026-06-15T18:00:00+00:00,P-003,LATAM,braintree,true,200,287
2026-06-15T18:00:00+00:00,P-003,LATAM,braintree,true,200,374
2026-06-15T18:00:00+00:00,P-003,LATAM,braintree,true,200,209
2026-06-15T18:00:00+00:00,P-003,LATAM,braintree,true,200,392
2026-06-15T19:00:00+00:00,P-001,EU,stripe,true,200,406
2026-06-15T19:00:00+00:00,P-001,EU,stripe,true,200,301
2026-06-15T19:00:00+00:00,P-001,EU,stripe,true,200,141
2026-06-15T19:00:00+00:00,P-001,EU,stripe,true,200,355
2026-06-15T19:00:00+00:00,P-001,EU,stripe,true,200,280
2026-06-15T19:00:00+00:00,P-001,EU,stripe,true,200,413
2026-06-15T19:00:00+00:00,P-001,EU,stripe,true,200,447
2026-06-15T19:00:00+00:00,P-001,EU,stripe,true,200,178
2026-06-15T19:00:00+00:00,P-001,EU,braintree,true,200,286
2026-06-15T19:00:00+00:00,P-001,EU,braintree,true,200,436
2026-06-15T19:00:00+00:00,P-001,EU,braintree,true,200,473
2026-06-15T19:00:00+00:00,P-001,EU,braintree,true,200,165
2026-06-15T19:00:00+00:00,P-001,EU,braintree,true,200,174
2026-06-15T19:00:00+00:00,P-001,EU,braintree,true,200,421
2026-06-15T19:00:00+00:00,P-002,APAC,stripe,true,200,322
2026-06-15T19:00:00+00:00,P-002,APAC,stripe,true,200,293
2026-06-15T19:00:00+00:00,P-002,APAC,stripe,true,200,206
2026-06-15T19:00:00+00:00,P-002,APAC,stripe,true,200,444
2026-06-15T19:00:00+00:00,P-002,APAC,stripe,true,200,381
2026-06-15T19:00:00+00:00,P-002,APAC,stripe,true,200,298
2026-06-15T19:00:00+00:00,P-002,APAC,braintree,true,200,450
2026-06-15T19:00:00+00:00,P-002,APAC,braintree,true,200,240
2026-06-15T19:00:00+00:00,P-002,APAC,braintree,true,200,251
2026-06-15T19:00:00+00:00,P-002,APAC,braintree,true,200,428
2026-06-15T19:00:00+00:00,P-002,APAC,braintree,true,200,455
2026-06-15T19:00:00+00:00,P-003,LATAM,stripe,true,200,441
2026-06-15T19:00:00+00:00,P-003,LATAM,stripe,true,200,408
2026-06-15T19:00:00+00:00,P-003,LATAM,stripe,true,200,349
2026-06-15T19:00:00+00:00,P-003,LATAM,braintree,true,200,409
2026-06-15T19:00:00+00:00,P-003,LATAM,braintree,true,200,439
2026-06-15T19:00:00+00:00,P-003,LATAM,braintree,true,200,441
2026-06-15T19:00:00+00:00,P-003,LATAM,braintree,true,200,345
2026-06-15T19:00:00+00:00,P-003,LATAM,braintree,true,200,346
2026-06-15T19:00:00+00:00,P-003,LATAM,braintree,true,200,260
2026-06-15T19:00:00+00:00,P-003,LATAM,braintree,true,200,300
2026-06-15T19:00:00+00:00,P-003,LATAM,braintree,true,200,278
2026-06-15T20:00:00+00:00,P-001,EU,stripe,true,200,149
2026-06-15T20:00:00+00:00,P-001,EU,stripe,true,200,266
2026-06-15T20:00:00+00:00,P-001,EU,stripe,true,200,166
2026-06-15T20:00:00+00:00,P-001,EU,stripe,true,200,379
2026-06-15T20:00:00+00:00,P-001,EU,stripe,true,200,417
2026-06-15T20:00:00+00:00,P-001,EU,stripe,true,200,141
2026-06-15T20:00:00+00:00,P-001,EU,braintree,true,200,412
2026-06-15T20:00:00+00:00,P-001,EU,braintree,true,200,284
2026-06-15T20:00:00+00:00,P-001,EU,braintree,true,200,376
2026-06-15T20:00:00+00:00,P-001,EU,braintree,true,200,151
2026-06-15T20:00:00+00:00,P-001,EU,braintree,true,200,295
2026-06-15T20:00:00+00:00,P-001,EU,braintree,false,processor_timeout,1933
2026-06-15T20:00:00+00:00,P-002,APAC,stripe,true,200,246
2026-06-15T20:00:00+00:00,P-002,APAC,stripe,true,200,344
2026-06-15T20:00:00+00:00,P-002,APAC,stripe,true,200,432
2026-06-15T20:00:00+00:00,P-002,APAC,stripe,true,200,310
2026-06-15T20:00:00+00:00,P-002,APAC,stripe,true,200,318
2026-06-15T20:00:00+00:00,P-002,APAC,stripe,true,200,293
2026-06-15T20:00:00+00:00,P-002,APAC,stripe,true,200,146
2026-06-15T20:00:00+00:00,P-002,APAC,stripe,true,200,451
2026-06-15T20:00:00+00:00,P-002,APAC,braintree,true,200,168
2026-06-15T20:00:00+00:00,P-002,APAC,braintree,true,200,317
2026-06-15T20:00:00+00:00,P-002,APAC,braintree,true,200,456
2026-06-15T20:00:00+00:00,P-002,APAC,braintree,false,avs_mismatch,1207
2026-06-15T20:00:00+00:00,P-002,APAC,braintree,true,200,418
2026-06-15T20:00:00+00:00,P-003,LATAM,stripe,true,200,299
2026-06-15T20:00:00+00:00,P-003,LATAM,stripe,true,200,455
2026-06-15T20:00:00+00:00,P-003,LATAM,stripe,true,200,320
2026-06-15T20:00:00+00:00,P-003,LATAM,stripe,true,200,163
2026-06-15T20:00:00+00:00,P-003,LATAM,stripe,true,200,312
2026-06-15T20:00:00+00:00,P-003,LATAM,stripe,true,200,288
2026-06-15T20:00:00+00:00,P-003,LATAM,stripe,true,200,463
2026-06-15T20:00:00+00:00,P-003,LATAM,stripe,true,200,470
2026-06-15T20:00:00+00:00,P-003,LATAM,braintree,true,200,463
2026-06-15T20:00:00+00:00,P-003,LATAM,braintree,true,200,305
2026-06-15T20:00:00+00:00,P-003,LATAM,braintree,true,200,278
2026-06-15T20:00:00+00:00,P-003,LATAM,braintree,true,200,229
2026-06-15T20:00:00+00:00,P-003,LATAM,braintree,true,200,368
2026-06-15T20:00:00+00:00,P-003,LATAM,braintree,true,200,190
2026-06-15T20:00:00+00:00,P-003,LATAM,braintree,true,200,271
2026-06-15T21:00:00+00:00,P-001,EU,stripe,true,200,396
2026-06-15T21:00:00+00:00,P-001,EU,stripe,true,200,389
2026-06-15T21:00:00+00:00,P-001,EU,stripe,true,200,292
2026-06-15T21:00:00+00:00,P-001,EU,braintree,true,200,312
2026-06-15T21:00:00+00:00,P-001,EU,braintree,true,200,212
2026-06-15T21:00:00+00:00,P-001,EU,braintree,true,200,439
2026-06-15T21:00:00+00:00,P-001,EU,braintree,true,200,204
2026-06-15T21:00:00+00:00,P-001,EU,braintree,true,200,142
2026-06-15T21:00:00+00:00,P-001,EU,braintree,true,200,466
2026-06-15T21:00:00+00:00,P-001,EU,braintree,true,200,347
2026-06-15T21:00:00+00:00,P-002,APAC,stripe,true,200,349
2026-06-15T21:00:00+00:00,P-002,APAC,stripe,true,200,242
2026-06-15T21:00:00+00:00,P-002,APAC,stripe,true,200,360
2026-06-15T21:00:00+00:00,P-002,APAC,stripe,true,200,219
2026-06-15T21:00:00+00:00,P-002,APAC,stripe,true,200,412
2026-06-15T21:00:00+00:00,P-002,APAC,stripe,false,insufficient_funds,2475
2026-06-15T21:00:00+00:00,P-002,APAC,stripe,true,200,315
2026-06-15T21:00:00+00:00,P-002,APAC,braintree,true,200,202
2026-06-15T21:00:00+00:00,P-002,APAC,braintree,true,200,429
2026-06-15T21:00:00+00:00,P-002,APAC,braintree,true,200,248
2026-06-15T21:00:00+00:00,P-002,APAC,braintree,true,200,366
2026-06-15T21:00:00+00:00,P-002,APAC,braintree,true,200,403
2026-06-15T21:00:00+00:00,P-002,APAC,braintree,false,avs_mismatch,1956
2026-06-15T21:00:00+00:00,P-002,APAC,braintree,true,200,265
2026-06-15T21:00:00+00:00,P-003,LATAM,stripe,true,200,259
2026-06-15T21:00:00+00:00,P-003,LATAM,stripe,true,200,382
2026-06-15T21:00:00+00:00,P-003,LATAM,stripe,true,200,343
2026-06-15T21:00:00+00:00,P-003,LATAM,braintree,false,processor_timeout,1823
2026-06-15T21:00:00+00:00,P-003,LATAM,braintree,true,200,133
2026-06-15T21:00:00+00:00,P-003,LATAM,braintree,true,200,322
2026-06-15T22:00:00+00:00,P-001,EU,stripe,true,200,317
2026-06-15T22:00:00+00:00,P-001,EU,stripe,false,insufficient_funds,1359
2026-06-15T22:00:00+00:00,P-001,EU,stripe,true,200,170
2026-06-15T22:00:00+00:00,P-001,EU,stripe,true,200,452
2026-06-15T22:00:00+00:00,P-001,EU,stripe,true,200,194
2026-06-15T22:00:00+00:00,P-001,EU,stripe,true,200,266
2026-06-15T22:00:00+00:00,P-001,EU,stripe,true,200,361
2026-06-15T22:00:00+00:00,P-001,EU,braintree,true,200,360
2026-06-15T22:00:00+00:00,P-001,EU,braintree,true,200,122
2026-06-15T22:00:00+00:00,P-001,EU,braintree,true,200,129
2026-06-15T22:00:00+00:00,P-001,EU,braintree,true,200,196
2026-06-15T22:00:00+00:00,P-001,EU,braintree,true,200,431
2026-06-15T22:00:00+00:00,P-001,EU,braintree,true,200,176
2026-06-15T22:00:00+00:00,P-001,EU,braintree,true,200,241
2026-06-15T22:00:00+00:00,P-001,EU,braintree,true,200,144
2026-06-15T22:00:00+00:00,P-002,APAC,stripe,true,200,438
2026-06-15T22:00:00+00:00,P-002,APAC,stripe,true,200,176
2026-06-15T22:00:00+00:00,P-002,APAC,stripe,true,200,375
2026-06-15T22:00:00+00:00,P-002,APAC,stripe,true,200,128
2026-06-15T22:00:00+00:00,P-002,APAC,braintree,true,200,243
2026-06-15T22:00:00+00:00,P-002,APAC,braintree,true,200,269
2026-06-15T22:00:00+00:00,P-002,APAC,braintree,true,200,434
2026-06-15T22:00:00+00:00,P-002,APAC,braintree,true,200,412
2026-06-15T22:00:00+00:00,P-002,APAC,braintree,true,200,460
2026-06-15T22:00:00+00:00,P-002,APAC,braintree,true,200,388
2026-06-15T22:00:00+00:00,P-002,APAC,braintree,false,processor_timeout,1977
2026-06-15T22:00:00+00:00,P-002,APAC,braintree,true,200,379
2026-06-15T22:00:00+00:00,P-003,LATAM,stripe,true,200,360
2026-06-15T22:00:00+00:00,P-003,LATAM,stripe,true,200,318
2026-06-15T22:00:00+00:00,P-003,LATAM,stripe,false,insufficient_funds,2430
2026-06-15T22:00:00+00:00,P-003,LATAM,stripe,true,200,154
2026-06-15T22:00:00+00:00,P-003,LATAM,stripe,true,200,456
2026-06-15T22:00:00+00:00,P-003,LATAM,stripe,true,200,417
2026-06-15T22:00:00+00:00,P-003,LATAM,stripe,true,200,290
2026-06-15T22:00:00+00:00,P-003,LATAM,braintree,true,200,399
2026-06-15T22:00:00+00:00,P-003,LATAM,braintree,true,200,449
2026-06-15T22:00:00+00:00,P-003,LATAM,braintree,true,200,470
2026-06-15T22:00:00+00:00,P-003,LATAM,braintree,true,200,476
2026-06-15T23:00:00+00:00,P-001,EU,stripe,true,200,189
2026-06-15T23:00:00+00:00,P-001,EU,stripe,true,200,354
2026-06-15T23:00:00+00:00,P-001,EU,stripe,true,200,223
2026-06-15T23:00:00+00:00,P-001,EU,stripe,true,200,222
2026-06-15T23:00:00+00:00,P-001,EU,stripe,true,200,281
2026-06-15T23:00:00+00:00,P-001,EU,stripe,true,200,383
2026-06-15T23:00:00+00:00,P-001,EU,braintree,false,avs_mismatch,1869
2026-06-15T23:00:00+00:00,P-001,EU,braintree,true,200,451
2026-06-15T23:00:00+00:00,P-001,EU,braintree,true,200,302
2026-06-15T23:00:00+00:00,P-001,EU,braintree,true,200,144
2026-06-15T23:00:00+00:00,P-001,EU,braintree,true,200,289
2026-06-15T23:00:00+00:00,P-001,EU,braintree,true,200,308
2026-06-15T23:00:00+00:00,P-002,APAC,stripe,true,200,345
2026-06-15T23:00:00+00:00,P-002,APAC,stripe,true,200,317
2026-06-15T23:00:00+00:00,P-002,APAC,stripe,true,200,215
2026-06-15T23:00:00+00:00,P-002,APAC,stripe,true,200,374
2026-06-15T23:00:00+00:00,P-002,APAC,stripe,true,200,385
2026-06-15T23:00:00+00:00,P-002,APAC,stripe,true,200,162
2026-06-15T23:00:00+00:00,P-002,APAC,braintree,true,200,340
2026-06-15T23:00:00+00:00,P-002,APAC,braintree,true,200,212
2026-06-15T23:00:00+00:00,P-002,APAC,braintree,true,200,284
2026-06-15T23:00:00+00:00,P-002,APAC,braintree,true,200,287
2026-06-15T23:00:00+00:00,P-002,APAC,braintree,true,200,276
2026-06-15T23:00:00+00:00,P-002,APAC,braintree,true,200,338
2026-06-15T23:00:00+00:00,P-002,APAC,braintree,true,200,347
2026-06-15T23:00:00+00:00,P-002,APAC,braintree,true,200,141
2026-06-15T23:00:00+00:00,P-003,LATAM,stripe,true,200,300
2026-06-15T23:00:00+00:00,P-003,LATAM,stripe,true,200,342
2026-06-15T23:00:00+00:00,P-003,LATAM,stripe,true,200,149
2026-06-15T23:00:00+00:00,P-003,LATAM,stripe,true,200,446
2026-06-15T23:00:00+00:00,P-003,LATAM,stripe,true,200,382
2026-06-15T23:00:00+00:00,P-003,LATAM,stripe,true,200,467
2026-06-15T23:00:00+00:00,P-003,LATAM,stripe,true,200,135
2026-06-15T23:00:00+00:00,P-003,LATAM,stripe,true,200,431
2026-06-15T23:00:00+00:00,P-003,LATAM,braintree,true,200,137
2026-06-15T23:00:00+00:00,P-003,LATAM,braintree,true,200,240
2026-06-15T23:00:00+00:00,P-003,LATAM,braintree,true,200,307
2026-06-15T23:00:00+00:00,P-003,LATAM,braintree,true,200,410
2026-06-15T23:00:00+00:00,P-003,LATAM,braintree,true,200,198
2026-06-15T23:00:00+00:00,P-003,LATAM,braintree,true,200,309
2026-06-15T23:00:00+00:00,P-003,LATAM,braintree,true,200,159
2026-06-15T23:00:00+00:00,P-003,LATAM,braintree,true,200,391
2026-06-16T00:00:00+00:00,P-001,EU,stripe,true,200,452
2026-06-16T00:00:00+00:00,P-001,EU,stripe,true,200,178
2026-06-16T00:00:00+00:00,P-001,EU,stripe,true,200,215
2026-06-16T00:00:00+00:00,P-001,EU,stripe,true,200,318
2026-06-16T00:00:00+00:00,P-001,EU,stripe,true,200,180
2026-06-16T00:00:00+00:00,P-001,EU,braintree,true,200,480
2026-06-16T00:00:00+00:00,P-001,EU,braintree,true,200,433
2026-06-16T00:00:00+00:00,P-001,EU,braintree,true,200,371
2026-06-16T00:00:00+00:00,P-001,EU,braintree,true,200,189
2026-06-16T00:00:00+00:00,P-001,EU,braintree,true,200,351
2026-06-16T00:00:00+00:00,P-002,APAC,stripe,true,200,347
2026-06-16T00:00:00+00:00,P-002,APAC,stripe,false,3ds_failed,1554
2026-06-16T00:00:00+00:00,P-002,APAC,stripe,true,200,153
2026-06-16T00:00:00+00:00,P-002,APAC,stripe,true,200,268
2026-06-16T00:00:00+00:00,P-002,APAC,braintree,true,200,478
2026-06-16T00:00:00+00:00,P-002,APAC,braintree,true,200,305
2026-06-16T00:00:00+00:00,P-002,APAC,braintree,true,200,182
2026-06-16T00:00:00+00:00,P-002,APAC,braintree,false,processor_timeout,1384
2026-06-16T00:00:00+00:00,P-002,APAC,braintree,true,200,133
2026-06-16T00:00:00+00:00,P-003,LATAM,stripe,true,200,308
2026-06-16T00:00:00+00:00,P-003,LATAM,stripe,true,200,402
2026-06-16T00:00:00+00:00,P-003,LATAM,stripe,true,200,164
2026-06-16T00:00:00+00:00,P-003,LATAM,stripe,true,200,323
2026-06-16T00:00:00+00:00,P-003,LATAM,stripe,false,3ds_failed,1880
2026-06-16T00:00:00+00:00,P-003,LATAM,braintree,true,200,329
2026-06-16T00:00:00+00:00,P-003,LATAM,braintree,true,200,157
2026-06-16T00:00:00+00:00,P-003,LATAM,braintree,true,200,282
2026-06-16T00:00:00+00:00,P-003,LATAM,braintree,true,200,350
2026-06-16T00:00:00+00:00,P-003,LATAM,braintree,true,200,384
2026-06-16T00:00:00+00:00,P-003,LATAM,braintree,true,200,402
2026-06-16T00:00:00+00:00,P-003,LATAM,braintree,true,200,213
2026-06-16T01:00:00+00:00,P-001,EU,stripe,true,200,148
2026-06-16T01:00:00+00:00,P-001,EU,stripe,true,200,385
2026-06-16T01:00:00+00:00,P-001,EU,stripe,true,200,204
2026-06-16T01:00:00+00:00,P-001,EU,stripe,true,200,235
2026-06-16T01:00:00+00:00,P-001,EU,braintree,false,avs_mismatch,1481
2026-06-16T01:00:00+00:00,P-001,EU,braintree,true,200,248
2026-06-16T01:00:00+00:00,P-001,EU,braintree,true,200,402
2026-06-16T01:00:00+00:00,P-001,EU,braintree,true,200,440
2026-06-16T01:00:00+00:00,P-001,EU,braintree,true,200,393
2026-06-16T01:00:00+00:00,P-002,APAC,stripe,true,200,206
2026-06-16T01:00:00+00:00,P-002,APAC,stripe,true,200,417
2026-06-16T01:00:00+00:00,P-002,APAC,stripe,true,200,457
2026-06-16T01:00:00+00:00,P-002,APAC,braintree,true,200,429
2026-06-16T01:00:00+00:00,P-002,APAC,braintree,true,200,408
2026-06-16T01:00:00+00:00,P-002,APAC,braintree,true,200,134
2026-06-16T01:00:00+00:00,P-002,APAC,braintree,true,200,448
2026-06-16T01:00:00+00:00,P-002,APAC,braintree,true,200,255
2026-06-16T01:00:00+00:00,P-002,APAC,braintree,true,200,412
2026-06-16T01:00:00+00:00,P-002,APAC,braintree,true,200,447
2026-06-16T01:00:00+00:00,P-003,LATAM,stripe,true,200,441
2026-06-16T01:00:00+00:00,P-003,LATAM,stripe,true,200,448
2026-06-16T01:00:00+00:00,P-003,LATAM,stripe,false,insufficient_funds,1401
2026-06-16T01:00:00+00:00,P-003,LATAM,braintree,true,200,352
2026-06-16T01:00:00+00:00,P-003,LATAM,braintree,true,200,150
2026-06-16T01:00:00+00:00,P-003,LATAM,braintree,true,200,332
2026-06-16T01:00:00+00:00,P-003,LATAM,braintree,true,200,224
2026-06-16T01:00:00+00:00,P-003,LATAM,braintree,true,200,193
2026-06-16T01:00:00+00:00,P-003,LATAM,braintree,true,200,283
2026-06-16T01:00:00+00:00,P-003,LATAM,braintree,true,200,296
2026-06-16T01:00:00+00:00,P-003,LATAM,braintree,false,processor_timeout,2457
2026-06-16T02:00:00+00:00,P-001,EU,stripe,true,200,174
2026-06-16T02:00:00+00:00,P-001,EU,stripe,true,200,358
2026-06-16T02:00:00+00:00,P-001,EU,stripe,true,200,350
2026-06-16T02:00:00+00:00,P-001,EU,stripe,true,200,169
2026-06-16T02:00:00+00:00,P-001,EU,stripe,true,200,316
2026-06-16T02:00:00+00:00,P-001,EU,braintree,true,200,201
2026-06-16T02:00:00+00:00,P-001,EU,braintree,true,200,415
2026-06-16T02:00:00+00:00,P-001,EU,braintree,true,200,217
2026-06-16T02:00:00+00:00,P-001,EU,braintree,true,200,375
2026-06-16T02:00:00+00:00,P-001,EU,braintree,false,gateway_unavailable,1921
2026-06-16T02:00:00+00:00,P-001,EU,braintree,true,200,374
2026-06-16T02:00:00+00:00,P-001,EU,braintree,true,200,321
2026-06-16T02:00:00+00:00,P-002,APAC,stripe,true,200,243
2026-06-16T02:00:00+00:00,P-002,APAC,stripe,true,200,300
2026-06-16T02:00:00+00:00,P-002,APAC,stripe,true,200,264
2026-06-16T02:00:00+00:00,P-002,APAC,stripe,true,200,454
2026-06-16T02:00:00+00:00,P-002,APAC,stripe,true,200,266
2026-06-16T02:00:00+00:00,P-002,APAC,stripe,true,200,175
2026-06-16T02:00:00+00:00,P-002,APAC,stripe,true,200,255
2026-06-16T02:00:00+00:00,P-002,APAC,braintree,true,200,326
2026-06-16T02:00:00+00:00,P-002,APAC,braintree,true,200,325
2026-06-16T02:00:00+00:00,P-002,APAC,braintree,true,200,407
2026-06-16T02:00:00+00:00,P-002,APAC,braintree,true,200,403
2026-06-16T02:00:00+00:00,P-002,APAC,braintree,true,200,317
2026-06-16T02:00:00+00:00,P-002,APAC,braintree,true,200,401
2026-06-16T02:00:00+00:00,P-002,APAC,braintree,true,200,439
2026-06-16T02:00:00+00:00,P-002,APAC,braintree,true,200,180
2026-06-16T02:00:00+00:00,P-003,LATAM,stripe,false,insufficient_funds,1664
2026-06-16T02:00:00+00:00,P-003,LATAM,stripe,true,200,293
2026-06-16T02:00:00+00:00,P-003,LATAM,stripe,true,200,307
2026-06-16T02:00:00+00:00,P-003,LATAM,stripe,true,200,221
2026-06-16T02:00:00+00:00,P-003,LATAM,braintree,true,200,376
2026-06-16T02:00:00+00:00,P-003,LATAM,braintree,true,200,139
2026-06-16T02:00:00+00:00,P-003,LATAM,braintree,true,200,290
2026-06-16T02:00:00+00:00,P-003,LATAM,braintree,true,200,385
2026-06-16T02:00:00+00:00,P-003,LATAM,braintree,true,200,430
2026-06-16T02:00:00+00:00,P-003,LATAM,braintree,true,200,191
2026-06-16T02:00:00+00:00,P-003,LATAM,braintree,true,200,433
2026-06-16T03:00:00+00:00,P-001,EU,stripe,true,200,435
2026-06-16T03:00:00+00:00,P-001,EU,stripe,true,200,273
2026-06-16T03:00:00+00:00,P-001,EU,stripe,true,200,379
2026-06-16T03:00:00+00:00,P-001,EU,stripe,true,200,392
2026-06-16T03:00:00+00:00,P-001,EU,stripe,true,200,408
2026-06-16T03:00:00+00:00,P-001,EU,braintree,true,200,128
2026-06-16T03:00:00+00:00,P-001,EU,braintree,true,200,464
2026-06-16T03:00:00+00:00,P-001,EU,braintree,true,200,333
2026-06-16T03:00:00+00:00,P-001,EU,braintree,true,200,472
2026-06-16T03:00:00+00:00,P-001,EU,braintree,true,200,425
2026-06-16T03:00:00+00:00,P-002,APAC,stripe,true,200,455
2026-06-16T03:00:00+00:00,P-002,APAC,stripe,true,200,416
2026-06-16T03:00:00+00:00,P-002,APAC,stripe,true,200,146
2026-06-16T03:00:00+00:00,P-002,APAC,stripe,true,200,207
2026-06-16T03:00:00+00:00,P-002,APAC,stripe,true,200,437
2026-06-16T03:00:00+00:00,P-002,APAC,stripe,true,200,314
2026-06-16T03:00:00+00:00,P-002,APAC,braintree,true,200,244
2026-06-16T03:00:00+00:00,P-002,APAC,braintree,true,200,478
2026-06-16T03:00:00+00:00,P-002,APAC,braintree,true,200,129
2026-06-16T03:00:00+00:00,P-002,APAC,braintree,true,200,334
2026-06-16T03:00:00+00:00,P-003,LATAM,stripe,true,200,224
2026-06-16T03:00:00+00:00,P-003,LATAM,stripe,true,200,433
2026-06-16T03:00:00+00:00,P-003,LATAM,stripe,true,200,151
2026-06-16T03:00:00+00:00,P-003,LATAM,stripe,true,200,385
2026-06-16T03:00:00+00:00,P-003,LATAM,braintree,true,200,459
2026-06-16T03:00:00+00:00,P-003,LATAM,braintree,true,200,312
2026-06-16T03:00:00+00:00,P-003,LATAM,braintree,true,200,208
2026-06-16T03:00:00+00:00,P-003,LATAM,braintree,true,200,392
2026-06-16T04:00:00+00:00,P-001,EU,stripe,true,200,466
2026-06-16T04:00:00+00:00,P-001,EU,stripe,true,200,468
2026-06-16T04:00:00+00:00,P-001,EU,stripe,true,200,474
2026-06-16T04:00:00+00:00,P-001,EU,stripe,true,200,367
2026-06-16T04:00:00+00:00,P-001,EU,stripe,true,200,246
2026-06-16T04:00:00+00:00,P-001,EU,braintree,true,200,235
2026-06-16T04:00:00+00:00,P-001,EU,braintree,false,gateway_unavailable,2479
2026-06-16T04:00:00+00:00,P-001,EU,braintree,true,200,226
2026-06-16T04:00:00+00:00,P-001,EU,braintree,true,200,370
2026-06-16T04:00:00+00:00,P-001,EU,braintree,true,200,298
2026-06-16T04:00:00+00:00,P-002,APAC,stripe,true,200,260
2026-06-16T04:00:00+00:00,P-002,APAC,stripe,true,200,413
2026-06-16T04:00:00+00:00,P-002,APAC,stripe,true,200,314
2026-06-16T04:00:00+00:00,P-002,APAC,stripe,true,200,322
2026-06-16T04:00:00+00:00,P-002,APAC,stripe,true,200,194
2026-06-16T04:00:00+00:00,P-002,APAC,stripe,true,200,267
2026-06-16T04:00:00+00:00,P-002,APAC,stripe,false,card_declined,1609
2026-06-16T04:00:00+00:00,P-002,APAC,braintree,true,200,365
2026-06-16T04:00:00+00:00,P-002,APAC,braintree,true,200,395
2026-06-16T04:00:00+00:00,P-002,APAC,braintree,true,200,407
2026-06-16T04:00:00+00:00,P-002,APAC,braintree,true,200,190
2026-06-16T04:00:00+00:00,P-002,APAC,braintree,true,200,420
2026-06-16T04:00:00+00:00,P-002,APAC,braintree,true,200,145
2026-06-16T04:00:00+00:00,P-003,LATAM,stripe,true,200,235
2026-06-16T04:00:00+00:00,P-003,LATAM,stripe,true,200,146
2026-06-16T04:00:00+00:00,P-003,LATAM,stripe,true,200,289
2026-06-16T04:00:00+00:00,P-003,LATAM,stripe,true,200,171
2026-06-16T04:00:00+00:00,P-003,LATAM,stripe,true,200,190
2026-06-16T04:00:00+00:00,P-003,LATAM,stripe,true,200,401
2026-06-16T04:00:00+00:00,P-003,LATAM,stripe,false,card_declined,1733
2026-06-16T04:00:00+00:00,P-003,LATAM,stripe,true,200,363
2026-06-16T04:00:00+00:00,P-003,LATAM,braintree,true,200,267
2026-06-16T04:00:00+00:00,P-003,LATAM,braintree,true,200,450
2026-06-16T04:00:00+00:00,P-003,LATAM,braintree,true,200,165
2026-06-16T04:00:00+00:00,P-003,LATAM,braintree,true,200,238
2026-06-16T04:00:00+00:00,P-003,LATAM,braintree,true,200,139
2026-06-16T04:00:00+00:00,P-003,LATAM,braintree,true,200,209
2026-06-16T05:00:00+00:00,P-001,EU,stripe,true,200,210
2026-06-16T05:00:00+00:00,P-001,EU,stripe,true,200,138
2026-06-16T05:00:00+00:00,P-001,EU,stripe,false,insufficient_funds,1914
2026-06-16T05:00:00+00:00,P-001,EU,stripe,true,200,268
2026-06-16T05:00:00+00:00,P-001,EU,stripe,true,200,124
2026-06-16T05:00:00+00:00,P-001,EU,stripe,true,200,428
2026-06-16T05:00:00+00:00,P-001,EU,braintree,true,200,291
2026-06-16T05:00:00+00:00,P-001,EU,braintree,true,200,448
2026-06-16T05:00:00+00:00,P-001,EU,braintree,true,200,372
2026-06-16T05:00:00+00:00,P-002,APAC,stripe,true,200,359
2026-06-16T05:00:00+00:00,P-002,APAC,stripe,true,200,177
2026-06-16T05:00:00+00:00,P-002,APAC,stripe,true,200,354
2026-06-16T05:00:00+00:00,P-002,APAC,stripe,true,200,215
2026-06-16T05:00:00+00:00,P-002,APAC,braintree,true,200,271
2026-06-16T05:00:00+00:00,P-002,APAC,braintree,true,200,218
2026-06-16T05:00:00+00:00,P-002,APAC,braintree,true,200,447
2026-06-16T05:00:00+00:00,P-003,LATAM,stripe,true,200,383
2026-06-16T05:00:00+00:00,P-003,LATAM,stripe,true,200,325
2026-06-16T05:00:00+00:00,P-003,LATAM,stripe,true,200,214
2026-06-16T05:00:00+00:00,P-003,LATAM,stripe,false,insufficient_funds,1562
2026-06-16T05:00:00+00:00,P-003,LATAM,stripe,true,200,123
2026-06-16T05:00:00+00:00,P-003,LATAM,stripe,true,200,240
2026-06-16T05:00:00+00:00,P-003,LATAM,braintree,true,200,288
2026-06-16T05:00:00+00:00,P-003,LATAM,braintree,true,200,413
2026-06-16T05:00:00+00:00,P-003,LATAM,braintree,true,200,454
2026-06-16T05:00:00+00:00,P-003,LATAM,braintree,true,200,240
2026-06-16T05:00:00+00:00,P-003,LATAM,braintree,true,200,180
2026-06-16T05:00:00+00:00,P-003,LATAM,braintree,true,200,201
2026-06-16T06:00:00+00:00,P-001,EU,stripe,true,200,480
2026-06-16T06:00:00+00:00,P-001,EU,stripe,true,200,473
2026-06-16T06:00:00+00:00,P-001,EU,stripe,true,200,271
2026-06-16T06:00:00+00:00,P-001,EU,stripe,true,200,233
2026-06-16T06:00:00+00:00,P-001,EU,stripe,true,200,188
2026-06-16T06:00:00+00:00,P-001,EU,stripe,true,200,352
2026-06-16T06:00:00+00:00,P-001,EU,braintree,false,gateway_unavailable,1751
2026-06-16T06:00:00+00:00,P-001,EU,braintree,true,200,361
2026-06-16T06:00:00+00:00,P-001,EU,braintree,true,200,460
2026-06-16T06:00:00+00:00,P-001,EU,braintree,true,200,246
2026-06-16T06:00:00+00:00,P-001,EU,braintree,true,200,425
2026-06-16T06:00:00+00:00,P-001,EU,braintree,true,200,161
2026-06-16T06:00:00+00:00,P-001,EU,braintree,true,200,390
2026-06-16T06:00:00+00:00,P-001,EU,braintree,true,200,159
2026-06-16T06:00:00+00:00,P-002,APAC,stripe,true,200,400
2026-06-16T06:00:00+00:00,P-002,APAC,stripe,true,200,223
2026-06-16T06:00:00+00:00,P-002,APAC,stripe,true,200,196
2026-06-16T06:00:00+00:00,P-002,APAC,stripe,true,200,386
2026-06-16T06:00:00+00:00,P-002,APAC,stripe,true,200,468
2026-06-16T06:00:00+00:00,P-002,APAC,stripe,true,200,418
2026-06-16T06:00:00+00:00,P-002,APAC,stripe,true,200,381
2026-06-16T06:00:00+00:00,P-002,APAC,braintree,true,200,352
2026-06-16T06:00:00+00:00,P-002,APAC,braintree,true,200,332
2026-06-16T06:00:00+00:00,P-002,APAC,braintree,true,200,149
2026-06-16T06:00:00+00:00,P-002,APAC,braintree,true,200,464
2026-06-16T06:00:00+00:00,P-002,APAC,braintree,true,200,131
2026-06-16T06:00:00+00:00,P-002,APAC,braintree,true,200,121
2026-06-16T06:00:00+00:00,P-003,LATAM,stripe,true,200,157
2026-06-16T06:00:00+00:00,P-003,LATAM,stripe,true,200,296
2026-06-16T06:00:00+00:00,P-003,LATAM,stripe,true,200,397
2026-06-16T06:00:00+00:00,P-003,LATAM,stripe,false,card_declined,1866
2026-06-16T06:00:00+00:00,P-003,LATAM,stripe,true,200,329
2026-06-16T06:00:00+00:00,P-003,LATAM,stripe,true,200,189
2026-06-16T06:00:00+00:00,P-003,LATAM,stripe,true,200,450
2026-06-16T06:00:00+00:00,P-003,LATAM,stripe,false,insufficient_funds,1683
2026-06-16T06:00:00+00:00,P-003,LATAM,braintree,true,200,313
2026-06-16T06:00:00+00:00,P-003,LATAM,braintree,true,200,469
2026-06-16T06:00:00+00:00,P-003,LATAM,braintree,false,avs_mismatch,1172
2026-06-16T06:00:00+00:00,P-003,LATAM,braintree,true,200,298
2026-06-16T06:00:00+00:00,P-003,LATAM,braintree,true,200,395
2026-06-16T06:00:00+00:00,P-003,LATAM,braintree,true,200,185
2026-06-16T07:00:00+00:00,P-001,EU,stripe,false,card_declined,2448
2026-06-16T07:00:00+00:00,P-001,EU,stripe,true,200,272
2026-06-16T07:00:00+00:00,P-001,EU,stripe,true,200,398
2026-06-16T07:00:00+00:00,P-001,EU,stripe,true,200,314
2026-06-16T07:00:00+00:00,P-001,EU,stripe,true,200,246
2026-06-16T07:00:00+00:00,P-001,EU,stripe,true,200,199
2026-06-16T07:00:00+00:00,P-001,EU,stripe,true,200,177
2026-06-16T07:00:00+00:00,P-001,EU,stripe,true,200,458
2026-06-16T07:00:00+00:00,P-001,EU,braintree,true,200,128
2026-06-16T07:00:00+00:00,P-001,EU,braintree,true,200,154
2026-06-16T07:00:00+00:00,P-001,EU,braintree,true,200,137
2026-06-16T07:00:00+00:00,P-001,EU,braintree,true,200,464
2026-06-16T07:00:00+00:00,P-001,EU,braintree,true,200,144
2026-06-16T07:00:00+00:00,P-001,EU,braintree,true,200,142
2026-06-16T07:00:00+00:00,P-002,APAC,stripe,true,200,396
2026-06-16T07:00:00+00:00,P-002,APAC,stripe,true,200,148
2026-06-16T07:00:00+00:00,P-002,APAC,stripe,true,200,268
2026-06-16T07:00:00+00:00,P-002,APAC,stripe,true,200,414
2026-06-16T07:00:00+00:00,P-002,APAC,stripe,true,200,426
2026-06-16T07:00:00+00:00,P-002,APAC,stripe,true,200,284
2026-06-16T07:00:00+00:00,P-002,APAC,braintree,true,200,193
2026-06-16T07:00:00+00:00,P-002,APAC,braintree,false,avs_mismatch,1352
2026-06-16T07:00:00+00:00,P-002,APAC,braintree,true,200,260
2026-06-16T07:00:00+00:00,P-002,APAC,braintree,true,200,422
2026-06-16T07:00:00+00:00,P-003,LATAM,stripe,true,200,440
2026-06-16T07:00:00+00:00,P-003,LATAM,stripe,true,200,404
2026-06-16T07:00:00+00:00,P-003,LATAM,stripe,true,200,296
2026-06-16T07:00:00+00:00,P-003,LATAM,stripe,true,200,463
2026-06-16T07:00:00+00:00,P-003,LATAM,stripe,true,200,388
2026-06-16T07:00:00+00:00,P-003,LATAM,stripe,true,200,333
2026-06-16T07:00:00+00:00,P-003,LATAM,stripe,true,200,273
2026-06-16T07:00:00+00:00,P-003,LATAM,stripe,true,200,395
2026-06-16T07:00:00+00:00,P-003,LATAM,braintree,true,200,235
2026-06-16T07:00:00+00:00,P-003,LATAM,braintree,true,200,193
2026-06-16T07:00:00+00:00,P-003,LATAM,braintree,true,200,149
2026-06-16T07:00:00+00:00,P-003,LATAM,braintree,true,200,333
2026-06-16T07:00:00+00:00,P-003,LATAM,braintree,true,200,188
2026-06-16T07:00:00+00:00,P-003,LATAM,braintree,true,200,250
2026-06-16T08:00:00+00:00,P-001,EU,stripe,true,200,160
2026-06-16T08:00:00+00:00,P-001,EU,stripe,true,200,309
2026-06-16T08:00:00+00:00,P-001,EU,stripe,true,200,217
2026-06-16T08:00:00+00:00,P-001,EU,stripe,true,200,313
2026-06-16T08:00:00+00:00,P-001,EU,braintree,true,200,140
2026-06-16T08:00:00+00:00,P-001,EU,braintree,true,200,216
2026-06-16T08:00:00+00:00,P-001,EU,braintree,true,200,420
2026-06-16T08:00:00+00:00,P-001,EU,braintree,true,200,406
2026-06-16T08:00:00+00:00,P-001,EU,braintree,true,200,226
2026-06-16T08:00:00+00:00,P-001,EU,braintree,true,200,290
2026-06-16T08:00:00+00:00,P-001,EU,braintree,true,200,127
2026-06-16T08:00:00+00:00,P-001,EU,braintree,true,200,217
2026-06-16T08:00:00+00:00,P-002,APAC,stripe,true,200,365
2026-06-16T08:00:00+00:00,P-002,APAC,stripe,true,200,476
2026-06-16T08:00:00+00:00,P-002,APAC,stripe,true,200,224
2026-06-16T08:00:00+00:00,P-002,APAC,stripe,true,200,242
2026-06-16T08:00:00+00:00,P-002,APAC,stripe,true,200,264
2026-06-16T08:00:00+00:00,P-002,APAC,stripe,true,200,393
2026-06-16T08:00:00+00:00,P-002,APAC,stripe,true,200,277
2026-06-16T08:00:00+00:00,P-002,APAC,stripe,true,200,382
2026-06-16T08:00:00+00:00,P-002,APAC,braintree,true,200,360
2026-06-16T08:00:00+00:00,P-002,APAC,braintree,true,200,283
2026-06-16T08:00:00+00:00,P-002,APAC,braintree,true,200,309
2026-06-16T08:00:00+00:00,P-002,APAC,braintree,true,200,143
2026-06-16T08:00:00+00:00,P-002,APAC,braintree,true,200,233
2026-06-16T08:00:00+00:00,P-002,APAC,braintree,true,200,128
2026-06-16T08:00:00+00:00,P-003,LATAM,stripe,true,200,419
2026-06-16T08:00:00+00:00,P-003,LATAM,stripe,true,200,333
2026-06-16T08:00:00+00:00,P-003,LATAM,stripe,true,200,220
2026-06-16T08:00:00+00:00,P-003,LATAM,stripe,true,200,314
2026-06-16T08:00:00+00:00,P-003,LATAM,stripe,true,200,245
2026-06-16T08:00:00+00:00,P-003,LATAM,braintree,true,200,470
2026-06-16T08:00:00+00:00,P-003,LATAM,braintree,true,200,370
2026-06-16T08:00:00+00:00,P-003,LATAM,braintree,false,avs_mismatch,2414
2026-06-16T08:00:00+00:00,P-003,LATAM,braintree,true,200,206
2026-06-16T08:00:00+00:00,P-003,LATAM,braintree,true,200,300
2026-06-16T08:00:00+00:00,P-003,LATAM,braintree,true,200,399
2026-06-16T09:00:00+00:00,P-001,EU,stripe,true,200,397
2026-06-16T09:00:00+00:00,P-001,EU,stripe,false,card_declined,1973
2026-06-16T09:00:00+00:00,P-001,EU,stripe,true,200,158
2026-06-16T09:00:00+00:00,P-001,EU,stripe,true,200,462
2026-06-16T09:00:00+00:00,P-001,EU,stripe,true,200,123
2026-06-16T09:00:00+00:00,P-001,EU,stripe,true,200,442
2026-06-16T09:00:00+00:00,P-001,EU,braintree,true,200,197
2026-06-16T09:00:00+00:00,P-001,EU,braintree,true,200,378
2026-06-16T09:00:00+00:00,P-001,EU,braintree,true,200,150
2026-06-16T09:00:00+00:00,P-001,EU,braintree,true,200,461
2026-06-16T09:00:00+00:00,P-002,APAC,stripe,true,200,457
2026-06-16T09:00:00+00:00,P-002,APAC,stripe,true,200,123
2026-06-16T09:00:00+00:00,P-002,APAC,stripe,true,200,330
2026-06-16T09:00:00+00:00,P-002,APAC,stripe,true,200,391
2026-06-16T09:00:00+00:00,P-002,APAC,stripe,true,200,394
2026-06-16T09:00:00+00:00,P-002,APAC,stripe,false,card_declined,1928
2026-06-16T09:00:00+00:00,P-002,APAC,stripe,true,200,465
2026-06-16T09:00:00+00:00,P-002,APAC,braintree,true,200,211
2026-06-16T09:00:00+00:00,P-002,APAC,braintree,true,200,169
2026-06-16T09:00:00+00:00,P-002,APAC,braintree,true,200,243
2026-06-16T09:00:00+00:00,P-002,APAC,braintree,true,200,389
2026-06-16T09:00:00+00:00,P-002,APAC,braintree,true,200,301
2026-06-16T09:00:00+00:00,P-002,APAC,braintree,true,200,323
2026-06-16T09:00:00+00:00,P-003,LATAM,stripe,true,200,327
2026-06-16T09:00:00+00:00,P-003,LATAM,stripe,true,200,244
2026-06-16T09:00:00+00:00,P-003,LATAM,stripe,false,card_declined,1514
2026-06-16T09:00:00+00:00,P-003,LATAM,braintree,true,200,161
2026-06-16T09:00:00+00:00,P-003,LATAM,braintree,true,200,452
2026-06-16T09:00:00+00:00,P-003,LATAM,braintree,true,200,167
2026-06-16T09:00:00+00:00,P-003,LATAM,braintree,true,200,313
2026-06-16T09:00:00+00:00,P-003,LATAM,braintree,true,200,148
2026-06-16T09:00:00+00:00,P-003,LATAM,braintree,true,200,479
2026-06-16T09:00:00+00:00,P-003,LATAM,braintree,true,200,375
2026-06-16T09:00:00+00:00,P-003,LATAM,braintree,true,200,450
2026-06-16T10:00:00+00:00,P-001,EU,stripe,true,200,168
2026-06-16T10:00:00+00:00,P-001,EU,stripe,true,200,141
2026-06-16T10:00:00+00:00,P-001,EU,stripe,true,200,474
2026-06-16T10:00:00+00:00,P-001,EU,stripe,true,200,363
2026-06-16T10:00:00+00:00,P-001,EU,stripe,true,200,158
2026-06-16T10:00:00+00:00,P-001,EU,braintree,true,200,398
2026-06-16T10:00:00+00:00,P-001,EU,braintree,true,200,136
2026-06-16T10:00:00+00:00,P-001,EU,braintree,true,200,281
2026-06-16T10:00:00+00:00,P-001,EU,braintree,true,200,226
2026-06-16T10:00:00+00:00,P-001,EU,braintree,true,200,323
2026-06-16T10:00:00+00:00,P-001,EU,braintree,true,200,273
2026-06-16T10:00:00+00:00,P-001,EU,braintree,true,200,243
2026-06-16T10:00:00+00:00,P-001,EU,braintree,true,200,319
2026-06-16T10:00:00+00:00,P-002,APAC,stripe,true,200,289
2026-06-16T10:00:00+00:00,P-002,APAC,stripe,true,200,191
2026-06-16T10:00:00+00:00,P-002,APAC,stripe,true,200,472
2026-06-16T10:00:00+00:00,P-002,APAC,stripe,true,200,376
2026-06-16T10:00:00+00:00,P-002,APAC,stripe,true,200,297
2026-06-16T10:00:00+00:00,P-002,APAC,stripe,true,200,343
2026-06-16T10:00:00+00:00,P-002,APAC,stripe,true,200,158
2026-06-16T10:00:00+00:00,P-002,APAC,stripe,true,200,434
2026-06-16T10:00:00+00:00,P-002,APAC,braintree,true,200,287
2026-06-16T10:00:00+00:00,P-002,APAC,braintree,true,200,259
2026-06-16T10:00:00+00:00,P-002,APAC,braintree,true,200,350
2026-06-16T10:00:00+00:00,P-002,APAC,braintree,true,200,302
2026-06-16T10:00:00+00:00,P-002,APAC,braintree,true,200,312
2026-06-16T10:00:00+00:00,P-002,APAC,braintree,true,200,468
2026-06-16T10:00:00+00:00,P-002,APAC,braintree,true,200,314
2026-06-16T10:00:00+00:00,P-003,LATAM,stripe,true,200,271
2026-06-16T10:00:00+00:00,P-003,LATAM,stripe,true,200,157
2026-06-16T10:00:00+00:00,P-003,LATAM,stripe,true,200,198
2026-06-16T10:00:00+00:00,P-003,LATAM,braintree,true,200,444
2026-06-16T10:00:00+00:00,P-003,LATAM,braintree,true,200,319
2026-06-16T10:00:00+00:00,P-003,LATAM,braintree,true,200,174
2026-06-16T10:00:00+00:00,P-003,LATAM,braintree,true,200,277
2026-06-16T10:00:00+00:00,P-003,LATAM,braintree,true,200,258
2026-06-16T10:00:00+00:00,P-003,LATAM,braintree,true,200,164
2026-06-16T11:00:00+00:00,P-001,EU,stripe,true,200,405
2026-06-16T11:00:00+00:00,P-001,EU,stripe,true,200,328
2026-06-16T11:00:00+00:00,P-001,EU,stripe,true,200,165
2026-06-16T11:00:00+00:00,P-001,EU,stripe,true,200,167
2026-06-16T11:00:00+00:00,P-001,EU,braintree,true,200,286
2026-06-16T11:00:00+00:00,P-001,EU,braintree,true,200,126
2026-06-16T11:00:00+00:00,P-001,EU,braintree,true,200,318
2026-06-16T11:00:00+00:00,P-001,EU,braintree,true,200,406
2026-06-16T11:00:00+00:00,P-001,EU,braintree,true,200,244
2026-06-16T11:00:00+00:00,P-001,EU,braintree,true,200,206
2026-06-16T11:00:00+00:00,P-001,EU,braintree,true,200,206
2026-06-16T11:00:00+00:00,P-002,APAC,stripe,true,200,257
2026-06-16T11:00:00+00:00,P-002,APAC,stripe,true,200,152
2026-06-16T11:00:00+00:00,P-002,APAC,stripe,true,200,261
2026-06-16T11:00:00+00:00,P-002,APAC,stripe,true,200,367
2026-06-16T11:00:00+00:00,P-002,APAC,braintree,true,200,246
2026-06-16T11:00:00+00:00,P-002,APAC,braintree,true,200,373
2026-06-16T11:00:00+00:00,P-002,APAC,braintree,true,200,220
2026-06-16T11:00:00+00:00,P-003,LATAM,stripe,true,200,275
2026-06-16T11:00:00+00:00,P-003,LATAM,stripe,true,200,322
2026-06-16T11:00:00+00:00,P-003,LATAM,stripe,true,200,437
2026-06-16T11:00:00+00:00,P-003,LATAM,stripe,true,200,288
2026-06-16T11:00:00+00:00,P-003,LATAM,stripe,true,200,340
2026-06-16T11:00:00+00:00,P-003,LATAM,stripe,true,200,453
2026-06-16T11:00:00+00:00,P-003,LATAM,braintree,true,200,284
2026-06-16T11:00:00+00:00,P-003,LATAM,braintree,true,200,475
2026-06-16T11:00:00+00:00,P-003,LATAM,braintree,true,200,280
2026-06-16T11:00:00+00:00,P-003,LATAM,braintree,true,200,323
2026-06-16T11:00:00+00:00,P-003,LATAM,braintree,false,gateway_unavailable,2405
2026-06-16T11:00:00+00:00,P-003,LATAM,braintree,true,200,371
2026-06-16T11:00:00+00:00,P-003,LATAM,braintree,false,processor_timeout,1567
2026-06-16T12:00:00+00:00,P-001,EU,stripe,true,200,321
2026-06-16T12:00:00+00:00,P-001,EU,stripe,true,200,408
2026-06-16T12:00:00+00:00,P-001,EU,stripe,true,200,399
2026-06-16T12:00:00+00:00,P-001,EU,stripe,true,200,401
2026-06-16T12:00:00+00:00,P-001,EU,stripe,true,200,356
2026-06-16T12:00:00+00:00,P-001,EU,stripe,true,200,227
2026-06-16T12:00:00+00:00,P-001,EU,braintree,true,200,474
2026-06-16T12:00:00+00:00,P-001,EU,braintree,true,200,329
2026-06-16T12:00:00+00:00,P-001,EU,braintree,true,200,191
2026-06-16T12:00:00+00:00,P-001,EU,braintree,true,200,243
2026-06-16T12:00:00+00:00,P-001,EU,braintree,true,200,198
2026-06-16T12:00:00+00:00,P-001,EU,braintree,true,200,313
2026-06-16T12:00:00+00:00,P-002,APAC,stripe,true,200,426
2026-06-16T12:00:00+00:00,P-002,APAC,stripe,true,200,325
2026-06-16T12:00:00+00:00,P-002,APAC,stripe,true,200,474
2026-06-16T12:00:00+00:00,P-002,APAC,braintree,true,200,304
2026-06-16T12:00:00+00:00,P-002,APAC,braintree,true,200,394
2026-06-16T12:00:00+00:00,P-002,APAC,braintree,true,200,163
2026-06-16T12:00:00+00:00,P-002,APAC,braintree,true,200,247
2026-06-16T12:00:00+00:00,P-002,APAC,braintree,true,200,301
2026-06-16T12:00:00+00:00,P-002,APAC,braintree,true,200,433
2026-06-16T12:00:00+00:00,P-003,LATAM,stripe,true,200,450
2026-06-16T12:00:00+00:00,P-003,LATAM,stripe,true,200,324
2026-06-16T12:00:00+00:00,P-003,LATAM,stripe,false,insufficient_funds,1781
2026-06-16T12:00:00+00:00,P-003,LATAM,braintree,true,200,252
2026-06-16T12:00:00+00:00,P-003,LATAM,braintree,true,200,385
2026-06-16T12:00:00+00:00,P-003,LATAM,braintree,true,200,472
2026-06-16T13:00:00+00:00,P-001,EU,stripe,true,200,311
2026-06-16T13:00:00+00:00,P-001,EU,stripe,true,200,467
2026-06-16T13:00:00+00:00,P-001,EU,stripe,true,200,376
2026-06-16T13:00:00+00:00,P-001,EU,stripe,true,200,132
2026-06-16T13:00:00+00:00,P-001,EU,stripe,true,200,271
2026-06-16T13:00:00+00:00,P-001,EU,stripe,true,200,163
2026-06-16T13:00:00+00:00,P-001,EU,stripe,true,200,192
2026-06-16T13:00:00+00:00,P-001,EU,braintree,true,200,353
2026-06-16T13:00:00+00:00,P-001,EU,braintree,true,200,386
2026-06-16T13:00:00+00:00,P-001,EU,braintree,true,200,363
2026-06-16T13:00:00+00:00,P-001,EU,braintree,true,200,476
2026-06-16T13:00:00+00:00,P-001,EU,braintree,true,200,154
2026-06-16T13:00:00+00:00,P-002,APAC,stripe,true,200,178
2026-06-16T13:00:00+00:00,P-002,APAC,stripe,true,200,295
2026-06-16T13:00:00+00:00,P-002,APAC,stripe,true,200,466
2026-06-16T13:00:00+00:00,P-002,APAC,stripe,true,200,244
2026-06-16T13:00:00+00:00,P-002,APAC,stripe,true,200,402
2026-06-16T13:00:00+00:00,P-002,APAC,braintree,true,200,338
2026-06-16T13:00:00+00:00,P-002,APAC,braintree,false,processor_timeout,1729
2026-06-16T13:00:00+00:00,P-002,APAC,braintree,true,200,215
2026-06-16T13:00:00+00:00,P-002,APAC,braintree,true,200,341
2026-06-16T13:00:00+00:00,P-003,LATAM,stripe,true,200,434
2026-06-16T13:00:00+00:00,P-003,LATAM,stripe,true,200,350
2026-06-16T13:00:00+00:00,P-003,LATAM,stripe,true,200,319
2026-06-16T13:00:00+00:00,P-003,LATAM,stripe,true,200,229
2026-06-16T13:00:00+00:00,P-003,LATAM,stripe,true,200,480
2026-06-16T13:00:00+00:00,P-003,LATAM,stripe,true,200,152
2026-06-16T13:00:00+00:00,P-003,LATAM,braintree,true,200,394
2026-06-16T13:00:00+00:00,P-003,LATAM,braintree,true,200,286
2026-06-16T13:00:00+00:00,P-003,LATAM,braintree,true,200,178
2026-06-16T13:00:00+00:00,P-003,LATAM,braintree,true,200,370
2026-06-16T13:00:00+00:00,P-003,LATAM,braintree,true,200,447
2026-06-16T13:00:00+00:00,P-003,LATAM,braintree,true,200,318
2026-06-16T13:00:00+00:00,P-003,LATAM,braintree,true,200,420
2026-06-16T14:00:00+00:00,P-001,EU,stripe,true,200,354
2026-06-16T14:00:00+00:00,P-001,EU,stripe,true,200,464
2026-06-16T14:00:00+00:00,P-001,EU,stripe,true,200,272
2026-06-16T14:00:00+00:00,P-001,EU,braintree,true,200,464
2026-06-16T14:00:00+00:00,P-001,EU,braintree,true,200,180
2026-06-16T14:00:00+00:00,P-001,EU,braintree,true,200,179
2026-06-16T14:00:00+00:00,P-001,EU,braintree,true,200,475
2026-06-16T14:00:00+00:00,P-001,EU,braintree,true,200,318
2026-06-16T14:00:00+00:00,P-001,EU,braintree,true,200,190
2026-06-16T14:00:00+00:00,P-001,EU,braintree,true,200,336
2026-06-16T14:00:00+00:00,P-002,APAC,stripe,true,200,395
2026-06-16T14:00:00+00:00,P-002,APAC,stripe,true,200,450
2026-06-16T14:00:00+00:00,P-002,APAC,stripe,true,200,208
2026-06-16T14:00:00+00:00,P-002,APAC,stripe,true,200,370
2026-06-16T14:00:00+00:00,P-002,APAC,braintree,true,200,281
2026-06-16T14:00:00+00:00,P-002,APAC,braintree,true,200,437
2026-06-16T14:00:00+00:00,P-002,APAC,braintree,true,200,303
2026-06-16T14:00:00+00:00,P-002,APAC,braintree,false,gateway_unavailable,1179
2026-06-16T14:00:00+00:00,P-002,APAC,braintree,true,200,316
2026-06-16T14:00:00+00:00,P-003,LATAM,stripe,true,200,373
2026-06-16T14:00:00+00:00,P-003,LATAM,stripe,true,200,371
2026-06-16T14:00:00+00:00,P-003,LATAM,stripe,true,200,347
2026-06-16T14:00:00+00:00,P-003,LATAM,stripe,true,200,162
2026-06-16T14:00:00+00:00,P-003,LATAM,stripe,true,200,232
2026-06-16T14:00:00+00:00,P-003,LATAM,stripe,true,200,260
2026-06-16T14:00:00+00:00,P-003,LATAM,stripe,true,200,267
2026-06-16T14:00:00+00:00,P-003,LATAM,braintree,true,200,409
2026-06-16T14:00:00+00:00,P-003,LATAM,braintree,true,200,373
2026-06-16T14:00:00+00:00,P-003,LATAM,braintree,true,200,177
2026-06-16T14:00:00+00:00,P-003,LATAM,braintree,true,200,257
2026-06-16T15:00:00+00:00,P-001,EU,stripe,true,200,307
2026-06-16T15:00:00+00:00,P-001,EU,stripe,true,200,141
2026-06-16T15:00:00+00:00,P-001,EU,stripe,true,200,345
2026-06-16T15:00:00+00:00,P-001,EU,stripe,true,200,337
2026-06-16T15:00:00+00:00,P-001,EU,stripe,true,200,454
2026-06-16T15:00:00+00:00,P-001,EU,stripe,true,200,272
2026-06-16T15:00:00+00:00,P-001,EU,stripe,true,200,136
2026-06-16T15:00:00+00:00,P-001,EU,braintree,true,200,164
2026-06-16T15:00:00+00:00,P-001,EU,braintree,true,200,180
2026-06-16T15:00:00+00:00,P-001,EU,braintree,true,200,241
2026-06-16T15:00:00+00:00,P-001,EU,braintree,true,200,421
2026-06-16T15:00:00+00:00,P-001,EU,braintree,true,200,432
2026-06-16T15:00:00+00:00,P-001,EU,braintree,true,200,204
2026-06-16T15:00:00+00:00,P-002,APAC,stripe,true,200,225
2026-06-16T15:00:00+00:00,P-002,APAC,stripe,true,200,150
2026-06-16T15:00:00+00:00,P-002,APAC,stripe,true,200,392
2026-06-16T15:00:00+00:00,P-002,APAC,stripe,true,200,395
2026-06-16T15:00:00+00:00,P-002,APAC,stripe,true,200,480
2026-06-16T15:00:00+00:00,P-002,APAC,stripe,true,200,413
2026-06-16T15:00:00+00:00,P-002,APAC,stripe,true,200,383
2026-06-16T15:00:00+00:00,P-002,APAC,braintree,true,200,189
2026-06-16T15:00:00+00:00,P-002,APAC,braintree,false,gateway_unavailable,1021
2026-06-16T15:00:00+00:00,P-002,APAC,braintree,false,avs_mismatch,1159
2026-06-16T15:00:00+00:00,P-002,APAC,braintree,true,200,187
2026-06-16T15:00:00+00:00,P-002,APAC,braintree,true,200,284
2026-06-16T15:00:00+00:00,P-002,APAC,braintree,true,200,466
2026-06-16T15:00:00+00:00,P-002,APAC,braintree,true,200,192
2026-06-16T15:00:00+00:00,P-002,APAC,braintree,true,200,257
2026-06-16T15:00:00+00:00,P-003,LATAM,stripe,true,200,351
2026-06-16T15:00:00+00:00,P-003,LATAM,stripe,true,200,167
2026-06-16T15:00:00+00:00,P-003,LATAM,stripe,true,200,262
2026-06-16T15:00:00+00:00,P-003,LATAM,stripe,true,200,308
2026-06-16T15:00:00+00:00,P-003,LATAM,stripe,true,200,369
2026-06-16T15:00:00+00:00,P-003,LATAM,stripe,true,200,121
2026-06-16T15:00:00+00:00,P-003,LATAM,stripe,true,200,167
2026-06-16T15:00:00+00:00,P-003,LATAM,stripe,true,200,354
2026-06-16T15:00:00+00:00,P-003,LATAM,braintree,true,200,303
2026-06-16T15:00:00+00:00,P-003,LATAM,braintree,true,200,393
2026-06-16T15:00:00+00:00,P-003,LATAM,braintree,true,200,339
2026-06-16T15:00:00+00:00,P-003,LATAM,braintree,true,200,373
2026-06-16T15:00:00+00:00,P-003,LATAM,braintree,true,200,265
2026-06-16T15:00:00+00:00,P-003,LATAM,braintree,true,200,415
2026-06-16T15:00:00+00:00,P-003,LATAM,braintree,true,200,368
2026-06-16T15:00:00+00:00,P-003,LATAM,braintree,true,200,469
2026-06-16T16:00:00+00:00,P-001,EU,stripe,true,200,440
2026-06-16T16:00:00+00:00,P-001,EU,stripe,true,200,355
2026-06-16T16:00:00+00:00,P-001,EU,stripe,true,200,200
2026-06-16T16:00:00+00:00,P-001,EU,braintree,true,200,339
2026-06-16T16:00:00+00:00,P-001,EU,braintree,true,200,472
2026-06-16T16:00:00+00:00,P-001,EU,braintree,true,200,452
2026-06-16T16:00:00+00:00,P-001,EU,braintree,true,200,260
2026-06-16T16:00:00+00:00,P-001,EU,braintree,true,200,304
2026-06-16T16:00:00+00:00,P-001,EU,braintree,true,200,310
2026-06-16T16:00:00+00:00,P-002,APAC,stripe,true,200,204
2026-06-16T16:00:00+00:00,P-002,APAC,stripe,true,200,440
2026-06-16T16:00:00+00:00,P-002,APAC,stripe,true,200,478
2026-06-16T16:00:00+00:00,P-002,APAC,stripe,true,200,339
2026-06-16T16:00:00+00:00,P-002,APAC,stripe,true,200,480
2026-06-16T16:00:00+00:00,P-002,APAC,stripe,true,200,229
2026-06-16T16:00:00+00:00,P-002,APAC,stripe,true,200,187
2026-06-16T16:00:00+00:00,P-002,APAC,stripe,true,200,385
2026-06-16T16:00:00+00:00,P-002,APAC,braintree,true,200,124
2026-06-16T16:00:00+00:00,P-002,APAC,braintree,true,200,181
2026-06-16T16:00:00+00:00,P-002,APAC,braintree,false,gateway_unavailable,2321
2026-06-16T16:00:00+00:00,P-002,APAC,braintree,true,200,156
2026-06-16T16:00:00+00:00,P-002,APAC,braintree,true,200,165
2026-06-16T16:00:00+00:00,P-002,APAC,braintree,true,200,172
2026-06-16T16:00:00+00:00,P-002,APAC,braintree,true,200,308
2026-06-16T16:00:00+00:00,P-002,APAC,braintree,true,200,190
2026-06-16T16:00:00+00:00,P-003,LATAM,stripe,true,200,188
2026-06-16T16:00:00+00:00,P-003,LATAM,stripe,true,200,466
2026-06-16T16:00:00+00:00,P-003,LATAM,stripe,true,200,391
2026-06-16T16:00:00+00:00,P-003,LATAM,stripe,true,200,432
2026-06-16T16:00:00+00:00,P-003,LATAM,stripe,true,200,345
2026-06-16T16:00:00+00:00,P-003,LATAM,stripe,true,200,229
2026-06-16T16:00:00+00:00,P-003,LATAM,braintree,true,200,330
2026-06-16T16:00:00+00:00,P-003,LATAM,braintree,true,200,346
2026-06-16T16:00:00+00:00,P-003,LATAM,braintree,true,200,164
2026-06-16T16:00:00+00:00,P-003,LATAM,braintree,true,200,191
2026-06-16T16:00:00+00:00,P-003,LATAM,braintree,true,200,421
2026-06-16T16:00:00+00:00,P-003,LATAM,braintree,true,200,299
2026-06-16T16:00:00+00:00,P-003,LATAM,braintree,false,gateway_unavailable,1186
2026-06-16T16:00:00+00:00,P-003,LATAM,braintree,true,200,450
2026-06-16T17:00:00+00:00,P-001,EU,stripe,true,200,427
2026-06-16T17:00:00+00:00,P-001,EU,stripe,true,200,431
2026-06-16T17:00:00+00:00,P-001,EU,stripe,true,200,473
2026-06-16T17:00:00+00:00,P-001,EU,braintree,true,200,457
2026-06-16T17:00:00+00:00,P-001,EU,braintree,true,200,225
2026-06-16T17:00:00+00:00,P-001,EU,braintree,true,200,380
2026-06-16T17:00:00+00:00,P-002,APAC,stripe,true,200,271
2026-06-16T17:00:00+00:00,P-002,APAC,stripe,true,200,242
2026-06-16T17:00:00+00:00,P-002,APAC,stripe,true,200,177
2026-06-16T17:00:00+00:00,P-002,APAC,stripe,true,200,446
2026-06-16T17:00:00+00:00,P-002,APAC,braintree,true,200,126
2026-06-16T17:00:00+00:00,P-002,APAC,braintree,false,gateway_unavailable,1170
2026-06-16T17:00:00+00:00,P-002,APAC,braintree,true,200,411
2026-06-16T17:00:00+00:00,P-002,APAC,braintree,true,200,399
2026-06-16T17:00:00+00:00,P-002,APAC,braintree,true,200,361
2026-06-16T17:00:00+00:00,P-002,APAC,braintree,false,processor_timeout,934
2026-06-16T17:00:00+00:00,P-002,APAC,braintree,true,200,127
2026-06-16T17:00:00+00:00,P-003,LATAM,stripe,true,200,150
2026-06-16T17:00:00+00:00,P-003,LATAM,stripe,true,200,323
2026-06-16T17:00:00+00:00,P-003,LATAM,stripe,true,200,441
2026-06-16T17:00:00+00:00,P-003,LATAM,stripe,true,200,332
2026-06-16T17:00:00+00:00,P-003,LATAM,stripe,true,200,325
2026-06-16T17:00:00+00:00,P-003,LATAM,braintree,true,200,395
2026-06-16T17:00:00+00:00,P-003,LATAM,braintree,true,200,262
2026-06-16T17:00:00+00:00,P-003,LATAM,braintree,true,200,160
2026-06-16T18:00:00+00:00,P-001,EU,stripe,true,200,199
2026-06-16T18:00:00+00:00,P-001,EU,stripe,true,200,320
2026-06-16T18:00:00+00:00,P-001,EU,stripe,true,200,452
2026-06-16T18:00:00+00:00,P-001,EU,stripe,true,200,153
2026-06-16T18:00:00+00:00,P-001,EU,stripe,true,200,343
2026-06-16T18:00:00+00:00,P-001,EU,stripe,true,200,242
2026-06-16T18:00:00+00:00,P-001,EU,stripe,true,200,164
2026-06-16T18:00:00+00:00,P-001,EU,braintree,true,200,433
2026-06-16T18:00:00+00:00,P-001,EU,braintree,true,200,278
2026-06-16T18:00:00+00:00,P-001,EU,braintree,true,200,456
2026-06-16T18:00:00+00:00,P-001,EU,braintree,true,200,181
2026-06-16T18:00:00+00:00,P-001,EU,braintree,true,200,190
2026-06-16T18:00:00+00:00,P-001,EU,braintree,true,200,203
2026-06-16T18:00:00+00:00,P-002,APAC,stripe,false,3ds_failed,1959
2026-06-16T18:00:00+00:00,P-002,APAC,stripe,true,200,252
2026-06-16T18:00:00+00:00,P-002,APAC,stripe,true,200,184
2026-06-16T18:00:00+00:00,P-002,APAC,stripe,true,200,257
2026-06-16T18:00:00+00:00,P-002,APAC,stripe,true,200,180
2026-06-16T18:00:00+00:00,P-002,APAC,stripe,true,200,135
2026-06-16T18:00:00+00:00,P-002,APAC,braintree,true,200,259
2026-06-16T18:00:00+00:00,P-002,APAC,braintree,true,200,254
2026-06-16T18:00:00+00:00,P-002,APAC,braintree,true,200,415
2026-06-16T18:00:00+00:00,P-002,APAC,braintree,true,200,374
2026-06-16T18:00:00+00:00,P-002,APAC,braintree,true,200,304
2026-06-16T18:00:00+00:00,P-003,LATAM,stripe,true,200,410
2026-06-16T18:00:00+00:00,P-003,LATAM,stripe,true,200,200
2026-06-16T18:00:00+00:00,P-003,LATAM,stripe,true,200,172
2026-06-16T18:00:00+00:00,P-003,LATAM,braintree,true,200,179
2026-06-16T18:00:00+00:00,P-003,LATAM,braintree,true,200,380
2026-06-16T18:00:00+00:00,P-003,LATAM,braintree,true,200,126
2026-06-16T18:00:00+00:00,P-003,LATAM,braintree,true,200,361
2026-06-16T18:00:00+00:00,P-003,LATAM,braintree,true,200,196
2026-06-16T18:00:00+00:00,P-003,LATAM,braintree,true,200,138
2026-06-16T18:00:00+00:00,P-003,LATAM,braintree,true,200,455
2026-06-16T19:00:00+00:00,P-001,EU,stripe,true,200,247
2026-06-16T19:00:00+00:00,P-001,EU,stripe,true,200,283
2026-06-16T19:00:00+00:00,P-001,EU,stripe,true,200,159
2026-06-16T19:00:00+00:00,P-001,EU,stripe,true,200,181
2026-06-16T19:00:00+00:00,P-001,EU,stripe,true,200,146
2026-06-16T19:00:00+00:00,P-001,EU,stripe,true,200,384
2026-06-16T19:00:00+00:00,P-001,EU,braintree,false,processor_timeout,1852
2026-06-16T19:00:00+00:00,P-001,EU,braintree,true,200,279
2026-06-16T19:00:00+00:00,P-001,EU,braintree,true,200,403
2026-06-16T19:00:00+00:00,P-002,APAC,stripe,true,200,222
2026-06-16T19:00:00+00:00,P-002,APAC,stripe,true,200,275
2026-06-16T19:00:00+00:00,P-002,APAC,stripe,true,200,244
2026-06-16T19:00:00+00:00,P-002,APAC,stripe,true,200,422
2026-06-16T19:00:00+00:00,P-002,APAC,stripe,false,card_declined,2400
2026-06-16T19:00:00+00:00,P-002,APAC,stripe,true,200,245
2026-06-16T19:00:00+00:00,P-002,APAC,braintree,true,200,329
2026-06-16T19:00:00+00:00,P-002,APAC,braintree,true,200,397
2026-06-16T19:00:00+00:00,P-002,APAC,braintree,true,200,475
2026-06-16T19:00:00+00:00,P-002,APAC,braintree,true,200,291
2026-06-16T19:00:00+00:00,P-003,LATAM,stripe,true,200,312
2026-06-16T19:00:00+00:00,P-003,LATAM,stripe,true,200,277
2026-06-16T19:00:00+00:00,P-003,LATAM,stripe,true,200,391
2026-06-16T19:00:00+00:00,P-003,LATAM,braintree,true,200,150
2026-06-16T19:00:00+00:00,P-003,LATAM,braintree,false,processor_timeout,2357
2026-06-16T19:00:00+00:00,P-003,LATAM,braintree,true,200,142
2026-06-16T19:00:00+00:00,P-003,LATAM,braintree,true,200,386
2026-06-16T20:00:00+00:00,P-001,EU,stripe,true,200,310
2026-06-16T20:00:00+00:00,P-001,EU,stripe,true,200,163
2026-06-16T20:00:00+00:00,P-001,EU,stripe,true,200,378
2026-06-16T20:00:00+00:00,P-001,EU,stripe,true,200,321
2026-06-16T20:00:00+00:00,P-001,EU,stripe,true,200,410
2026-06-16T20:00:00+00:00,P-001,EU,stripe,true,200,459
2026-06-16T20:00:00+00:00,P-001,EU,braintree,true,200,253
2026-06-16T20:00:00+00:00,P-001,EU,braintree,true,200,321
2026-06-16T20:00:00+00:00,P-001,EU,braintree,true,200,287
2026-06-16T20:00:00+00:00,P-001,EU,braintree,true,200,259
2026-06-16T20:00:00+00:00,P-002,APAC,stripe,true,200,223
2026-06-16T20:00:00+00:00,P-002,APAC,stripe,true,200,419
2026-06-16T20:00:00+00:00,P-002,APAC,stripe,true,200,174
2026-06-16T20:00:00+00:00,P-002,APAC,stripe,true,200,358
2026-06-16T20:00:00+00:00,P-002,APAC,braintree,true,200,394
2026-06-16T20:00:00+00:00,P-002,APAC,braintree,true,200,226
2026-06-16T20:00:00+00:00,P-002,APAC,braintree,true,200,357
2026-06-16T20:00:00+00:00,P-002,APAC,braintree,true,200,181
2026-06-16T20:00:00+00:00,P-002,APAC,braintree,true,200,471
2026-06-16T20:00:00+00:00,P-003,LATAM,stripe,true,200,476
2026-06-16T20:00:00+00:00,P-003,LATAM,stripe,true,200,230
2026-06-16T20:00:00+00:00,P-003,LATAM,stripe,true,200,287
2026-06-16T20:00:00+00:00,P-003,LATAM,stripe,true,200,247
2026-06-16T20:00:00+00:00,P-003,LATAM,stripe,false,insufficient_funds,1951
2026-06-16T20:00:00+00:00,P-003,LATAM,braintree,true,200,253
2026-06-16T20:00:00+00:00,P-003,LATAM,braintree,true,200,209
2026-06-16T20:00:00+00:00,P-003,LATAM,braintree,true,200,327
2026-06-16T21:00:00+00:00,P-001,EU,stripe,true,200,401
2026-06-16T21:00:00+00:00,P-001,EU,stripe,true,200,356
2026-06-16T21:00:00+00:00,P-001,EU,stripe,true,200,191
2026-06-16T21:00:00+00:00,P-001,EU,stripe,true,200,151
2026-06-16T21:00:00+00:00,P-001,EU,stripe,true,200,233
2026-06-16T21:00:00+00:00,P-001,EU,stripe,true,200,325
2026-06-16T21:00:00+00:00,P-001,EU,braintree,true,200,450
2026-06-16T21:00:00+00:00,P-001,EU,braintree,true,200,420
2026-06-16T21:00:00+00:00,P-001,EU,braintree,true,200,158
2026-06-16T21:00:00+00:00,P-001,EU,braintree,true,200,153
2026-06-16T21:00:00+00:00,P-001,EU,braintree,true,200,450
2026-06-16T21:00:00+00:00,P-002,APAC,stripe,true,200,167
2026-06-16T21:00:00+00:00,P-002,APAC,stripe,true,200,289
2026-06-16T21:00:00+00:00,P-002,APAC,stripe,true,200,356
2026-06-16T21:00:00+00:00,P-002,APAC,stripe,true,200,413
2026-06-16T21:00:00+00:00,P-002,APAC,stripe,true,200,322
2026-06-16T21:00:00+00:00,P-002,APAC,stripe,true,200,315
2026-06-16T21:00:00+00:00,P-002,APAC,braintree,true,200,301
2026-06-16T21:00:00+00:00,P-002,APAC,braintree,true,200,215
2026-06-16T21:00:00+00:00,P-002,APAC,braintree,true,200,348
2026-06-16T21:00:00+00:00,P-002,APAC,braintree,true,200,137
2026-06-16T21:00:00+00:00,P-002,APAC,braintree,true,200,435
2026-06-16T21:00:00+00:00,P-002,APAC,braintree,true,200,271
2026-06-16T21:00:00+00:00,P-002,APAC,braintree,true,200,401
2026-06-16T21:00:00+00:00,P-002,APAC,braintree,true,200,164
2026-06-16T21:00:00+00:00,P-003,LATAM,stripe,true,200,334
2026-06-16T21:00:00+00:00,P-003,LATAM,stripe,true,200,389
2026-06-16T21:00:00+00:00,P-003,LATAM,stripe,true,200,398
2026-06-16T21:00:00+00:00,P-003,LATAM,stripe,true,200,315
2026-06-16T21:00:00+00:00,P-003,LATAM,stripe,true,200,303
2026-06-16T21:00:00+00:00,P-003,LATAM,braintree,true,200,368
2026-06-16T21:00:00+00:00,P-003,LATAM,braintree,true,200,409
2026-06-16T21:00:00+00:00,P-003,LATAM,braintree,true,200,318
2026-06-16T21:00:00+00:00,P-003,LATAM,braintree,true,200,133
2026-06-16T21:00:00+00:00,P-003,LATAM,braintree,true,200,232
2026-06-16T21:00:00+00:00,P-003,LATAM,braintree,true,200,263
2026-06-16T22:00:00+00:00,P-001,EU,stripe,true,200,361
2026-06-16T22:00:00+00:00,P-001,EU,stripe,true,200,419
2026-06-16T22:00:00+00:00,P-001,EU,stripe,false,card_declined,1105
2026-06-16T22:00:00+00:00,P-001,EU,braintree,true,200,256
2026-06-16T22:00:00+00:00,P-001,EU,braintree,true,200,148
2026-06-16T22:00:00+00:00,P-001,EU,braintree,true,200,232
2026-06-16T22:00:00+00:00,P-001,EU,braintree,true,200,318
2026-06-16T22:00:00+00:00,P-002,APAC,stripe,true,200,208
2026-06-16T22:00:00+00:00,P-002,APAC,stripe,true,200,423
2026-06-16T22:00:00+00:00,P-002,APAC,stripe,true,200,477
2026-06-16T22:00:00+00:00,P-002,APAC,stripe,true,200,422
2026-06-16T22:00:00+00:00,P-002,APAC,stripe,true,200,478
2026-06-16T22:00:00+00:00,P-002,APAC,braintree,false,avs_mismatch,1191
2026-06-16T22:00:00+00:00,P-002,APAC,braintree,true,200,216
2026-06-16T22:00:00+00:00,P-002,APAC,braintree,true,200,372
2026-06-16T22:00:00+00:00,P-002,APAC,braintree,true,200,209
2026-06-16T22:00:00+00:00,P-002,APAC,braintree,true,200,166
2026-06-16T22:00:00+00:00,P-003,LATAM,stripe,true,200,232
2026-06-16T22:00:00+00:00,P-003,LATAM,stripe,true,200,364
2026-06-16T22:00:00+00:00,P-003,LATAM,stripe,true,200,434
2026-06-16T22:00:00+00:00,P-003,LATAM,braintree,true,200,294
2026-06-16T22:00:00+00:00,P-003,LATAM,braintree,true,200,285
2026-06-16T22:00:00+00:00,P-003,LATAM,braintree,true,200,195
2026-06-16T22:00:00+00:00,P-003,LATAM,braintree,true,200,192
2026-06-16T23:00:00+00:00,P-001,EU,stripe,true,200,306
2026-06-16T23:00:00+00:00,P-001,EU,stripe,false,insufficient_funds,2342
2026-06-16T23:00:00+00:00,P-001,EU,stripe,true,200,322
2026-06-16T23:00:00+00:00,P-001,EU,braintree,true,200,274
2026-06-16T23:00:00+00:00,P-001,EU,braintree,true,200,200
2026-06-16T23:00:00+00:00,P-001,EU,braintree,true,200,343
2026-06-16T23:00:00+00:00,P-001,EU,braintree,true,200,369
2026-06-16T23:00:00+00:00,P-001,EU,braintree,true,200,209
2026-06-16T23:00:00+00:00,P-001,EU,braintree,true,200,407
2026-06-16T23:00:00+00:00,P-001,EU,braintree,true,200,434
2026-06-16T23:00:00+00:00,P-002,APAC,stripe,true,200,421
2026-06-16T23:00:00+00:00,P-002,APAC,stripe,true,200,313
2026-06-16T23:00:00+00:00,P-002,APAC,stripe,true,200,472
2026-06-16T23:00:00+00:00,P-002,APAC,stripe,true,200,210
2026-06-16T23:00:00+00:00,P-002,APAC,stripe,true,200,479
2026-06-16T23:00:00+00:00,P-002,APAC,braintree,true,200,410
2026-06-16T23:00:00+00:00,P-002,APAC,braintree,true,200,428
2026-06-16T23:00:00+00:00,P-002,APAC,braintree,true,200,433
2026-06-16T23:00:00+00:00,P-002,APAC,braintree,true,200,409
2026-06-16T23:00:00+00:00,P-002,APAC,braintree,true,200,374
2026-06-16T23:00:00+00:00,P-002,APAC,braintree,true,200,159
2026-06-16T23:00:00+00:00,P-002,APAC,braintree,true,200,283
2026-06-16T23:00:00+00:00,P-003,LATAM,stripe,true,200,165
2026-06-16T23:00:00+00:00,P-003,LATAM,stripe,true,200,463
2026-06-16T23:00:00+00:00,P-003,LATAM,stripe,true,200,291
2026-06-16T23:00:00+00:00,P-003,LATAM,stripe,true,200,255
2026-06-16T23:00:00+00:00,P-003,LATAM,braintree,true,200,154
2026-06-16T23:00:00+00:00,P-003,LATAM,braintree,true,200,175
2026-06-16T23:00:00+00:00,P-003,LATAM,braintree,true,200,144
2026-06-16T23:00:00+00:00,P-003,LATAM,braintree,true,200,334
2026-06-17T00:00:00+00:00,P-001,EU,stripe,true,200,372
2026-06-17T00:00:00+00:00,P-001,EU,stripe,true,200,299
2026-06-17T00:00:00+00:00,P-001,EU,stripe,true,200,171
2026-06-17T00:00:00+00:00,P-001,EU,stripe,true,200,415
2026-06-17T00:00:00+00:00,P-001,EU,braintree,true,200,235
2026-06-17T00:00:00+00:00,P-001,EU,braintree,true,200,157
2026-06-17T00:00:00+00:00,P-001,EU,braintree,true,200,137
2026-06-17T00:00:00+00:00,P-001,EU,braintree,true,200,283
2026-06-17T00:00:00+00:00,P-001,EU,braintree,true,200,173
2026-06-17T00:00:00+00:00,P-001,EU,braintree,true,200,207
2026-06-17T00:00:00+00:00,P-001,EU,braintree,true,200,202
2026-06-17T00:00:00+00:00,P-001,EU,braintree,true,200,400
2026-06-17T00:00:00+00:00,P-002,APAC,stripe,true,200,434
2026-06-17T00:00:00+00:00,P-002,APAC,stripe,true,200,480
2026-06-17T00:00:00+00:00,P-002,APAC,stripe,true,200,454
2026-06-17T00:00:00+00:00,P-002,APAC,braintree,true,200,342
2026-06-17T00:00:00+00:00,P-002,APAC,braintree,true,200,171
2026-06-17T00:00:00+00:00,P-002,APAC,braintree,true,200,217
2026-06-17T00:00:00+00:00,P-002,APAC,braintree,true,200,403
2026-06-17T00:00:00+00:00,P-003,LATAM,stripe,true,200,396
2026-06-17T00:00:00+00:00,P-003,LATAM,stripe,true,200,264
2026-06-17T00:00:00+00:00,P-003,LATAM,stripe,true,200,169
2026-06-17T00:00:00+00:00,P-003,LATAM,stripe,true,200,412
2026-06-17T00:00:00+00:00,P-003,LATAM,stripe,true,200,371
2026-06-17T00:00:00+00:00,P-003,LATAM,stripe,true,200,304
2026-06-17T00:00:00+00:00,P-003,LATAM,stripe,true,200,164
2026-06-17T00:00:00+00:00,P-003,LATAM,stripe,true,200,458
2026-06-17T00:00:00+00:00,P-003,LATAM,braintree,true,200,222
2026-06-17T00:00:00+00:00,P-003,LATAM,braintree,true,200,225
2026-06-17T00:00:00+00:00,P-003,LATAM,braintree,true,200,269
2026-06-17T00:00:00+00:00,P-003,LATAM,braintree,false,gateway_unavailable,1136
2026-06-17T00:00:00+00:00,P-003,LATAM,braintree,true,200,323
2026-06-17T00:00:00+00:00,P-003,LATAM,braintree,true,200,458
2026-06-17T00:00:00+00:00,P-003,LATAM,braintree,true,200,448
2026-06-17T00:00:00+00:00,P-003,LATAM,braintree,true,200,214
2026-06-17T01:00:00+00:00,P-001,EU,stripe,true,200,309
2026-06-17T01:00:00+00:00,P-001,EU,stripe,true,200,142
2026-06-17T01:00:00+00:00,P-001,EU,stripe,true,200,358
2026-06-17T01:00:00+00:00,P-001,EU,stripe,true,200,257
2026-06-17T01:00:00+00:00,P-001,EU,stripe,true,200,197
2026-06-17T01:00:00+00:00,P-001,EU,braintree,true,200,163
2026-06-17T01:00:00+00:00,P-001,EU,braintree,true,200,397
2026-06-17T01:00:00+00:00,P-001,EU,braintree,true,200,421
2026-06-17T01:00:00+00:00,P-001,EU,braintree,true,200,151
2026-06-17T01:00:00+00:00,P-001,EU,braintree,true,200,387
2026-06-17T01:00:00+00:00,P-001,EU,braintree,true,200,394
2026-06-17T01:00:00+00:00,P-001,EU,braintree,true,200,363
2026-06-17T01:00:00+00:00,P-001,EU,braintree,true,200,240
2026-06-17T01:00:00+00:00,P-002,APAC,stripe,true,200,322
2026-06-17T01:00:00+00:00,P-002,APAC,stripe,true,200,137
2026-06-17T01:00:00+00:00,P-002,APAC,stripe,true,200,384
2026-06-17T01:00:00+00:00,P-002,APAC,stripe,true,200,466
2026-06-17T01:00:00+00:00,P-002,APAC,stripe,false,card_declined,1146
2026-06-17T01:00:00+00:00,P-002,APAC,stripe,true,200,349
2026-06-17T01:00:00+00:00,P-002,APAC,braintree,false,processor_timeout,1333
2026-06-17T01:00:00+00:00,P-002,APAC,braintree,true,200,184
2026-06-17T01:00:00+00:00,P-002,APAC,braintree,true,200,160
2026-06-17T01:00:00+00:00,P-002,APAC,braintree,false,gateway_unavailable,1313
2026-06-17T01:00:00+00:00,P-003,LATAM,stripe,true,200,424
2026-06-17T01:00:00+00:00,P-003,LATAM,stripe,true,200,154
2026-06-17T01:00:00+00:00,P-003,LATAM,stripe,true,200,404
2026-06-17T01:00:00+00:00,P-003,LATAM,stripe,true,200,286
2026-06-17T01:00:00+00:00,P-003,LATAM,stripe,true,200,386
2026-06-17T01:00:00+00:00,P-003,LATAM,stripe,true,200,126
2026-06-17T01:00:00+00:00,P-003,LATAM,stripe,true,200,439
2026-06-17T01:00:00+00:00,P-003,LATAM,stripe,true,200,334
2026-06-17T01:00:00+00:00,P-003,LATAM,braintree,true,200,195
2026-06-17T01:00:00+00:00,P-003,LATAM,braintree,true,200,418
2026-06-17T01:00:00+00:00,P-003,LATAM,braintree,true,200,171
2026-06-17T02:00:00+00:00,P-001,EU,stripe,true,200,171
2026-06-17T02:00:00+00:00,P-001,EU,stripe,true,200,394
2026-06-17T02:00:00+00:00,P-001,EU,stripe,true,200,330
2026-06-17T02:00:00+00:00,P-001,EU,braintree,true,200,368
2026-06-17T02:00:00+00:00,P-001,EU,braintree,true,200,362
2026-06-17T02:00:00+00:00,P-001,EU,braintree,true,200,261
2026-06-17T02:00:00+00:00,P-001,EU,braintree,true,200,436
2026-06-17T02:00:00+00:00,P-001,EU,braintree,true,200,475
2026-06-17T02:00:00+00:00,P-002,APAC,stripe,true,200,289
2026-06-17T02:00:00+00:00,P-002,APAC,stripe,true,200,145
2026-06-17T02:00:00+00:00,P-002,APAC,stripe,true,200,257
2026-06-17T02:00:00+00:00,P-002,APAC,stripe,true,200,130
2026-06-17T02:00:00+00:00,P-002,APAC,stripe,true,200,275
2026-06-17T02:00:00+00:00,P-002,APAC,stripe,true,200,371
2026-06-17T02:00:00+00:00,P-002,APAC,braintree,true,200,236
2026-06-17T02:00:00+00:00,P-002,APAC,braintree,true,200,346
2026-06-17T02:00:00+00:00,P-002,APAC,braintree,true,200,284
2026-06-17T02:00:00+00:00,P-002,APAC,braintree,true,200,333
2026-06-17T02:00:00+00:00,P-002,APAC,braintree,true,200,165
2026-06-17T02:00:00+00:00,P-002,APAC,braintree,true,200,228
2026-06-17T02:00:00+00:00,P-002,APAC,braintree,true,200,328
2026-06-17T02:00:00+00:00,P-002,APAC,braintree,true,200,384
2026-06-17T02:00:00+00:00,P-003,LATAM,stripe,true,200,383
2026-06-17T02:00:00+00:00,P-003,LATAM,stripe,true,200,153
2026-06-17T02:00:00+00:00,P-003,LATAM,stripe,true,200,379
2026-06-17T02:00:00+00:00,P-003,LATAM,stripe,true,200,388
2026-06-17T02:00:00+00:00,P-003,LATAM,stripe,true,200,134
2026-06-17T02:00:00+00:00,P-003,LATAM,braintree,true,200,222
2026-06-17T02:00:00+00:00,P-003,LATAM,braintree,true,200,247
2026-06-17T02:00:00+00:00,P-003,LATAM,braintree,true,200,145
2026-06-17T02:00:00+00:00,P-003,LATAM,braintree,true,200,480
2026-06-17T03:00:00+00:00,P-001,EU,stripe,true,200,357
2026-06-17T03:00:00+00:00,P-001,EU,stripe,true,200,445
2026-06-17T03:00:00+00:00,P-001,EU,stripe,true,200,468
2026-06-17T03:00:00+00:00,P-001,EU,stripe,true,200,310
2026-06-17T03:00:00+00:00,P-001,EU,braintree,true,200,210
2026-06-17T03:00:00+00:00,P-001,EU,braintree,false,gateway_unavailable,2101
2026-06-17T03:00:00+00:00,P-001,EU,braintree,true,200,296
2026-06-17T03:00:00+00:00,P-001,EU,braintree,true,200,252
2026-06-17T03:00:00+00:00,P-001,EU,braintree,true,200,472
2026-06-17T03:00:00+00:00,P-001,EU,braintree,true,200,134
2026-06-17T03:00:00+00:00,P-002,APAC,stripe,true,200,412
2026-06-17T03:00:00+00:00,P-002,APAC,stripe,true,200,229
2026-06-17T03:00:00+00:00,P-002,APAC,stripe,true,200,451
2026-06-17T03:00:00+00:00,P-002,APAC,stripe,true,200,225
2026-06-17T03:00:00+00:00,P-002,APAC,stripe,true,200,329
2026-06-17T03:00:00+00:00,P-002,APAC,stripe,true,200,469
2026-06-17T03:00:00+00:00,P-002,APAC,braintree,true,200,187
2026-06-17T03:00:00+00:00,P-002,APAC,braintree,true,200,427
2026-06-17T03:00:00+00:00,P-002,APAC,braintree,true,200,234
2026-06-17T03:00:00+00:00,P-003,LATAM,stripe,true,200,276
2026-06-17T03:00:00+00:00,P-003,LATAM,stripe,true,200,449
2026-06-17T03:00:00+00:00,P-003,LATAM,stripe,true,200,312
2026-06-17T03:00:00+00:00,P-003,LATAM,stripe,true,200,355
2026-06-17T03:00:00+00:00,P-003,LATAM,stripe,true,200,358
2026-06-17T03:00:00+00:00,P-003,LATAM,braintree,true,200,439
2026-06-17T03:00:00+00:00,P-003,LATAM,braintree,true,200,172
2026-06-17T03:00:00+00:00,P-003,LATAM,braintree,true,200,459
2026-06-17T03:00:00+00:00,P-003,LATAM,braintree,false,gateway_unavailable,2049
2026-06-17T03:00:00+00:00,P-003,LATAM,braintree,true,200,431
2026-06-17T04:00:00+00:00,P-001,EU,stripe,true,200,175
2026-06-17T04:00:00+00:00,P-001,EU,stripe,true,200,292
2026-06-17T04:00:00+00:00,P-001,EU,stripe,false,3ds_failed,1565
2026-06-17T04:00:00+00:00,P-001,EU,stripe,true,200,253
2026-06-17T04:00:00+00:00,P-001,EU,stripe,true,200,453
2026-06-17T04:00:00+00:00,P-001,EU,braintree,true,200,384
2026-06-17T04:00:00+00:00,P-001,EU,braintree,true,200,149
2026-06-17T04:00:00+00:00,P-001,EU,braintree,true,200,427
2026-06-17T04:00:00+00:00,P-001,EU,braintree,true,200,283
2026-06-17T04:00:00+00:00,P-001,EU,braintree,true,200,133
2026-06-17T04:00:00+00:00,P-002,APAC,stripe,true,200,271
2026-06-17T04:00:00+00:00,P-002,APAC,stripe,true,200,334
2026-06-17T04:00:00+00:00,P-002,APAC,stripe,true,200,138
2026-06-17T04:00:00+00:00,P-002,APAC,stripe,true,200,412
2026-06-17T04:00:00+00:00,P-002,APAC,stripe,true,200,295
2026-06-17T04:00:00+00:00,P-002,APAC,stripe,true,200,233
2026-06-17T04:00:00+00:00,P-002,APAC,stripe,true,200,446
2026-06-17T04:00:00+00:00,P-002,APAC,stripe,true,200,463
2026-06-17T04:00:00+00:00,P-002,APAC,braintree,true,200,207
2026-06-17T04:00:00+00:00,P-002,APAC,braintree,true,200,405
2026-06-17T04:00:00+00:00,P-002,APAC,braintree,true,200,169
2026-06-17T04:00:00+00:00,P-002,APAC,braintree,true,200,252
2026-06-17T04:00:00+00:00,P-002,APAC,braintree,true,200,406
2026-06-17T04:00:00+00:00,P-003,LATAM,stripe,true,200,291
2026-06-17T04:00:00+00:00,P-003,LATAM,stripe,true,200,233
2026-06-17T04:00:00+00:00,P-003,LATAM,stripe,true,200,277
2026-06-17T04:00:00+00:00,P-003,LATAM,stripe,true,200,289
2026-06-17T04:00:00+00:00,P-003,LATAM,braintree,true,200,270
2026-06-17T04:00:00+00:00,P-003,LATAM,braintree,true,200,180
2026-06-17T04:00:00+00:00,P-003,LATAM,braintree,true,200,444
2026-06-17T04:00:00+00:00,P-003,LATAM,braintree,true,200,437
2026-06-17T04:00:00+00:00,P-003,LATAM,braintree,true,200,219
2026-06-17T05:00:00+00:00,P-001,EU,stripe,true,200,468
2026-06-17T05:00:00+00:00,P-001,EU,stripe,true,200,272
2026-06-17T05:00:00+00:00,P-001,EU,stripe,true,200,197
2026-06-17T05:00:00+00:00,P-001,EU,stripe,true,200,222
2026-06-17T05:00:00+00:00,P-001,EU,stripe,true,200,411
2026-06-17T05:00:00+00:00,P-001,EU,stripe,true,200,354
2026-06-17T05:00:00+00:00,P-001,EU,stripe,true,200,212
2026-06-17T05:00:00+00:00,P-001,EU,braintree,true,200,443
2026-06-17T05:00:00+00:00,P-001,EU,braintree,false,gateway_unavailable,2199
2026-06-17T05:00:00+00:00,P-001,EU,braintree,true,200,351
2026-06-17T05:00:00+00:00,P-002,APAC,stripe,true,200,206
2026-06-17T05:00:00+00:00,P-002,APAC,stripe,true,200,201
2026-06-17T05:00:00+00:00,P-002,APAC,stripe,true,200,165
2026-06-17T05:00:00+00:00,P-002,APAC,stripe,true,200,342
2026-06-17T05:00:00+00:00,P-002,APAC,stripe,true,200,326
2026-06-17T05:00:00+00:00,P-002,APAC,braintree,false,gateway_unavailable,909
2026-06-17T05:00:00+00:00,P-002,APAC,braintree,true,200,222
2026-06-17T05:00:00+00:00,P-002,APAC,braintree,true,200,127
2026-06-17T05:00:00+00:00,P-002,APAC,braintree,true,200,391
2026-06-17T05:00:00+00:00,P-002,APAC,braintree,true,200,466
2026-06-17T05:00:00+00:00,P-002,APAC,braintree,true,200,247
2026-06-17T05:00:00+00:00,P-003,LATAM,stripe,true,200,296
2026-06-17T05:00:00+00:00,P-003,LATAM,stripe,true,200,172
2026-06-17T05:00:00+00:00,P-003,LATAM,stripe,true,200,421
2026-06-17T05:00:00+00:00,P-003,LATAM,stripe,true,200,153
2026-06-17T05:00:00+00:00,P-003,LATAM,braintree,true,200,268
2026-06-17T05:00:00+00:00,P-003,LATAM,braintree,true,200,386
2026-06-17T05:00:00+00:00,P-003,LATAM,braintree,true,200,292
2026-06-17T06:00:00+00:00,P-001,EU,stripe,true,200,188
2026-06-17T06:00:00+00:00,P-001,EU,stripe,true,200,370
2026-06-17T06:00:00+00:00,P-001,EU,stripe,true,200,216
2026-06-17T06:00:00+00:00,P-001,EU,stripe,true,200,326
2026-06-17T06:00:00+00:00,P-001,EU,stripe,true,200,234
2026-06-17T06:00:00+00:00,P-001,EU,stripe,true,200,187
2026-06-17T06:00:00+00:00,P-001,EU,braintree,true,200,421
2026-06-17T06:00:00+00:00,P-001,EU,braintree,true,200,183
2026-06-17T06:00:00+00:00,P-001,EU,braintree,true,200,453
2026-06-17T06:00:00+00:00,P-001,EU,braintree,true,200,312
2026-06-17T06:00:00+00:00,P-002,APAC,stripe,true,200,393
2026-06-17T06:00:00+00:00,P-002,APAC,stripe,true,200,424
2026-06-17T06:00:00+00:00,P-002,APAC,stripe,false,3ds_failed,1121
2026-06-17T06:00:00+00:00,P-002,APAC,stripe,true,200,130
2026-06-17T06:00:00+00:00,P-002,APAC,stripe,true,200,179
2026-06-17T06:00:00+00:00,P-002,APAC,stripe,true,200,314
2026-06-17T06:00:00+00:00,P-002,APAC,stripe,true,200,249
2026-06-17T06:00:00+00:00,P-002,APAC,stripe,true,200,198
2026-06-17T06:00:00+00:00,P-002,APAC,braintree,true,200,442
2026-06-17T06:00:00+00:00,P-002,APAC,braintree,true,200,335
2026-06-17T06:00:00+00:00,P-002,APAC,braintree,true,200,459
2026-06-17T06:00:00+00:00,P-002,APAC,braintree,true,200,438
2026-06-17T06:00:00+00:00,P-003,LATAM,stripe,true,200,334
2026-06-17T06:00:00+00:00,P-003,LATAM,stripe,true,200,173
2026-06-17T06:00:00+00:00,P-003,LATAM,stripe,true,200,436
2026-06-17T06:00:00+00:00,P-003,LATAM,stripe,true,200,178
2026-06-17T06:00:00+00:00,P-003,LATAM,stripe,true,200,374
2026-06-17T06:00:00+00:00,P-003,LATAM,stripe,true,200,222
2026-06-17T06:00:00+00:00,P-003,LATAM,stripe,true,200,387
2026-06-17T06:00:00+00:00,P-003,LATAM,braintree,true,200,329
2026-06-17T06:00:00+00:00,P-003,LATAM,braintree,true,200,140
2026-06-17T06:00:00+00:00,P-003,LATAM,braintree,true,200,226
2026-06-17T06:00:00+00:00,P-003,LATAM,braintree,true,200,366
2026-06-17T07:00:00+00:00,P-001,EU,stripe,true,200,126
2026-06-17T07:00:00+00:00,P-001,EU,stripe,true,200,176
2026-06-17T07:00:00+00:00,P-001,EU,stripe,true,200,462
2026-06-17T07:00:00+00:00,P-001,EU,stripe,true,200,166
2026-06-17T07:00:00+00:00,P-001,EU,stripe,true,200,158
2026-06-17T07:00:00+00:00,P-001,EU,braintree,true,200,251
2026-06-17T07:00:00+00:00,P-001,EU,braintree,true,200,353
2026-06-17T07:00:00+00:00,P-001,EU,braintree,false,gateway_unavailable,1440
2026-06-17T07:00:00+00:00,P-001,EU,braintree,true,200,171
2026-06-17T07:00:00+00:00,P-001,EU,braintree,true,200,140
2026-06-17T07:00:00+00:00,P-001,EU,braintree,true,200,304
2026-06-17T07:00:00+00:00,P-001,EU,braintree,true,200,280
2026-06-17T07:00:00+00:00,P-001,EU,braintree,true,200,179
2026-06-17T07:00:00+00:00,P-002,APAC,stripe,true,200,143
2026-06-17T07:00:00+00:00,P-002,APAC,stripe,true,200,190
2026-06-17T07:00:00+00:00,P-002,APAC,stripe,true,200,207
2026-06-17T07:00:00+00:00,P-002,APAC,braintree,true,200,344
2026-06-17T07:00:00+00:00,P-002,APAC,braintree,false,gateway_unavailable,2401
2026-06-17T07:00:00+00:00,P-002,APAC,braintree,true,200,295
2026-06-17T07:00:00+00:00,P-002,APAC,braintree,true,200,325
2026-06-17T07:00:00+00:00,P-002,APAC,braintree,true,200,353
2026-06-17T07:00:00+00:00,P-003,LATAM,stripe,true,200,473
2026-06-17T07:00:00+00:00,P-003,LATAM,stripe,true,200,335
2026-06-17T07:00:00+00:00,P-003,LATAM,stripe,true,200,205
2026-06-17T07:00:00+00:00,P-003,LATAM,stripe,true,200,476
2026-06-17T07:00:00+00:00,P-003,LATAM,stripe,true,200,201
2026-06-17T07:00:00+00:00,P-003,LATAM,braintree,true,200,422
2026-06-17T07:00:00+00:00,P-003,LATAM,braintree,true,200,411
2026-06-17T07:00:00+00:00,P-003,LATAM,braintree,true,200,212
2026-06-17T08:00:00+00:00,P-001,EU,stripe,true,200,303
2026-06-17T08:00:00+00:00,P-001,EU,stripe,true,200,470
2026-06-17T08:00:00+00:00,P-001,EU,stripe,true,200,186
2026-06-17T08:00:00+00:00,P-001,EU,stripe,true,200,369
2026-06-17T08:00:00+00:00,P-001,EU,stripe,true,200,330
2026-06-17T08:00:00+00:00,P-001,EU,stripe,true,200,152
2026-06-17T08:00:00+00:00,P-001,EU,stripe,true,200,280
2026-06-17T08:00:00+00:00,P-001,EU,braintree,true,200,467
2026-06-17T08:00:00+00:00,P-001,EU,braintree,true,200,415
2026-06-17T08:00:00+00:00,P-001,EU,braintree,true,200,234
2026-06-17T08:00:00+00:00,P-002,APAC,stripe,true,200,385
2026-06-17T08:00:00+00:00,P-002,APAC,stripe,true,200,478
2026-06-17T08:00:00+00:00,P-002,APAC,stripe,true,200,341
2026-06-17T08:00:00+00:00,P-002,APAC,stripe,true,200,247
2026-06-17T08:00:00+00:00,P-002,APAC,stripe,true,200,459
2026-06-17T08:00:00+00:00,P-002,APAC,stripe,true,200,317
2026-06-17T08:00:00+00:00,P-002,APAC,stripe,true,200,405
2026-06-17T08:00:00+00:00,P-002,APAC,stripe,true,200,433
2026-06-17T08:00:00+00:00,P-002,APAC,braintree,true,200,200
2026-06-17T08:00:00+00:00,P-002,APAC,braintree,true,200,360
2026-06-17T08:00:00+00:00,P-002,APAC,braintree,true,200,204
2026-06-17T08:00:00+00:00,P-003,LATAM,stripe,true,200,284
2026-06-17T08:00:00+00:00,P-003,LATAM,stripe,true,200,262
2026-06-17T08:00:00+00:00,P-003,LATAM,stripe,true,200,234
2026-06-17T08:00:00+00:00,P-003,LATAM,braintree,true,200,326
2026-06-17T08:00:00+00:00,P-003,LATAM,braintree,true,200,160
2026-06-17T08:00:00+00:00,P-003,LATAM,braintree,true,200,413
2026-06-17T08:00:00+00:00,P-003,LATAM,braintree,true,200,375
2026-06-17T08:00:00+00:00,P-003,LATAM,braintree,true,200,180
2026-06-17T08:00:00+00:00,P-003,LATAM,braintree,false,avs_mismatch,2238
2026-06-17T08:00:00+00:00,P-003,LATAM,braintree,true,200,326
2026-06-17T09:00:00+00:00,P-001,EU,stripe,true,200,401
2026-06-17T09:00:00+00:00,P-001,EU,stripe,true,200,166
2026-06-17T09:00:00+00:00,P-001,EU,stripe,true,200,436
2026-06-17T09:00:00+00:00,P-001,EU,stripe,true,200,380
2026-06-17T09:00:00+00:00,P-001,EU,stripe,true,200,455
2026-06-17T09:00:00+00:00,P-001,EU,stripe,true,200,294
2026-06-17T09:00:00+00:00,P-001,EU,braintree,true,200,234
2026-06-17T09:00:00+00:00,P-001,EU,braintree,true,200,289
2026-06-17T09:00:00+00:00,P-001,EU,braintree,true,200,437
2026-06-17T09:00:00+00:00,P-001,EU,braintree,true,200,456
2026-06-17T09:00:00+00:00,P-001,EU,braintree,true,200,351
2026-06-17T09:00:00+00:00,P-002,APAC,stripe,true,200,457
2026-06-17T09:00:00+00:00,P-002,APAC,stripe,true,200,294
2026-06-17T09:00:00+00:00,P-002,APAC,stripe,true,200,444
2026-06-17T09:00:00+00:00,P-002,APAC,braintree,true,200,311
2026-06-17T09:00:00+00:00,P-002,APAC,braintree,true,200,143
2026-06-17T09:00:00+00:00,P-002,APAC,braintree,true,200,372
2026-06-17T09:00:00+00:00,P-002,APAC,braintree,true,200,329
2026-06-17T09:00:00+00:00,P-002,APAC,braintree,true,200,432
2026-06-17T09:00:00+00:00,P-003,LATAM,stripe,true,200,321
2026-06-17T09:00:00+00:00,P-003,LATAM,stripe,true,200,217
2026-06-17T09:00:00+00:00,P-003,LATAM,stripe,true,200,175
2026-06-17T09:00:00+00:00,P-003,LATAM,stripe,true,200,143
2026-06-17T09:00:00+00:00,P-003,LATAM,braintree,true,200,421
2026-06-17T09:00:00+00:00,P-003,LATAM,braintree,true,200,350
2026-06-17T09:00:00+00:00,P-003,LATAM,braintree,true,200,421
2026-06-17T09:00:00+00:00,P-003,LATAM,braintree,false,processor_timeout,1921
2026-06-17T09:00:00+00:00,P-003,LATAM,braintree,true,200,144
2026-06-17T09:00:00+00:00,P-003,LATAM,braintree,true,200,341
2026-06-17T09:00:00+00:00,P-003,LATAM,braintree,true,200,367
2026-06-17T09:00:00+00:00,P-003,LATAM,braintree,true,200,210
2026-06-17T10:00:00+00:00,P-001,EU,stripe,true,200,185
2026-06-17T10:00:00+00:00,P-001,EU,stripe,true,200,456
2026-06-17T10:00:00+00:00,P-001,EU,stripe,true,200,284
2026-06-17T10:00:00+00:00,P-001,EU,stripe,true,200,316
2026-06-17T10:00:00+00:00,P-001,EU,stripe,true,200,431
2026-06-17T10:00:00+00:00,P-001,EU,stripe,true,200,247
2026-06-17T10:00:00+00:00,P-001,EU,stripe,true,200,295
2026-06-17T10:00:00+00:00,P-001,EU,stripe,false,insufficient_funds,1173
2026-06-17T10:00:00+00:00,P-001,EU,braintree,true,200,478
2026-06-17T10:00:00+00:00,P-001,EU,braintree,true,200,382
2026-06-17T10:00:00+00:00,P-001,EU,braintree,true,200,479
2026-06-17T10:00:00+00:00,P-001,EU,braintree,true,200,280
2026-06-17T10:00:00+00:00,P-002,APAC,stripe,true,200,403
2026-06-17T10:00:00+00:00,P-002,APAC,stripe,true,200,222
2026-06-17T10:00:00+00:00,P-002,APAC,stripe,true,200,268
2026-06-17T10:00:00+00:00,P-002,APAC,stripe,true,200,464
2026-06-17T10:00:00+00:00,P-002,APAC,stripe,true,200,452
2026-06-17T10:00:00+00:00,P-002,APAC,stripe,false,card_declined,1931
2026-06-17T10:00:00+00:00,P-002,APAC,stripe,true,200,446
2026-06-17T10:00:00+00:00,P-002,APAC,stripe,true,200,179
2026-06-17T10:00:00+00:00,P-002,APAC,braintree,true,200,418
2026-06-17T10:00:00+00:00,P-002,APAC,braintree,true,200,461
2026-06-17T10:00:00+00:00,P-002,APAC,braintree,true,200,465
2026-06-17T10:00:00+00:00,P-002,APAC,braintree,true,200,393
2026-06-17T10:00:00+00:00,P-002,APAC,braintree,true,200,336
2026-06-17T10:00:00+00:00,P-003,LATAM,stripe,true,200,132
2026-06-17T10:00:00+00:00,P-003,LATAM,stripe,true,200,147
2026-06-17T10:00:00+00:00,P-003,LATAM,stripe,true,200,222
2026-06-17T10:00:00+00:00,P-003,LATAM,braintree,true,200,202
2026-06-17T10:00:00+00:00,P-003,LATAM,braintree,false,avs_mismatch,1413
2026-06-17T10:00:00+00:00,P-003,LATAM,braintree,true,200,151
2026-06-17T10:00:00+00:00,P-003,LATAM,braintree,true,200,271
2026-06-17T10:00:00+00:00,P-003,LATAM,braintree,true,200,397
2026-06-17T11:00:00+00:00,P-001,EU,stripe,true,200,351
2026-06-17T11:00:00+00:00,P-001,EU,stripe,true,200,465
2026-06-17T11:00:00+00:00,P-001,EU,stripe,true,200,234
2026-06-17T11:00:00+00:00,P-001,EU,braintree,true,200,319
2026-06-17T11:00:00+00:00,P-001,EU,braintree,true,200,476
2026-06-17T11:00:00+00:00,P-001,EU,braintree,true,200,460
2026-06-17T11:00:00+00:00,P-001,EU,braintree,true,200,315
2026-06-17T11:00:00+00:00,P-001,EU,braintree,true,200,470
2026-06-17T11:00:00+00:00,P-001,EU,braintree,true,200,402
2026-06-17T11:00:00+00:00,P-001,EU,braintree,true,200,248
2026-06-17T11:00:00+00:00,P-001,EU,braintree,true,200,346
2026-06-17T11:00:00+00:00,P-002,APAC,stripe,true,200,480
2026-06-17T11:00:00+00:00,P-002,APAC,stripe,true,200,308
2026-06-17T11:00:00+00:00,P-002,APAC,stripe,true,200,399
2026-06-17T11:00:00+00:00,P-002,APAC,stripe,true,200,220
2026-06-17T11:00:00+00:00,P-002,APAC,braintree,false,gateway_unavailable,1819
2026-06-17T11:00:00+00:00,P-002,APAC,braintree,true,200,469
2026-06-17T11:00:00+00:00,P-002,APAC,braintree,true,200,208
2026-06-17T11:00:00+00:00,P-002,APAC,braintree,true,200,181
2026-06-17T11:00:00+00:00,P-002,APAC,braintree,true,200,339
2026-06-17T11:00:00+00:00,P-002,APAC,braintree,true,200,255
2026-06-17T11:00:00+00:00,P-002,APAC,braintree,true,200,419
2026-06-17T11:00:00+00:00,P-002,APAC,braintree,true,200,122
2026-06-17T11:00:00+00:00,P-003,LATAM,stripe,true,200,199
2026-06-17T11:00:00+00:00,P-003,LATAM,stripe,true,200,285
2026-06-17T11:00:00+00:00,P-003,LATAM,stripe,true,200,440
2026-06-17T11:00:00+00:00,P-003,LATAM,stripe,true,200,458
2026-06-17T11:00:00+00:00,P-003,LATAM,stripe,true,200,413
2026-06-17T11:00:00+00:00,P-003,LATAM,braintree,true,200,282
2026-06-17T11:00:00+00:00,P-003,LATAM,braintree,true,200,214
2026-06-17T11:00:00+00:00,P-003,LATAM,braintree,true,200,378
2026-06-17T11:00:00+00:00,P-003,LATAM,braintree,true,200,398
2026-06-17T11:00:00+00:00,P-003,LATAM,braintree,true,200,167
2026-06-17T11:00:00+00:00,P-003,LATAM,braintree,true,200,229
2026-06-17T11:00:00+00:00,P-003,LATAM,braintree,true,200,289
2026-06-17T12:00:00+00:00,P-001,EU,stripe,true,200,436
2026-06-17T12:00:00+00:00,P-001,EU,stripe,true,200,407
2026-06-17T12:00:00+00:00,P-001,EU,stripe,true,200,452
2026-06-17T12:00:00+00:00,P-001,EU,stripe,true,200,462
2026-06-17T12:00:00+00:00,P-001,EU,stripe,true,200,243
2026-06-17T12:00:00+00:00,P-001,EU,braintree,true,200,438
2026-06-17T12:00:00+00:00,P-001,EU,braintree,true,200,140
2026-06-17T12:00:00+00:00,P-001,EU,braintree,true,200,284
2026-06-17T12:00:00+00:00,P-001,EU,braintree,true,200,178
2026-06-17T12:00:00+00:00,P-001,EU,braintree,true,200,396
2026-06-17T12:00:00+00:00,P-001,EU,braintree,true,200,132
2026-06-17T12:00:00+00:00,P-001,EU,braintree,true,200,311
2026-06-17T12:00:00+00:00,P-001,EU,braintree,true,200,380
2026-06-17T12:00:00+00:00,P-002,APAC,stripe,true,200,271
2026-06-17T12:00:00+00:00,P-002,APAC,stripe,true,200,218
2026-06-17T12:00:00+00:00,P-002,APAC,stripe,true,200,162
2026-06-17T12:00:00+00:00,P-002,APAC,stripe,true,200,205
2026-06-17T12:00:00+00:00,P-002,APAC,stripe,false,3ds_failed,1992
2026-06-17T12:00:00+00:00,P-002,APAC,stripe,true,200,153
2026-06-17T12:00:00+00:00,P-002,APAC,braintree,true,200,229
2026-06-17T12:00:00+00:00,P-002,APAC,braintree,true,200,337
2026-06-17T12:00:00+00:00,P-002,APAC,braintree,true,200,225
2026-06-17T12:00:00+00:00,P-002,APAC,braintree,true,200,479
2026-06-17T12:00:00+00:00,P-003,LATAM,stripe,true,200,451
2026-06-17T12:00:00+00:00,P-003,LATAM,stripe,true,200,156
2026-06-17T12:00:00+00:00,P-003,LATAM,stripe,true,200,198
2026-06-17T12:00:00+00:00,P-003,LATAM,stripe,true,200,289
2026-06-17T12:00:00+00:00,P-003,LATAM,stripe,true,200,157
2026-06-17T12:00:00+00:00,P-003,LATAM,stripe,true,200,248
2026-06-17T12:00:00+00:00,P-003,LATAM,stripe,true,200,414
2026-06-17T12:00:00+00:00,P-003,LATAM,stripe,true,200,252
2026-06-17T12:00:00+00:00,P-003,LATAM,braintree,true,200,442
2026-06-17T12:00:00+00:00,P-003,LATAM,braintree,true,200,281
2026-06-17T12:00:00+00:00,P-003,LATAM,braintree,true,200,464
2026-06-17T12:00:00+00:00,P-003,LATAM,braintree,true,200,123
2026-06-17T12:00:00+00:00,P-003,LATAM,braintree,true,200,436
2026-06-17T12:00:00+00:00,P-003,LATAM,braintree,true,200,419
2026-06-17T13:00:00+00:00,P-001,EU,stripe,true,200,157
2026-06-17T13:00:00+00:00,P-001,EU,stripe,true,200,377
2026-06-17T13:00:00+00:00,P-001,EU,stripe,true,200,471
2026-06-17T13:00:00+00:00,P-001,EU,braintree,true,200,264
2026-06-17T13:00:00+00:00,P-001,EU,braintree,true,200,344
2026-06-17T13:00:00+00:00,P-001,EU,braintree,true,200,458
2026-06-17T13:00:00+00:00,P-001,EU,braintree,true,200,200
2026-06-17T13:00:00+00:00,P-001,EU,braintree,true,200,189
2026-06-17T13:00:00+00:00,P-002,APAC,stripe,true,200,399
2026-06-17T13:00:00+00:00,P-002,APAC,stripe,true,200,444
2026-06-17T13:00:00+00:00,P-002,APAC,stripe,true,200,466
2026-06-17T13:00:00+00:00,P-002,APAC,stripe,true,200,451
2026-06-17T13:00:00+00:00,P-002,APAC,stripe,true,200,125
2026-06-17T13:00:00+00:00,P-002,APAC,stripe,true,200,404
2026-06-17T13:00:00+00:00,P-002,APAC,stripe,true,200,141
2026-06-17T13:00:00+00:00,P-002,APAC,stripe,true,200,425
2026-06-17T13:00:00+00:00,P-002,APAC,braintree,true,200,163
2026-06-17T13:00:00+00:00,P-002,APAC,braintree,true,200,296
2026-06-17T13:00:00+00:00,P-002,APAC,braintree,true,200,450
2026-06-17T13:00:00+00:00,P-002,APAC,braintree,true,200,192
2026-06-17T13:00:00+00:00,P-002,APAC,braintree,true,200,233
2026-06-17T13:00:00+00:00,P-002,APAC,braintree,true,200,249
2026-06-17T13:00:00+00:00,P-003,LATAM,stripe,true,200,463
2026-06-17T13:00:00+00:00,P-003,LATAM,stripe,true,200,147
2026-06-17T13:00:00+00:00,P-003,LATAM,stripe,true,200,401
2026-06-17T13:00:00+00:00,P-003,LATAM,stripe,true,200,401
2026-06-17T13:00:00+00:00,P-003,LATAM,braintree,true,200,154
2026-06-17T13:00:00+00:00,P-003,LATAM,braintree,true,200,221
2026-06-17T13:00:00+00:00,P-003,LATAM,braintree,true,200,369
2026-06-17T14:00:00+00:00,P-001,EU,stripe,true,200,463
2026-06-17T14:00:00+00:00,P-001,EU,stripe,true,200,171
2026-06-17T14:00:00+00:00,P-001,EU,stripe,true,200,155
2026-06-17T14:00:00+00:00,P-001,EU,stripe,true,200,282
2026-06-17T14:00:00+00:00,P-001,EU,stripe,true,200,288
2026-06-17T14:00:00+00:00,P-001,EU,braintree,true,200,475
2026-06-17T14:00:00+00:00,P-001,EU,braintree,true,200,409
2026-06-17T14:00:00+00:00,P-001,EU,braintree,true,200,281
2026-06-17T14:00:00+00:00,P-001,EU,braintree,false,processor_timeout,909
2026-06-17T14:00:00+00:00,P-001,EU,braintree,true,200,233
2026-06-17T14:00:00+00:00,P-001,EU,braintree,true,200,448
2026-06-17T14:00:00+00:00,P-001,EU,braintree,true,200,304
2026-06-17T14:00:00+00:00,P-002,APAC,stripe,true,200,289
2026-06-17T14:00:00+00:00,P-002,APAC,stripe,true,200,356
2026-06-17T14:00:00+00:00,P-002,APAC,stripe,true,200,276
2026-06-17T14:00:00+00:00,P-002,APAC,stripe,true,200,175
2026-06-17T14:00:00+00:00,P-002,APAC,braintree,true,200,161
2026-06-17T14:00:00+00:00,P-002,APAC,braintree,true,200,191
2026-06-17T14:00:00+00:00,P-002,APAC,braintree,true,200,220
2026-06-17T14:00:00+00:00,P-002,APAC,braintree,true,200,440
2026-06-17T14:00:00+00:00,P-003,LATAM,stripe,true,200,129
2026-06-17T14:00:00+00:00,P-003,LATAM,stripe,true,200,443
2026-06-17T14:00:00+00:00,P-003,LATAM,stripe,true,200,417
2026-06-17T14:00:00+00:00,P-003,LATAM,braintree,true,200,422
2026-06-17T14:00:00+00:00,P-003,LATAM,braintree,true,200,138
2026-06-17T14:00:00+00:00,P-003,LATAM,braintree,true,200,398
2026-06-17T14:00:00+00:00,P-003,LATAM,braintree,true,200,396
2026-06-17T14:00:00+00:00,P-003,LATAM,braintree,true,200,196
2026-06-17T14:00:00+00:00,P-003,LATAM,braintree,true,200,234
2026-06-17T14:00:00+00:00,P-003,LATAM,braintree,true,200,421
2026-06-17T15:00:00+00:00,P-001,EU,stripe,true,200,188
2026-06-17T15:00:00+00:00,P-001,EU,stripe,true,200,381
2026-06-17T15:00:00+00:00,P-001,EU,stripe,true,200,306
2026-06-17T15:00:00+00:00,P-001,EU,stripe,true,200,459
2026-06-17T15:00:00+00:00,P-001,EU,stripe,true,200,434
2026-06-17T15:00:00+00:00,P-001,EU,stripe,true,200,383
2026-06-17T15:00:00+00:00,P-001,EU,stripe,true,200,201
2026-06-17T15:00:00+00:00,P-001,EU,stripe,true,200,409
2026-06-17T15:00:00+00:00,P-001,EU,braintree,true,200,194
2026-06-17T15:00:00+00:00,P-001,EU,braintree,true,200,367
2026-06-17T15:00:00+00:00,P-001,EU,braintree,false,processor_timeout,1348
2026-06-17T15:00:00+00:00,P-001,EU,braintree,true,200,238
2026-06-17T15:00:00+00:00,P-001,EU,braintree,true,200,309
2026-06-17T15:00:00+00:00,P-001,EU,braintree,true,200,462
2026-06-17T15:00:00+00:00,P-001,EU,braintree,true,200,304
2026-06-17T15:00:00+00:00,P-001,EU,braintree,true,200,352
2026-06-17T15:00:00+00:00,P-002,APAC,stripe,true,200,452
2026-06-17T15:00:00+00:00,P-002,APAC,stripe,true,200,480
2026-06-17T15:00:00+00:00,P-002,APAC,stripe,false,3ds_failed,1460
2026-06-17T15:00:00+00:00,P-002,APAC,braintree,true,200,398
2026-06-17T15:00:00+00:00,P-002,APAC,braintree,true,200,312
2026-06-17T15:00:00+00:00,P-002,APAC,braintree,true,200,307
2026-06-17T15:00:00+00:00,P-002,APAC,braintree,true,200,159
2026-06-17T15:00:00+00:00,P-002,APAC,braintree,true,200,312
2026-06-17T15:00:00+00:00,P-002,APAC,braintree,false,processor_timeout,1957
2026-06-17T15:00:00+00:00,P-002,APAC,braintree,true,200,296
2026-06-17T15:00:00+00:00,P-002,APAC,braintree,true,200,366
2026-06-17T15:00:00+00:00,P-003,LATAM,stripe,true,200,191
2026-06-17T15:00:00+00:00,P-003,LATAM,stripe,true,200,237
2026-06-17T15:00:00+00:00,P-003,LATAM,stripe,true,200,449
2026-06-17T15:00:00+00:00,P-003,LATAM,stripe,true,200,196
2026-06-17T15:00:00+00:00,P-003,LATAM,stripe,true,200,305
2026-06-17T15:00:00+00:00,P-003,LATAM,stripe,true,200,180
2026-06-17T15:00:00+00:00,P-003,LATAM,stripe,true,200,332
2026-06-17T15:00:00+00:00,P-003,LATAM,braintree,true,200,366
2026-06-17T15:00:00+00:00,P-003,LATAM,braintree,true,200,365
2026-06-17T15:00:00+00:00,P-003,LATAM,braintree,true,200,202
2026-06-17T15:00:00+00:00,P-003,LATAM,braintree,true,200,330
2026-06-17T15:00:00+00:00,P-003,LATAM,braintree,true,200,142
2026-06-17T16:00:00+00:00,P-001,EU,stripe,true,200,202
2026-06-17T16:00:00+00:00,P-001,EU,stripe,true,200,382
2026-06-17T16:00:00+00:00,P-001,EU,stripe,true,200,413
2026-06-17T16:00:00+00:00,P-001,EU,stripe,true,200,205
2026-06-17T16:00:00+00:00,P-001,EU,braintree,true,200,384
2026-06-17T16:00:00+00:00,P-001,EU,braintree,false,avs_mismatch,2054
2026-06-17T16:00:00+00:00,P-001,EU,braintree,true,200,458
2026-06-17T16:00:00+00:00,P-001,EU,braintree,true,200,163
2026-06-17T16:00:00+00:00,P-001,EU,braintree,true,200,430
2026-06-17T16:00:00+00:00,P-002,APAC,stripe,true,200,207
2026-06-17T16:00:00+00:00,P-002,APAC,stripe,true,200,330
2026-06-17T16:00:00+00:00,P-002,APAC,stripe,true,200,418
2026-06-17T16:00:00+00:00,P-002,APAC,stripe,true,200,213
2026-06-17T16:00:00+00:00,P-002,APAC,stripe,true,200,381
2026-06-17T16:00:00+00:00,P-002,APAC,stripe,true,200,471
2026-06-17T16:00:00+00:00,P-002,APAC,braintree,true,200,425
2026-06-17T16:00:00+00:00,P-002,APAC,braintree,true,200,237
2026-06-17T16:00:00+00:00,P-002,APAC,braintree,true,200,187
2026-06-17T16:00:00+00:00,P-002,APAC,braintree,true,200,223
2026-06-17T16:00:00+00:00,P-002,APAC,braintree,true,200,378
2026-06-17T16:00:00+00:00,P-003,LATAM,stripe,true,200,196
2026-06-17T16:00:00+00:00,P-003,LATAM,stripe,true,200,210
2026-06-17T16:00:00+00:00,P-003,LATAM,stripe,true,200,434
2026-06-17T16:00:00+00:00,P-003,LATAM,stripe,true,200,392
2026-06-17T16:00:00+00:00,P-003,LATAM,stripe,true,200,180
2026-06-17T16:00:00+00:00,P-003,LATAM,stripe,true,200,457
2026-06-17T16:00:00+00:00,P-003,LATAM,stripe,true,200,428
2026-06-17T16:00:00+00:00,P-003,LATAM,stripe,true,200,120
2026-06-17T16:00:00+00:00,P-003,LATAM,braintree,true,200,387
2026-06-17T16:00:00+00:00,P-003,LATAM,braintree,true,200,142
2026-06-17T16:00:00+00:00,P-003,LATAM,braintree,true,200,339
2026-06-17T16:00:00+00:00,P-003,LATAM,braintree,true,200,366
2026-06-17T16:00:00+00:00,P-003,LATAM,braintree,true,200,315
2026-06-17T16:00:00+00:00,P-003,LATAM,braintree,true,200,476
2026-06-17T16:00:00+00:00,P-003,LATAM,braintree,true,200,337
2026-06-17T16:00:00+00:00,P-003,LATAM,braintree,true,200,364
2026-06-17T17:00:00+00:00,P-001,EU,stripe,true,200,162
2026-06-17T17:00:00+00:00,P-001,EU,stripe,true,200,398
2026-06-17T17:00:00+00:00,P-001,EU,stripe,true,200,216
2026-06-17T17:00:00+00:00,P-001,EU,stripe,true,200,123
2026-06-17T17:00:00+00:00,P-001,EU,braintree,true,200,386
2026-06-17T17:00:00+00:00,P-001,EU,braintree,true,200,455
2026-06-17T17:00:00+00:00,P-001,EU,braintree,true,200,281
2026-06-17T17:00:00+00:00,P-001,EU,braintree,true,200,174
2026-06-17T17:00:00+00:00,P-001,EU,braintree,true,200,453
2026-06-17T17:00:00+00:00,P-001,EU,braintree,true,200,253
2026-06-17T17:00:00+00:00,P-001,EU,braintree,true,200,336
2026-06-17T17:00:00+00:00,P-002,APAC,stripe,true,200,261
2026-06-17T17:00:00+00:00,P-002,APAC,stripe,false,insufficient_funds,2446
2026-06-17T17:00:00+00:00,P-002,APAC,stripe,true,200,402
2026-06-17T17:00:00+00:00,P-002,APAC,stripe,true,200,367
2026-06-17T17:00:00+00:00,P-002,APAC,stripe,true,200,406
2026-06-17T17:00:00+00:00,P-002,APAC,stripe,true,200,249
2026-06-17T17:00:00+00:00,P-002,APAC,stripe,false,3ds_failed,1605
2026-06-17T17:00:00+00:00,P-002,APAC,braintree,true,200,190
2026-06-17T17:00:00+00:00,P-002,APAC,braintree,true,200,457
2026-06-17T17:00:00+00:00,P-002,APAC,braintree,true,200,237
2026-06-17T17:00:00+00:00,P-002,APAC,braintree,true,200,478
2026-06-17T17:00:00+00:00,P-002,APAC,braintree,false,processor_timeout,1339
2026-06-17T17:00:00+00:00,P-002,APAC,braintree,true,200,293
2026-06-17T17:00:00+00:00,P-002,APAC,braintree,true,200,434
2026-06-17T17:00:00+00:00,P-002,APAC,braintree,true,200,146
2026-06-17T17:00:00+00:00,P-003,LATAM,stripe,true,200,445
2026-06-17T17:00:00+00:00,P-003,LATAM,stripe,true,200,166
2026-06-17T17:00:00+00:00,P-003,LATAM,stripe,true,200,361
2026-06-17T17:00:00+00:00,P-003,LATAM,stripe,true,200,342
2026-06-17T17:00:00+00:00,P-003,LATAM,braintree,true,200,233
2026-06-17T17:00:00+00:00,P-003,LATAM,braintree,true,200,431
2026-06-17T17:00:00+00:00,P-003,LATAM,braintree,true,200,316
2026-06-17T18:00:00+00:00,P-001,EU,stripe,true,200,386
2026-06-17T18:00:00+00:00,P-001,EU,stripe,true,200,425
2026-06-17T18:00:00+00:00,P-001,EU,stripe,true,200,209
2026-06-17T18:00:00+00:00,P-001,EU,stripe,true,200,344
2026-06-17T18:00:00+00:00,P-001,EU,stripe,true,200,456
2026-06-17T18:00:00+00:00,P-001,EU,stripe,true,200,385
2026-06-17T18:00:00+00:00,P-001,EU,braintree,true,200,426
2026-06-17T18:00:00+00:00,P-001,EU,braintree,true,200,477
2026-06-17T18:00:00+00:00,P-001,EU,braintree,true,200,206
2026-06-17T18:00:00+00:00,P-001,EU,braintree,true,200,304
2026-06-17T18:00:00+00:00,P-001,EU,braintree,true,200,120
2026-06-17T18:00:00+00:00,P-002,APAC,stripe,true,200,261
2026-06-17T18:00:00+00:00,P-002,APAC,stripe,true,200,300
2026-06-17T18:00:00+00:00,P-002,APAC,stripe,true,200,327
2026-06-17T18:00:00+00:00,P-002,APAC,stripe,true,200,385
2026-06-17T18:00:00+00:00,P-002,APAC,braintree,true,200,155
2026-06-17T18:00:00+00:00,P-002,APAC,braintree,true,200,401
2026-06-17T18:00:00+00:00,P-002,APAC,braintree,true,200,406
2026-06-17T18:00:00+00:00,P-003,LATAM,stripe,true,200,261
2026-06-17T18:00:00+00:00,P-003,LATAM,stripe,true,200,219
2026-06-17T18:00:00+00:00,P-003,LATAM,stripe,true,200,326
2026-06-17T18:00:00+00:00,P-003,LATAM,stripe,true,200,253
2026-06-17T18:00:00+00:00,P-003,LATAM,stripe,true,200,379
2026-06-17T18:00:00+00:00,P-003,LATAM,stripe,true,200,157
2026-06-17T18:00:00+00:00,P-003,LATAM,stripe,true,200,294
2026-06-17T18:00:00+00:00,P-003,LATAM,braintree,true,200,251
2026-06-17T18:00:00+00:00,P-003,LATAM,braintree,true,200,414
2026-06-17T18:00:00+00:00,P-003,LATAM,braintree,true,200,346
2026-06-17T19:00:00+00:00,P-001,EU,stripe,true,200,244
2026-06-17T19:00:00+00:00,P-001,EU,stripe,true,200,354
2026-06-17T19:00:00+00:00,P-001,EU,stripe,true,200,420
2026-06-17T19:00:00+00:00,P-001,EU,stripe,true,200,366
2026-06-17T19:00:00+00:00,P-001,EU,stripe,true,200,154
2026-06-17T19:00:00+00:00,P-001,EU,stripe,true,200,232
2026-06-17T19:00:00+00:00,P-001,EU,braintree,true,200,281
2026-06-17T19:00:00+00:00,P-001,EU,braintree,true,200,300
2026-06-17T19:00:00+00:00,P-001,EU,braintree,true,200,124
2026-06-17T19:00:00+00:00,P-001,EU,braintree,true,200,254
2026-06-17T19:00:00+00:00,P-001,EU,braintree,true,200,167
2026-06-17T19:00:00+00:00,P-001,EU,braintree,true,200,295
2026-06-17T19:00:00+00:00,P-001,EU,braintree,true,200,211
2026-06-17T19:00:00+00:00,P-001,EU,braintree,true,200,301
2026-06-17T19:00:00+00:00,P-002,APAC,stripe,true,200,257
2026-06-17T19:00:00+00:00,P-002,APAC,stripe,true,200,469
2026-06-17T19:00:00+00:00,P-002,APAC,stripe,true,200,217
2026-06-17T19:00:00+00:00,P-002,APAC,stripe,true,200,222
2026-06-17T19:00:00+00:00,P-002,APAC,braintree,true,200,255
2026-06-17T19:00:00+00:00,P-002,APAC,braintree,true,200,223
2026-06-17T19:00:00+00:00,P-002,APAC,braintree,true,200,436
2026-06-17T19:00:00+00:00,P-002,APAC,braintree,true,200,174
2026-06-17T19:00:00+00:00,P-003,LATAM,stripe,true,200,466
2026-06-17T19:00:00+00:00,P-003,LATAM,stripe,false,insufficient_funds,2157
2026-06-17T19:00:00+00:00,P-003,LATAM,stripe,true,200,397
2026-06-17T19:00:00+00:00,P-003,LATAM,braintree,true,200,310
2026-06-17T19:00:00+00:00,P-003,LATAM,braintree,true,200,372
2026-06-17T19:00:00+00:00,P-003,LATAM,braintree,true,200,414
2026-06-17T20:00:00+00:00,P-001,EU,stripe,true,200,381
2026-06-17T20:00:00+00:00,P-001,EU,stripe,true,200,233
2026-06-17T20:00:00+00:00,P-001,EU,stripe,true,200,185
2026-06-17T20:00:00+00:00,P-001,EU,stripe,true,200,336
2026-06-17T20:00:00+00:00,P-001,EU,stripe,true,200,396
2026-06-17T20:00:00+00:00,P-001,EU,braintree,true,200,321
2026-06-17T20:00:00+00:00,P-001,EU,braintree,true,200,209
2026-06-17T20:00:00+00:00,P-001,EU,braintree,true,200,181
2026-06-17T20:00:00+00:00,P-002,APAC,stripe,true,200,281
2026-06-17T20:00:00+00:00,P-002,APAC,stripe,true,200,126
2026-06-17T20:00:00+00:00,P-002,APAC,stripe,true,200,314
2026-06-17T20:00:00+00:00,P-002,APAC,stripe,true,200,286
2026-06-17T20:00:00+00:00,P-002,APAC,stripe,true,200,252
2026-06-17T20:00:00+00:00,P-002,APAC,stripe,true,200,254
2026-06-17T20:00:00+00:00,P-002,APAC,stripe,true,200,361
2026-06-17T20:00:00+00:00,P-002,APAC,stripe,false,insufficient_funds,1649
2026-06-17T20:00:00+00:00,P-002,APAC,braintree,true,200,227
2026-06-17T20:00:00+00:00,P-002,APAC,braintree,true,200,310
2026-06-17T20:00:00+00:00,P-002,APAC,braintree,true,200,325
2026-06-17T20:00:00+00:00,P-002,APAC,braintree,true,200,212
2026-06-17T20:00:00+00:00,P-003,LATAM,stripe,true,200,414
2026-06-17T20:00:00+00:00,P-003,LATAM,stripe,true,200,171
2026-06-17T20:00:00+00:00,P-003,LATAM,stripe,true,200,240
2026-06-17T20:00:00+00:00,P-003,LATAM,stripe,true,200,315
2026-06-17T20:00:00+00:00,P-003,LATAM,stripe,true,200,196
2026-06-17T20:00:00+00:00,P-003,LATAM,stripe,true,200,124
2026-06-17T20:00:00+00:00,P-003,LATAM,stripe,true,200,375
2026-06-17T20:00:00+00:00,P-003,LATAM,braintree,false,avs_mismatch,1958
2026-06-17T20:00:00+00:00,P-003,LATAM,braintree,true,200,281
2026-06-17T20:00:00+00:00,P-003,LATAM,braintree,true,200,273
2026-06-17T20:00:00+00:00,P-003,LATAM,braintree,true,200,410
2026-06-17T21:00:00+00:00,P-001,EU,stripe,true,200,473
2026-06-17T21:00:00+00:00,P-001,EU,stripe,true,200,230
2026-06-17T21:00:00+00:00,P-001,EU,stripe,true,200,363
2026-06-17T21:00:00+00:00,P-001,EU,braintree,true,200,291
2026-06-17T21:00:00+00:00,P-001,EU,braintree,true,200,304
2026-06-17T21:00:00+00:00,P-001,EU,braintree,true,200,251
2026-06-17T21:00:00+00:00,P-001,EU,braintree,true,200,330
2026-06-17T21:00:00+00:00,P-001,EU,braintree,true,200,467
2026-06-17T21:00:00+00:00,P-001,EU,braintree,false,processor_timeout,2081
2026-06-17T21:00:00+00:00,P-001,EU,braintree,true,200,452
2026-06-17T21:00:00+00:00,P-001,EU,braintree,true,200,265
2026-06-17T21:00:00+00:00,P-002,APAC,stripe,true,200,381
2026-06-17T21:00:00+00:00,P-002,APAC,stripe,true,200,348
2026-06-17T21:00:00+00:00,P-002,APAC,stripe,true,200,315
2026-06-17T21:00:00+00:00,P-002,APAC,stripe,true,200,357
2026-06-17T21:00:00+00:00,P-002,APAC,stripe,true,200,194
2026-06-17T21:00:00+00:00,P-002,APAC,braintree,true,200,292
2026-06-17T21:00:00+00:00,P-002,APAC,braintree,true,200,433
2026-06-17T21:00:00+00:00,P-002,APAC,braintree,true,200,156
2026-06-17T21:00:00+00:00,P-002,APAC,braintree,true,200,295
2026-06-17T21:00:00+00:00,P-003,LATAM,stripe,true,200,454
2026-06-17T21:00:00+00:00,P-003,LATAM,stripe,true,200,256
2026-06-17T21:00:00+00:00,P-003,LATAM,stripe,true,200,322
2026-06-17T21:00:00+00:00,P-003,LATAM,stripe,true,200,347
2026-06-17T21:00:00+00:00,P-003,LATAM,braintree,true,200,386
2026-06-17T21:00:00+00:00,P-003,LATAM,braintree,false,gateway_unavailable,1242
2026-06-17T21:00:00+00:00,P-003,LATAM,braintree,true,200,131
2026-06-17T21:00:00+00:00,P-003,LATAM,braintree,true,200,240
2026-06-17T21:00:00+00:00,P-003,LATAM,braintree,true,200,478
2026-06-17T22:00:00+00:00,P-001,EU,stripe,true,200,205
2026-06-17T22:00:00+00:00,P-001,EU,stripe,true,200,168
2026-06-17T22:00:00+00:00,P-001,EU,stripe,true,200,362
2026-06-17T22:00:00+00:00,P-001,EU,stripe,true,200,133
2026-06-17T22:00:00+00:00,P-001,EU,stripe,true,200,388
2026-06-17T22:00:00+00:00,P-001,EU,stripe,true,200,162
2026-06-17T22:00:00+00:00,P-001,EU,stripe,true,200,436
2026-06-17T22:00:00+00:00,P-001,EU,stripe,true,200,455
2026-06-17T22:00:00+00:00,P-001,EU,braintree,true,200,246
2026-06-17T22:00:00+00:00,P-001,EU,braintree,true,200,346
2026-06-17T22:00:00+00:00,P-001,EU,braintree,true,200,187
2026-06-17T22:00:00+00:00,P-001,EU,braintree,true,200,207
2026-06-17T22:00:00+00:00,P-001,EU,braintree,true,200,459
2026-06-17T22:00:00+00:00,P-001,EU,braintree,true,200,286
2026-06-17T22:00:00+00:00,P-002,APAC,stripe,true,200,396
2026-06-17T22:00:00+00:00,P-002,APAC,stripe,true,200,400
2026-06-17T22:00:00+00:00,P-002,APAC,stripe,true,200,477
2026-06-17T22:00:00+00:00,P-002,APAC,stripe,true,200,422
2026-06-17T22:00:00+00:00,P-002,APAC,stripe,true,200,443
2026-06-17T22:00:00+00:00,P-002,APAC,stripe,true,200,408
2026-06-17T22:00:00+00:00,P-002,APAC,braintree,true,200,447
2026-06-17T22:00:00+00:00,P-002,APAC,braintree,true,200,297
2026-06-17T22:00:00+00:00,P-002,APAC,braintree,true,200,236
2026-06-17T22:00:00+00:00,P-002,APAC,braintree,true,200,346
2026-06-17T22:00:00+00:00,P-002,APAC,braintree,true,200,331
2026-06-17T22:00:00+00:00,P-002,APAC,braintree,true,200,275
2026-06-17T22:00:00+00:00,P-003,LATAM,stripe,true,200,189
2026-06-17T22:00:00+00:00,P-003,LATAM,stripe,true,200,360
2026-06-17T22:00:00+00:00,P-003,LATAM,stripe,true,200,472
2026-06-17T22:00:00+00:00,P-003,LATAM,braintree,false,gateway_unavailable,1513
2026-06-17T22:00:00+00:00,P-003,LATAM,braintree,true,200,340
2026-06-17T22:00:00+00:00,P-003,LATAM,braintree,true,200,425
2026-06-17T22:00:00+00:00,P-003,LATAM,braintree,true,200,123
2026-06-17T22:00:00+00:00,P-003,LATAM,braintree,true,200,216
2026-06-17T22:00:00+00:00,P-003,LATAM,braintree,true,200,407
2026-06-17T23:00:00+00:00,P-001,EU,stripe,true,200,203
2026-06-17T23:00:00+00:00,P-001,EU,stripe,true,200,450
2026-06-17T23:00:00+00:00,P-001,EU,stripe,true,200,313
2026-06-17T23:00:00+00:00,P-001,EU,stripe,true,200,160
2026-06-17T23:00:00+00:00,P-001,EU,stripe,true,200,242
2026-06-17T23:00:00+00:00,P-001,EU,stripe,true,200,433
2026-06-17T23:00:00+00:00,P-001,EU,braintree,true,200,265
2026-06-17T23:00:00+00:00,P-001,EU,braintree,true,200,392
2026-06-17T23:00:00+00:00,P-001,EU,braintree,true,200,331
2026-06-17T23:00:00+00:00,P-001,EU,braintree,true,200,155
2026-06-17T23:00:00+00:00,P-001,EU,braintree,true,200,268
2026-06-17T23:00:00+00:00,P-001,EU,braintree,true,200,353
2026-06-17T23:00:00+00:00,P-001,EU,braintree,true,200,259
2026-06-17T23:00:00+00:00,P-001,EU,braintree,true,200,371
2026-06-17T23:00:00+00:00,P-002,APAC,stripe,true,200,197
2026-06-17T23:00:00+00:00,P-002,APAC,stripe,true,200,393
2026-06-17T23:00:00+00:00,P-002,APAC,stripe,true,200,172
2026-06-17T23:00:00+00:00,P-002,APAC,stripe,true,200,184
2026-06-17T23:00:00+00:00,P-002,APAC,braintree,true,200,124
2026-06-17T23:00:00+00:00,P-002,APAC,braintree,true,200,197
2026-06-17T23:00:00+00:00,P-002,APAC,braintree,true,200,231
2026-06-17T23:00:00+00:00,P-002,APAC,braintree,true,200,279
2026-06-17T23:00:00+00:00,P-002,APAC,braintree,true,200,375
2026-06-17T23:00:00+00:00,P-002,APAC,braintree,false,gateway_unavailable,2327
2026-06-17T23:00:00+00:00,P-002,APAC,braintree,true,200,289
2026-06-17T23:00:00+00:00,P-002,APAC,braintree,true,200,194
2026-06-17T23:00:00+00:00,P-003,LATAM,stripe,true,200,320
2026-06-17T23:00:00+00:00,P-003,LATAM,stripe,true,200,360
2026-06-17T23:00:00+00:00,P-003,LATAM,stripe,true,200,248
2026-06-17T23:00:00+00:00,P-003,LATAM,braintree,true,200,182
2026-06-17T23:00:00+00:00,P-003,LATAM,braintree,false,avs_mismatch,1409
2026-06-17T23:00:00+00:00,P-003,LATAM,braintree,true,200,346
2026-06-17T23:00:00+00:00,P-003,LATAM,braintree,true,200,137
2026-06-17T23:00:00+00:00,P-003,LATAM,braintree,true,200,168
2026-06-17T23:00:00+00:00,P-003,LATAM,braintree,true,200,226
2026-06-18T00:00:00+00:00,P-001,EU,stripe,true,200,279
2026-06-18T00:00:00+00:00,P-001,EU,stripe,true,200,201
2026-06-18T00:00:00+00:00,P-001,EU,stripe,true,200,141
2026-06-18T00:00:00+00:00,P-001,EU,stripe,true,200,401
2026-06-18T00:00:00+00:00,P-001,EU,stripe,true,200,249
2026-06-18T00:00:00+00:00,P-001,EU,stripe,true,200,272
2026-06-18T00:00:00+00:00,P-001,EU,braintree,true,200,146
2026-06-18T00:00:00+00:00,P-001,EU,braintree,true,200,231
2026-06-18T00:00:00+00:00,P-001,EU,braintree,false,processor_timeout,2196
2026-06-18T00:00:00+00:00,P-001,EU,braintree,true,200,127
2026-06-18T00:00:00+00:00,P-002,APAC,stripe,true,200,419
2026-06-18T00:00:00+00:00,P-002,APAC,stripe,true,200,244
2026-06-18T00:00:00+00:00,P-002,APAC,stripe,true,200,141
2026-06-18T00:00:00+00:00,P-002,APAC,stripe,true,200,473
2026-06-18T00:00:00+00:00,P-002,APAC,braintree,true,200,199
2026-06-18T00:00:00+00:00,P-002,APAC,braintree,true,200,165
2026-06-18T00:00:00+00:00,P-002,APAC,braintree,true,200,375
2026-06-18T00:00:00+00:00,P-002,APAC,braintree,true,200,436
2026-06-18T00:00:00+00:00,P-002,APAC,braintree,true,200,440
2026-06-18T00:00:00+00:00,P-002,APAC,braintree,true,200,302
2026-06-18T00:00:00+00:00,P-003,LATAM,stripe,true,200,394
2026-06-18T00:00:00+00:00,P-003,LATAM,stripe,true,200,184
2026-06-18T00:00:00+00:00,P-003,LATAM,stripe,true,200,282
2026-06-18T00:00:00+00:00,P-003,LATAM,stripe,false,3ds_failed,2449
2026-06-18T00:00:00+00:00,P-003,LATAM,stripe,true,200,344
2026-06-18T00:00:00+00:00,P-003,LATAM,stripe,true,200,130
2026-06-18T00:00:00+00:00,P-003,LATAM,stripe,true,200,303
2026-06-18T00:00:00+00:00,P-003,LATAM,stripe,true,200,248
2026-06-18T00:00:00+00:00,P-003,LATAM,braintree,true,200,344
2026-06-18T00:00:00+00:00,P-003,LATAM,braintree,true,200,397
2026-06-18T00:00:00+00:00,P-003,LATAM,braintree,true,200,217
2026-06-18T01:00:00+00:00,P-001,EU,stripe,true,200,298
2026-06-18T01:00:00+00:00,P-001,EU,stripe,true,200,359
2026-06-18T01:00:00+00:00,P-001,EU,stripe,true,200,426
2026-06-18T01:00:00+00:00,P-001,EU,stripe,true,200,403
2026-06-18T01:00:00+00:00,P-001,EU,stripe,true,200,391
2026-06-18T01:00:00+00:00,P-001,EU,stripe,true,200,271
2026-06-18T01:00:00+00:00,P-001,EU,stripe,true,200,397
2026-06-18T01:00:00+00:00,P-001,EU,braintree,true,200,446
2026-06-18T01:00:00+00:00,P-001,EU,braintree,true,200,214
2026-06-18T01:00:00+00:00,P-001,EU,braintree,true,200,437
2026-06-18T01:00:00+00:00,P-001,EU,braintree,true,200,437
2026-06-18T01:00:00+00:00,P-001,EU,braintree,true,200,152
2026-06-18T01:00:00+00:00,P-002,APAC,stripe,false,insufficient_funds,1288
2026-06-18T01:00:00+00:00,P-002,APAC,stripe,true,200,374
2026-06-18T01:00:00+00:00,P-002,APAC,stripe,true,200,198
2026-06-18T01:00:00+00:00,P-002,APAC,stripe,true,200,285
2026-06-18T01:00:00+00:00,P-002,APAC,stripe,true,200,284
2026-06-18T01:00:00+00:00,P-002,APAC,stripe,true,200,387
2026-06-18T01:00:00+00:00,P-002,APAC,stripe,true,200,142
2026-06-18T01:00:00+00:00,P-002,APAC,stripe,true,200,186
2026-06-18T01:00:00+00:00,P-002,APAC,braintree,true,200,223
2026-06-18T01:00:00+00:00,P-002,APAC,braintree,true,200,218
2026-06-18T01:00:00+00:00,P-002,APAC,braintree,true,200,412
2026-06-18T01:00:00+00:00,P-002,APAC,braintree,true,200,318
2026-06-18T01:00:00+00:00,P-003,LATAM,stripe,true,200,439
2026-06-18T01:00:00+00:00,P-003,LATAM,stripe,true,200,251
2026-06-18T01:00:00+00:00,P-003,LATAM,stripe,true,200,233
2026-06-18T01:00:00+00:00,P-003,LATAM,stripe,true,200,156
2026-06-18T01:00:00+00:00,P-003,LATAM,stripe,true,200,226
2026-06-18T01:00:00+00:00,P-003,LATAM,stripe,true,200,160
2026-06-18T01:00:00+00:00,P-003,LATAM,stripe,true,200,447
2026-06-18T01:00:00+00:00,P-003,LATAM,stripe,true,200,405
2026-06-18T01:00:00+00:00,P-003,LATAM,braintree,false,gateway_unavailable,1655
2026-06-18T01:00:00+00:00,P-003,LATAM,braintree,true,200,149
2026-06-18T01:00:00+00:00,P-003,LATAM,braintree,true,200,256
2026-06-18T01:00:00+00:00,P-003,LATAM,braintree,true,200,156
2026-06-18T01:00:00+00:00,P-003,LATAM,braintree,true,200,159
2026-06-18T01:00:00+00:00,P-003,LATAM,braintree,false,avs_mismatch,1098
2026-06-18T01:00:00+00:00,P-003,LATAM,braintree,true,200,238
2026-06-18T01:00:00+00:00,P-003,LATAM,braintree,true,200,217
2026-06-18T02:00:00+00:00,P-001,EU,stripe,true,200,247
2026-06-18T02:00:00+00:00,P-001,EU,stripe,true,200,211
2026-06-18T02:00:00+00:00,P-001,EU,stripe,true,200,405
2026-06-18T02:00:00+00:00,P-001,EU,stripe,true,200,174
2026-06-18T02:00:00+00:00,P-001,EU,braintree,true,200,465
2026-06-18T02:00:00+00:00,P-001,EU,braintree,true,200,460
2026-06-18T02:00:00+00:00,P-001,EU,braintree,true,200,173
2026-06-18T02:00:00+00:00,P-001,EU,braintree,true,200,212
2026-06-18T02:00:00+00:00,P-001,EU,braintree,true,200,378
2026-06-18T02:00:00+00:00,P-001,EU,braintree,true,200,200
2026-06-18T02:00:00+00:00,P-001,EU,braintree,true,200,427
2026-06-18T02:00:00+00:00,P-001,EU,braintree,true,200,300
2026-06-18T02:00:00+00:00,P-002,APAC,stripe,true,200,286
2026-06-18T02:00:00+00:00,P-002,APAC,stripe,true,200,331
2026-06-18T02:00:00+00:00,P-002,APAC,stripe,true,200,340
2026-06-18T02:00:00+00:00,P-002,APAC,stripe,true,200,285
2026-06-18T02:00:00+00:00,P-002,APAC,stripe,true,200,408
2026-06-18T02:00:00+00:00,P-002,APAC,braintree,true,200,401
2026-06-18T02:00:00+00:00,P-002,APAC,braintree,true,200,250
2026-06-18T02:00:00+00:00,P-002,APAC,braintree,true,200,351
2026-06-18T02:00:00+00:00,P-002,APAC,braintree,true,200,323
2026-06-18T02:00:00+00:00,P-002,APAC,braintree,true,200,137
2026-06-18T02:00:00+00:00,P-002,APAC,braintree,false,avs_mismatch,933
2026-06-18T02:00:00+00:00,P-002,APAC,braintree,true,200,274
2026-06-18T02:00:00+00:00,P-003,LATAM,stripe,true,200,233
2026-06-18T02:00:00+00:00,P-003,LATAM,stripe,true,200,281
2026-06-18T02:00:00+00:00,P-003,LATAM,stripe,true,200,473
2026-06-18T02:00:00+00:00,P-003,LATAM,braintree,true,200,381
2026-06-18T02:00:00+00:00,P-003,LATAM,braintree,true,200,412
2026-06-18T02:00:00+00:00,P-003,LATAM,braintree,true,200,139
2026-06-18T02:00:00+00:00,P-003,LATAM,braintree,true,200,199
2026-06-18T02:00:00+00:00,P-003,LATAM,braintree,true,200,307
2026-06-18T03:00:00+00:00,P-001,EU,stripe,true,200,251
2026-06-18T03:00:00+00:00,P-001,EU,stripe,true,200,167
2026-06-18T03:00:00+00:00,P-001,EU,stripe,true,200,411
2026-06-18T03:00:00+00:00,P-001,EU,stripe,true,200,159
2026-06-18T03:00:00+00:00,P-001,EU,stripe,true,200,367
2026-06-18T03:00:00+00:00,P-001,EU,stripe,true,200,473
2026-06-18T03:00:00+00:00,P-001,EU,stripe,true,200,168
2026-06-18T03:00:00+00:00,P-001,EU,braintree,true,200,139
2026-06-18T03:00:00+00:00,P-001,EU,braintree,true,200,415
2026-06-18T03:00:00+00:00,P-001,EU,braintree,true,200,148
2026-06-18T03:00:00+00:00,P-001,EU,braintree,true,200,291
2026-06-18T03:00:00+00:00,P-001,EU,braintree,true,200,342
2026-06-18T03:00:00+00:00,P-001,EU,braintree,true,200,181
2026-06-18T03:00:00+00:00,P-001,EU,braintree,true,200,236
2026-06-18T03:00:00+00:00,P-002,APAC,stripe,true,200,428
2026-06-18T03:00:00+00:00,P-002,APAC,stripe,true,200,444
2026-06-18T03:00:00+00:00,P-002,APAC,stripe,true,200,315
2026-06-18T03:00:00+00:00,P-002,APAC,stripe,true,200,388
2026-06-18T03:00:00+00:00,P-002,APAC,stripe,true,200,396
2026-06-18T03:00:00+00:00,P-002,APAC,stripe,true,200,287
2026-06-18T03:00:00+00:00,P-002,APAC,stripe,true,200,233
2026-06-18T03:00:00+00:00,P-002,APAC,stripe,true,200,464
2026-06-18T03:00:00+00:00,P-002,APAC,braintree,false,gateway_unavailable,2441
2026-06-18T03:00:00+00:00,P-002,APAC,braintree,true,200,378
2026-06-18T03:00:00+00:00,P-002,APAC,braintree,true,200,341
2026-06-18T03:00:00+00:00,P-002,APAC,braintree,true,200,321
2026-06-18T03:00:00+00:00,P-002,APAC,braintree,true,200,292
2026-06-18T03:00:00+00:00,P-002,APAC,braintree,true,200,412
2026-06-18T03:00:00+00:00,P-002,APAC,braintree,true,200,400
2026-06-18T03:00:00+00:00,P-002,APAC,braintree,true,200,163
2026-06-18T03:00:00+00:00,P-003,LATAM,stripe,true,200,477
2026-06-18T03:00:00+00:00,P-003,LATAM,stripe,true,200,189
2026-06-18T03:00:00+00:00,P-003,LATAM,stripe,true,200,221
2026-06-18T03:00:00+00:00,P-003,LATAM,stripe,true,200,453
2026-06-18T03:00:00+00:00,P-003,LATAM,stripe,true,200,407
2026-06-18T03:00:00+00:00,P-003,LATAM,stripe,true,200,388
2026-06-18T03:00:00+00:00,P-003,LATAM,braintree,true,200,256
2026-06-18T03:00:00+00:00,P-003,LATAM,braintree,true,200,285
2026-06-18T03:00:00+00:00,P-003,LATAM,braintree,true,200,414
2026-06-18T03:00:00+00:00,P-003,LATAM,braintree,true,200,463
2026-06-18T04:00:00+00:00,P-001,EU,stripe,true,200,298
2026-06-18T04:00:00+00:00,P-001,EU,stripe,true,200,296
2026-06-18T04:00:00+00:00,P-001,EU,stripe,true,200,132
2026-06-18T04:00:00+00:00,P-001,EU,stripe,true,200,206
2026-06-18T04:00:00+00:00,P-001,EU,stripe,false,3ds_failed,1805
2026-06-18T04:00:00+00:00,P-001,EU,stripe,true,200,345
2026-06-18T04:00:00+00:00,P-001,EU,braintree,true,200,239
2026-06-18T04:00:00+00:00,P-001,EU,braintree,true,200,311
2026-06-18T04:00:00+00:00,P-001,EU,braintree,true,200,163
2026-06-18T04:00:00+00:00,P-002,APAC,stripe,true,200,244
2026-06-18T04:00:00+00:00,P-002,APAC,stripe,true,200,195
2026-06-18T04:00:00+00:00,P-002,APAC,stripe,true,200,267
2026-06-18T04:00:00+00:00,P-002,APAC,braintree,true,200,176
2026-06-18T04:00:00+00:00,P-002,APAC,braintree,true,200,361
2026-06-18T04:00:00+00:00,P-002,APAC,braintree,true,200,227
2026-06-18T04:00:00+00:00,P-003,LATAM,stripe,true,200,224
2026-06-18T04:00:00+00:00,P-003,LATAM,stripe,true,200,252
2026-06-18T04:00:00+00:00,P-003,LATAM,stripe,true,200,438
2026-06-18T04:00:00+00:00,P-003,LATAM,stripe,true,200,192
2026-06-18T04:00:00+00:00,P-003,LATAM,stripe,true,200,462
2026-06-18T04:00:00+00:00,P-003,LATAM,stripe,true,200,418
2026-06-18T04:00:00+00:00,P-003,LATAM,stripe,true,200,389
2026-06-18T04:00:00+00:00,P-003,LATAM,stripe,true,200,207
2026-06-18T04:00:00+00:00,P-003,LATAM,braintree,true,200,476
2026-06-18T04:00:00+00:00,P-003,LATAM,braintree,true,200,147
2026-06-18T04:00:00+00:00,P-003,LATAM,braintree,true,200,124
2026-06-18T05:00:00+00:00,P-001,EU,stripe,true,200,258
2026-06-18T05:00:00+00:00,P-001,EU,stripe,true,200,457
2026-06-18T05:00:00+00:00,P-001,EU,stripe,true,200,175
2026-06-18T05:00:00+00:00,P-001,EU,braintree,true,200,452
2026-06-18T05:00:00+00:00,P-001,EU,braintree,true,200,314
2026-06-18T05:00:00+00:00,P-001,EU,braintree,true,200,170
2026-06-18T05:00:00+00:00,P-002,APAC,stripe,true,200,425
2026-06-18T05:00:00+00:00,P-002,APAC,stripe,true,200,215
2026-06-18T05:00:00+00:00,P-002,APAC,stripe,true,200,354
2026-06-18T05:00:00+00:00,P-002,APAC,stripe,true,200,131
2026-06-18T05:00:00+00:00,P-002,APAC,stripe,true,200,391
2026-06-18T05:00:00+00:00,P-002,APAC,braintree,true,200,321
2026-06-18T05:00:00+00:00,P-002,APAC,braintree,true,200,129
2026-06-18T05:00:00+00:00,P-002,APAC,braintree,true,200,300
2026-06-18T05:00:00+00:00,P-002,APAC,braintree,true,200,274
2026-06-18T05:00:00+00:00,P-002,APAC,braintree,true,200,376
2026-06-18T05:00:00+00:00,P-003,LATAM,stripe,true,200,440
2026-06-18T05:00:00+00:00,P-003,LATAM,stripe,true,200,318
2026-06-18T05:00:00+00:00,P-003,LATAM,stripe,true,200,135
2026-06-18T05:00:00+00:00,P-003,LATAM,stripe,true,200,263
2026-06-18T05:00:00+00:00,P-003,LATAM,stripe,true,200,294
2026-06-18T05:00:00+00:00,P-003,LATAM,braintree,true,200,164
2026-06-18T05:00:00+00:00,P-003,LATAM,braintree,true,200,386
2026-06-18T05:00:00+00:00,P-003,LATAM,braintree,false,avs_mismatch,2181
2026-06-18T05:00:00+00:00,P-003,LATAM,braintree,true,200,333
2026-06-18T05:00:00+00:00,P-003,LATAM,braintree,true,200,198
2026-06-18T05:00:00+00:00,P-003,LATAM,braintree,true,200,279
2026-06-18T06:00:00+00:00,P-001,EU,stripe,true,200,397
2026-06-18T06:00:00+00:00,P-001,EU,stripe,true,200,454
2026-06-18T06:00:00+00:00,P-001,EU,stripe,true,200,397
2026-06-18T06:00:00+00:00,P-001,EU,stripe,true,200,223
2026-06-18T06:00:00+00:00,P-001,EU,stripe,true,200,278
2026-06-18T06:00:00+00:00,P-001,EU,stripe,true,200,388
2026-06-18T06:00:00+00:00,P-001,EU,stripe,true,200,340
2026-06-18T06:00:00+00:00,P-001,EU,braintree,true,200,409
2026-06-18T06:00:00+00:00,P-001,EU,braintree,true,200,282
2026-06-18T06:00:00+00:00,P-001,EU,braintree,true,200,392
2026-06-18T06:00:00+00:00,P-001,EU,braintree,false,processor_timeout,1277
2026-06-18T06:00:00+00:00,P-002,APAC,stripe,true,200,194
2026-06-18T06:00:00+00:00,P-002,APAC,stripe,true,200,283
2026-06-18T06:00:00+00:00,P-002,APAC,stripe,true,200,331
2026-06-18T06:00:00+00:00,P-002,APAC,stripe,false,insufficient_funds,1807
2026-06-18T06:00:00+00:00,P-002,APAC,stripe,true,200,446
2026-06-18T06:00:00+00:00,P-002,APAC,braintree,true,200,216
2026-06-18T06:00:00+00:00,P-002,APAC,braintree,true,200,214
2026-06-18T06:00:00+00:00,P-002,APAC,braintree,true,200,433
2026-06-18T06:00:00+00:00,P-002,APAC,braintree,true,200,430
2026-06-18T06:00:00+00:00,P-002,APAC,braintree,true,200,238
2026-06-18T06:00:00+00:00,P-002,APAC,braintree,true,200,238
2026-06-18T06:00:00+00:00,P-002,APAC,braintree,true,200,303
2026-06-18T06:00:00+00:00,P-002,APAC,braintree,true,200,364
2026-06-18T06:00:00+00:00,P-003,LATAM,stripe,true,200,429
2026-06-18T06:00:00+00:00,P-003,LATAM,stripe,true,200,452
2026-06-18T06:00:00+00:00,P-003,LATAM,stripe,true,200,318
2026-06-18T06:00:00+00:00,P-003,LATAM,stripe,true,200,190
2026-06-18T06:00:00+00:00,P-003,LATAM,braintree,true,200,136
2026-06-18T06:00:00+00:00,P-003,LATAM,braintree,true,200,127
2026-06-18T06:00:00+00:00,P-003,LATAM,braintree,true,200,331
2026-06-18T06:00:00+00:00,P-003,LATAM,braintree,true,200,463
2026-06-18T07:00:00+00:00,P-001,EU,stripe,true,200,153
2026-06-18T07:00:00+00:00,P-001,EU,stripe,true,200,344
2026-06-18T07:00:00+00:00,P-001,EU,stripe,true,200,370
2026-06-18T07:00:00+00:00,P-001,EU,stripe,true,200,354
2026-06-18T07:00:00+00:00,P-001,EU,braintree,true,200,141
2026-06-18T07:00:00+00:00,P-001,EU,braintree,true,200,314
2026-06-18T07:00:00+00:00,P-001,EU,braintree,true,200,321
2026-06-18T07:00:00+00:00,P-001,EU,braintree,true,200,412
2026-06-18T07:00:00+00:00,P-002,APAC,stripe,true,200,448
2026-06-18T07:00:00+00:00,P-002,APAC,stripe,true,200,139
2026-06-18T07:00:00+00:00,P-002,APAC,stripe,true,200,351
2026-06-18T07:00:00+00:00,P-002,APAC,stripe,true,200,141
2026-06-18T07:00:00+00:00,P-002,APAC,stripe,true,200,245
2026-06-18T07:00:00+00:00,P-002,APAC,stripe,true,200,322
2026-06-18T07:00:00+00:00,P-002,APAC,stripe,false,card_declined,2042
2026-06-18T07:00:00+00:00,P-002,APAC,braintree,true,200,442
2026-06-18T07:00:00+00:00,P-002,APAC,braintree,false,processor_timeout,1496
2026-06-18T07:00:00+00:00,P-002,APAC,braintree,true,200,275
2026-06-18T07:00:00+00:00,P-002,APAC,braintree,true,200,266
2026-06-18T07:00:00+00:00,P-002,APAC,braintree,true,200,336
2026-06-18T07:00:00+00:00,P-002,APAC,braintree,true,200,147
2026-06-18T07:00:00+00:00,P-003,LATAM,stripe,true,200,192
2026-06-18T07:00:00+00:00,P-003,LATAM,stripe,true,200,450
2026-06-18T07:00:00+00:00,P-003,LATAM,stripe,true,200,376
2026-06-18T07:00:00+00:00,P-003,LATAM,stripe,true,200,419
2026-06-18T07:00:00+00:00,P-003,LATAM,stripe,true,200,476
2026-06-18T07:00:00+00:00,P-003,LATAM,stripe,true,200,321
2026-06-18T07:00:00+00:00,P-003,LATAM,stripe,true,200,350
2026-06-18T07:00:00+00:00,P-003,LATAM,stripe,true,200,352
2026-06-18T07:00:00+00:00,P-003,LATAM,braintree,true,200,223
2026-06-18T07:00:00+00:00,P-003,LATAM,braintree,true,200,166
2026-06-18T07:00:00+00:00,P-003,LATAM,braintree,true,200,474
2026-06-18T07:00:00+00:00,P-003,LATAM,braintree,true,200,203
2026-06-18T07:00:00+00:00,P-003,LATAM,braintree,true,200,183
2026-06-18T07:00:00+00:00,P-003,LATAM,braintree,true,200,350
2026-06-18T07:00:00+00:00,P-003,LATAM,braintree,true,200,163
2026-06-18T08:00:00+00:00,P-001,EU,stripe,true,200,381
2026-06-18T08:00:00+00:00,P-001,EU,stripe,true,200,201
2026-06-18T08:00:00+00:00,P-001,EU,stripe,true,200,314
2026-06-18T08:00:00+00:00,P-001,EU,stripe,true,200,207
2026-06-18T08:00:00+00:00,P-001,EU,stripe,true,200,409
2026-06-18T08:00:00+00:00,P-001,EU,stripe,true,200,196
2026-06-18T08:00:00+00:00,P-001,EU,stripe,true,200,194
2026-06-18T08:00:00+00:00,P-001,EU,braintree,true,200,146
2026-06-18T08:00:00+00:00,P-001,EU,braintree,true,200,278
2026-06-18T08:00:00+00:00,P-001,EU,braintree,true,200,348
2026-06-18T08:00:00+00:00,P-001,EU,braintree,true,200,212
2026-06-18T08:00:00+00:00,P-002,APAC,stripe,true,200,223
2026-06-18T08:00:00+00:00,P-002,APAC,stripe,true,200,249
2026-06-18T08:00:00+00:00,P-002,APAC,stripe,true,200,374
2026-06-18T08:00:00+00:00,P-002,APAC,braintree,true,200,122
2026-06-18T08:00:00+00:00,P-002,APAC,braintree,true,200,372
2026-06-18T08:00:00+00:00,P-002,APAC,braintree,true,200,421
2026-06-18T08:00:00+00:00,P-002,APAC,braintree,true,200,352
2026-06-18T08:00:00+00:00,P-002,APAC,braintree,true,200,160
2026-06-18T08:00:00+00:00,P-002,APAC,braintree,true,200,123
2026-06-18T08:00:00+00:00,P-003,LATAM,stripe,true,200,262
2026-06-18T08:00:00+00:00,P-003,LATAM,stripe,true,200,405
2026-06-18T08:00:00+00:00,P-003,LATAM,stripe,true,200,226
2026-06-18T08:00:00+00:00,P-003,LATAM,stripe,true,200,195
2026-06-18T08:00:00+00:00,P-003,LATAM,braintree,true,200,138
2026-06-18T08:00:00+00:00,P-003,LATAM,braintree,true,200,136
2026-06-18T08:00:00+00:00,P-003,LATAM,braintree,true,200,428
2026-06-18T09:00:00+00:00,P-001,EU,stripe,true,200,164
2026-06-18T09:00:00+00:00,P-001,EU,stripe,true,200,333
2026-06-18T09:00:00+00:00,P-001,EU,stripe,false,card_declined,2276
2026-06-18T09:00:00+00:00,P-001,EU,stripe,true,200,458
2026-06-18T09:00:00+00:00,P-001,EU,stripe,true,200,424
2026-06-18T09:00:00+00:00,P-001,EU,braintree,true,200,210
2026-06-18T09:00:00+00:00,P-001,EU,braintree,false,avs_mismatch,2085
2026-06-18T09:00:00+00:00,P-001,EU,braintree,true,200,138
2026-06-18T09:00:00+00:00,P-001,EU,braintree,true,200,273
2026-06-18T09:00:00+00:00,P-001,EU,braintree,true,200,314
2026-06-18T09:00:00+00:00,P-001,EU,braintree,true,200,338
2026-06-18T09:00:00+00:00,P-001,EU,braintree,true,200,153
2026-06-18T09:00:00+00:00,P-002,APAC,stripe,true,200,182
2026-06-18T09:00:00+00:00,P-002,APAC,stripe,true,200,260
2026-06-18T09:00:00+00:00,P-002,APAC,stripe,true,200,331
2026-06-18T09:00:00+00:00,P-002,APAC,stripe,true,200,476
2026-06-18T09:00:00+00:00,P-002,APAC,stripe,true,200,149
2026-06-18T09:00:00+00:00,P-002,APAC,braintree,true,200,442
2026-06-18T09:00:00+00:00,P-002,APAC,braintree,true,200,164
2026-06-18T09:00:00+00:00,P-002,APAC,braintree,true,200,472
2026-06-18T09:00:00+00:00,P-003,LATAM,stripe,true,200,267
2026-06-18T09:00:00+00:00,P-003,LATAM,stripe,true,200,282
2026-06-18T09:00:00+00:00,P-003,LATAM,stripe,true,200,414
2026-06-18T09:00:00+00:00,P-003,LATAM,stripe,false,insufficient_funds,1165
2026-06-18T09:00:00+00:00,P-003,LATAM,stripe,true,200,374
2026-06-18T09:00:00+00:00,P-003,LATAM,stripe,true,200,443
2026-06-18T09:00:00+00:00,P-003,LATAM,stripe,true,200,212
2026-06-18T09:00:00+00:00,P-003,LATAM,braintree,true,200,268
2026-06-18T09:00:00+00:00,P-003,LATAM,braintree,false,processor_timeout,1142
2026-06-18T09:00:00+00:00,P-003,LATAM,braintree,true,200,440
2026-06-18T09:00:00+00:00,P-003,LATAM,braintree,true,200,226
2026-06-18T09:00:00+00:00,P-003,LATAM,braintree,true,200,332
2026-06-18T09:00:00+00:00,P-003,LATAM,braintree,true,200,290
2026-06-18T09:00:00+00:00,P-003,LATAM,braintree,true,200,446
2026-06-18T10:00:00+00:00,P-001,EU,stripe,true,200,223
2026-06-18T10:00:00+00:00,P-001,EU,stripe,true,200,250
2026-06-18T10:00:00+00:00,P-001,EU,stripe,true,200,277
2026-06-18T10:00:00+00:00,P-001,EU,stripe,true,200,401
2026-06-18T10:00:00+00:00,P-001,EU,braintree,true,200,178
2026-06-18T10:00:00+00:00,P-001,EU,braintree,true,200,294
2026-06-18T10:00:00+00:00,P-001,EU,braintree,true,200,411
2026-06-18T10:00:00+00:00,P-001,EU,braintree,true,200,134
2026-06-18T10:00:00+00:00,P-001,EU,braintree,true,200,219
2026-06-18T10:00:00+00:00,P-002,APAC,stripe,true,200,464
2026-06-18T10:00:00+00:00,P-002,APAC,stripe,true,200,362
2026-06-18T10:00:00+00:00,P-002,APAC,stripe,true,200,450
2026-06-18T10:00:00+00:00,P-002,APAC,stripe,true,200,199
2026-06-18T10:00:00+00:00,P-002,APAC,stripe,true,200,394
2026-06-18T10:00:00+00:00,P-002,APAC,braintree,true,200,331
2026-06-18T10:00:00+00:00,P-002,APAC,braintree,true,200,148
2026-06-18T10:00:00+00:00,P-002,APAC,braintree,true,200,273
2026-06-18T10:00:00+00:00,P-002,APAC,braintree,true,200,467
2026-06-18T10:00:00+00:00,P-002,APAC,braintree,true,200,394
2026-06-18T10:00:00+00:00,P-003,LATAM,stripe,true,200,470
2026-06-18T10:00:00+00:00,P-003,LATAM,stripe,true,200,301
2026-06-18T10:00:00+00:00,P-003,LATAM,stripe,true,200,196
2026-06-18T10:00:00+00:00,P-003,LATAM,braintree,true,200,293
2026-06-18T10:00:00+00:00,P-003,LATAM,braintree,false,avs_mismatch,1994
2026-06-18T10:00:00+00:00,P-003,LATAM,braintree,true,200,412
2026-06-18T10:00:00+00:00,P-003,LATAM,braintree,true,200,215
2026-06-18T10:00:00+00:00,P-003,LATAM,braintree,true,200,277
2026-06-18T11:00:00+00:00,P-001,EU,stripe,true,200,136
2026-06-18T11:00:00+00:00,P-001,EU,stripe,true,200,164
2026-06-18T11:00:00+00:00,P-001,EU,stripe,true,200,241
2026-06-18T11:00:00+00:00,P-001,EU,stripe,true,200,274
2026-06-18T11:00:00+00:00,P-001,EU,stripe,true,200,274
2026-06-18T11:00:00+00:00,P-001,EU,stripe,true,200,311
2026-06-18T11:00:00+00:00,P-001,EU,stripe,true,200,223
2026-06-18T11:00:00+00:00,P-001,EU,stripe,true,200,347
2026-06-18T11:00:00+00:00,P-001,EU,braintree,true,200,367
2026-06-18T11:00:00+00:00,P-001,EU,braintree,true,200,198
2026-06-18T11:00:00+00:00,P-001,EU,braintree,true,200,367
2026-06-18T11:00:00+00:00,P-001,EU,braintree,true,200,388
2026-06-18T11:00:00+00:00,P-001,EU,braintree,true,200,287
2026-06-18T11:00:00+00:00,P-001,EU,braintree,true,200,170
2026-06-18T11:00:00+00:00,P-001,EU,braintree,true,200,384
2026-06-18T11:00:00+00:00,P-002,APAC,stripe,false,card_declined,2383
2026-06-18T11:00:00+00:00,P-002,APAC,stripe,true,200,318
2026-06-18T11:00:00+00:00,P-002,APAC,stripe,true,200,387
2026-06-18T11:00:00+00:00,P-002,APAC,stripe,true,200,279
2026-06-18T11:00:00+00:00,P-002,APAC,stripe,true,200,471
2026-06-18T11:00:00+00:00,P-002,APAC,stripe,true,200,164
2026-06-18T11:00:00+00:00,P-002,APAC,stripe,true,200,143
2026-06-18T11:00:00+00:00,P-002,APAC,stripe,true,200,457
2026-06-18T11:00:00+00:00,P-002,APAC,braintree,true,200,415
2026-06-18T11:00:00+00:00,P-002,APAC,braintree,true,200,447
2026-06-18T11:00:00+00:00,P-002,APAC,braintree,true,200,284
2026-06-18T11:00:00+00:00,P-002,APAC,braintree,true,200,266
2026-06-18T11:00:00+00:00,P-002,APAC,braintree,true,200,283
2026-06-18T11:00:00+00:00,P-002,APAC,braintree,true,200,463
2026-06-18T11:00:00+00:00,P-002,APAC,braintree,true,200,196
2026-06-18T11:00:00+00:00,P-002,APAC,braintree,true,200,178
2026-06-18T11:00:00+00:00,P-003,LATAM,stripe,false,3ds_failed,1952
2026-06-18T11:00:00+00:00,P-003,LATAM,stripe,true,200,397
2026-06-18T11:00:00+00:00,P-003,LATAM,stripe,true,200,283
2026-06-18T11:00:00+00:00,P-003,LATAM,braintree,true,200,480
2026-06-18T11:00:00+00:00,P-003,LATAM,braintree,true,200,413
2026-06-18T11:00:00+00:00,P-003,LATAM,braintree,true,200,156
2026-06-18T11:00:00+00:00,P-003,LATAM,braintree,true,200,293
2026-06-18T11:00:00+00:00,P-003,LATAM,braintree,true,200,145
2026-06-18T12:00:00+00:00,P-001,EU,stripe,true,200,465
2026-06-18T12:00:00+00:00,P-001,EU,stripe,true,200,316
2026-06-18T12:00:00+00:00,P-001,EU,stripe,true,200,338
2026-06-18T12:00:00+00:00,P-001,EU,stripe,true,200,480
2026-06-18T12:00:00+00:00,P-001,EU,braintree,true,200,442
2026-06-18T12:00:00+00:00,P-001,EU,braintree,true,200,478
2026-06-18T12:00:00+00:00,P-001,EU,braintree,true,200,302
2026-06-18T12:00:00+00:00,P-001,EU,braintree,true,200,221
2026-06-18T12:00:00+00:00,P-001,EU,braintree,true,200,463
2026-06-18T12:00:00+00:00,P-001,EU,braintree,true,200,160
2026-06-18T12:00:00+00:00,P-001,EU,braintree,false,gateway_unavailable,2062
2026-06-18T12:00:00+00:00,P-002,APAC,stripe,true,200,477
2026-06-18T12:00:00+00:00,P-002,APAC,stripe,true,200,353
2026-06-18T12:00:00+00:00,P-002,APAC,stripe,true,200,449
2026-06-18T12:00:00+00:00,P-002,APAC,stripe,true,200,358
2026-06-18T12:00:00+00:00,P-002,APAC,braintree,true,200,234
2026-06-18T12:00:00+00:00,P-002,APAC,braintree,true,200,435
2026-06-18T12:00:00+00:00,P-002,APAC,braintree,true,200,306
2026-06-18T12:00:00+00:00,P-002,APAC,braintree,true,200,478
2026-06-18T12:00:00+00:00,P-002,APAC,braintree,true,200,289
2026-06-18T12:00:00+00:00,P-002,APAC,braintree,true,200,286
2026-06-18T12:00:00+00:00,P-003,LATAM,stripe,true,200,153
2026-06-18T12:00:00+00:00,P-003,LATAM,stripe,true,200,299
2026-06-18T12:00:00+00:00,P-003,LATAM,stripe,true,200,207
2026-06-18T12:00:00+00:00,P-003,LATAM,stripe,true,200,298
2026-06-18T12:00:00+00:00,P-003,LATAM,stripe,true,200,185
2026-06-18T12:00:00+00:00,P-003,LATAM,stripe,true,200,327
2026-06-18T12:00:00+00:00,P-003,LATAM,braintree,true,200,286
2026-06-18T12:00:00+00:00,P-003,LATAM,braintree,true,200,156
2026-06-18T12:00:00+00:00,P-003,LATAM,braintree,true,200,392
2026-06-18T12:00:00+00:00,P-003,LATAM,braintree,true,200,422
2026-06-18T12:00:00+00:00,P-003,LATAM,braintree,true,200,437
2026-06-18T12:00:00+00:00,P-003,LATAM,braintree,true,200,201
2026-06-18T12:00:00+00:00,P-003,LATAM,braintree,false,gateway_unavailable,1035
2026-06-18T12:00:00+00:00,P-003,LATAM,braintree,true,200,475
2026-06-18T13:00:00+00:00,P-001,EU,stripe,true,200,342
2026-06-18T13:00:00+00:00,P-001,EU,stripe,true,200,295
2026-06-18T13:00:00+00:00,P-001,EU,stripe,true,200,240
2026-06-18T13:00:00+00:00,P-001,EU,stripe,true,200,462
2026-06-18T13:00:00+00:00,P-001,EU,stripe,true,200,413
2026-06-18T13:00:00+00:00,P-001,EU,stripe,true,200,178
2026-06-18T13:00:00+00:00,P-001,EU,stripe,true,200,357
2026-06-18T13:00:00+00:00,P-001,EU,braintree,true,200,347
2026-06-18T13:00:00+00:00,P-001,EU,braintree,true,200,327
2026-06-18T13:00:00+00:00,P-001,EU,braintree,true,200,175
2026-06-18T13:00:00+00:00,P-001,EU,braintree,true,200,425
2026-06-18T13:00:00+00:00,P-001,EU,braintree,true,200,314
2026-06-18T13:00:00+00:00,P-002,APAC,stripe,true,200,458
2026-06-18T13:00:00+00:00,P-002,APAC,stripe,true,200,231
2026-06-18T13:00:00+00:00,P-002,APAC,stripe,true,200,417
2026-06-18T13:00:00+00:00,P-002,APAC,stripe,true,200,445
2026-06-18T13:00:00+00:00,P-002,APAC,stripe,true,200,195
2026-06-18T13:00:00+00:00,P-002,APAC,braintree,true,200,392
2026-06-18T13:00:00+00:00,P-002,APAC,braintree,true,200,435
2026-06-18T13:00:00+00:00,P-002,APAC,braintree,true,200,220
2026-06-18T13:00:00+00:00,P-002,APAC,braintree,true,200,282
2026-06-18T13:00:00+00:00,P-002,APAC,braintree,true,200,467
2026-06-18T13:00:00+00:00,P-002,APAC,braintree,true,200,342
2026-06-18T13:00:00+00:00,P-002,APAC,braintree,true,200,296
2026-06-18T13:00:00+00:00,P-002,APAC,braintree,false,avs_mismatch,916
2026-06-18T13:00:00+00:00,P-003,LATAM,stripe,false,insufficient_funds,1161
2026-06-18T13:00:00+00:00,P-003,LATAM,stripe,true,200,151
2026-06-18T13:00:00+00:00,P-003,LATAM,stripe,true,200,401
2026-06-18T13:00:00+00:00,P-003,LATAM,stripe,false,card_declined,2340
2026-06-18T13:00:00+00:00,P-003,LATAM,stripe,true,200,303
2026-06-18T13:00:00+00:00,P-003,LATAM,stripe,true,200,264
2026-06-18T13:00:00+00:00,P-003,LATAM,stripe,true,200,240
2026-06-18T13:00:00+00:00,P-003,LATAM,braintree,true,200,321
2026-06-18T13:00:00+00:00,P-003,LATAM,braintree,true,200,315
2026-06-18T13:00:00+00:00,P-003,LATAM,braintree,true,200,342
2026-06-18T13:00:00+00:00,P-003,LATAM,braintree,true,200,459
2026-06-18T13:00:00+00:00,P-003,LATAM,braintree,true,200,191
2026-06-18T13:00:00+00:00,P-003,LATAM,braintree,true,200,316
2026-06-18T14:00:00+00:00,P-001,EU,stripe,true,200,198
2026-06-18T14:00:00+00:00,P-001,EU,stripe,true,200,463
2026-06-18T14:00:00+00:00,P-001,EU,stripe,true,200,125
2026-06-18T14:00:00+00:00,P-001,EU,stripe,true,200,128
2026-06-18T14:00:00+00:00,P-001,EU,stripe,true,200,369
2026-06-18T14:00:00+00:00,P-001,EU,braintree,true,200,189
2026-06-18T14:00:00+00:00,P-001,EU,braintree,true,200,448
2026-06-18T14:00:00+00:00,P-001,EU,braintree,true,200,353
2026-06-18T14:00:00+00:00,P-001,EU,braintree,true,200,476
2026-06-18T14:00:00+00:00,P-001,EU,braintree,true,200,337
2026-06-18T14:00:00+00:00,P-001,EU,braintree,true,200,352
2026-06-18T14:00:00+00:00,P-001,EU,braintree,true,200,402
2026-06-18T14:00:00+00:00,P-001,EU,braintree,true,200,316
2026-06-18T14:00:00+00:00,P-002,APAC,stripe,true,200,337
2026-06-18T14:00:00+00:00,P-002,APAC,stripe,true,200,415
2026-06-18T14:00:00+00:00,P-002,APAC,stripe,true,200,241
2026-06-18T14:00:00+00:00,P-002,APAC,stripe,true,200,257
2026-06-18T14:00:00+00:00,P-002,APAC,stripe,true,200,399
2026-06-18T14:00:00+00:00,P-002,APAC,braintree,true,200,139
2026-06-18T14:00:00+00:00,P-002,APAC,braintree,true,200,480
2026-06-18T14:00:00+00:00,P-002,APAC,braintree,true,200,417
2026-06-18T14:00:00+00:00,P-002,APAC,braintree,true,200,473
2026-06-18T14:00:00+00:00,P-002,APAC,braintree,true,200,389
2026-06-18T14:00:00+00:00,P-002,APAC,braintree,false,gateway_unavailable,1852
2026-06-18T14:00:00+00:00,P-002,APAC,braintree,true,200,387
2026-06-18T14:00:00+00:00,P-003,LATAM,stripe,true,200,361
2026-06-18T14:00:00+00:00,P-003,LATAM,stripe,true,200,459
2026-06-18T14:00:00+00:00,P-003,LATAM,stripe,false,card_declined,2300
2026-06-18T14:00:00+00:00,P-003,LATAM,stripe,true,200,416
2026-06-18T14:00:00+00:00,P-003,LATAM,stripe,true,200,147
2026-06-18T14:00:00+00:00,P-003,LATAM,stripe,true,200,393
2026-06-18T14:00:00+00:00,P-003,LATAM,stripe,true,200,360
2026-06-18T14:00:00+00:00,P-003,LATAM,braintree,true,200,360
2026-06-18T14:00:00+00:00,P-003,LATAM,braintree,true,200,289
2026-06-18T14:00:00+00:00,P-003,LATAM,braintree,true,200,270
2026-06-18T14:00:00+00:00,P-003,LATAM,braintree,true,200,138
2026-06-18T14:00:00+00:00,P-003,LATAM,braintree,true,200,425
2026-06-18T14:00:00+00:00,P-003,LATAM,braintree,true,200,408
2026-06-18T15:00:00+00:00,P-001,EU,stripe,true,200,362
2026-06-18T15:00:00+00:00,P-001,EU,stripe,true,200,413
2026-06-18T15:00:00+00:00,P-001,EU,stripe,true,200,269
2026-06-18T15:00:00+00:00,P-001,EU,stripe,true,200,439
2026-06-18T15:00:00+00:00,P-001,EU,stripe,true,200,368
2026-06-18T15:00:00+00:00,P-001,EU,braintree,true,200,159
2026-06-18T15:00:00+00:00,P-001,EU,braintree,true,200,262
2026-06-18T15:00:00+00:00,P-001,EU,braintree,true,200,435
2026-06-18T15:00:00+00:00,P-002,APAC,stripe,true,200,251
2026-06-18T15:00:00+00:00,P-002,APAC,stripe,true,200,177
2026-06-18T15:00:00+00:00,P-002,APAC,stripe,true,200,422
2026-06-18T15:00:00+00:00,P-002,APAC,stripe,true,200,457
2026-06-18T15:00:00+00:00,P-002,APAC,stripe,true,200,209
2026-06-18T15:00:00+00:00,P-002,APAC,braintree,true,200,240
2026-06-18T15:00:00+00:00,P-002,APAC,braintree,true,200,390
2026-06-18T15:00:00+00:00,P-002,APAC,braintree,true,200,295
2026-06-18T15:00:00+00:00,P-002,APAC,braintree,false,processor_timeout,2119
2026-06-18T15:00:00+00:00,P-002,APAC,braintree,false,processor_timeout,1915
2026-06-18T15:00:00+00:00,P-003,LATAM,stripe,true,200,241
2026-06-18T15:00:00+00:00,P-003,LATAM,stripe,true,200,446
2026-06-18T15:00:00+00:00,P-003,LATAM,stripe,true,200,415
2026-06-18T15:00:00+00:00,P-003,LATAM,stripe,true,200,296
2026-06-18T15:00:00+00:00,P-003,LATAM,stripe,true,200,255
2026-06-18T15:00:00+00:00,P-003,LATAM,stripe,true,200,179
2026-06-18T15:00:00+00:00,P-003,LATAM,braintree,true,200,324
2026-06-18T15:00:00+00:00,P-003,LATAM,braintree,true,200,363
2026-06-18T15:00:00+00:00,P-003,LATAM,braintree,true,200,392
2026-06-18T16:00:00+00:00,P-001,EU,stripe,true,200,319
2026-06-18T16:00:00+00:00,P-001,EU,stripe,true,200,194
2026-06-18T16:00:00+00:00,P-001,EU,stripe,true,200,342
2026-06-18T16:00:00+00:00,P-001,EU,stripe,true,200,349
2026-06-18T16:00:00+00:00,P-001,EU,braintree,true,200,391
2026-06-18T16:00:00+00:00,P-001,EU,braintree,true,200,141
2026-06-18T16:00:00+00:00,P-001,EU,braintree,true,200,392
2026-06-18T16:00:00+00:00,P-001,EU,braintree,true,200,341
2026-06-18T16:00:00+00:00,P-001,EU,braintree,true,200,453
2026-06-18T16:00:00+00:00,P-001,EU,braintree,true,200,291
2026-06-18T16:00:00+00:00,P-002,APAC,stripe,true,200,170
2026-06-18T16:00:00+00:00,P-002,APAC,stripe,true,200,419
2026-06-18T16:00:00+00:00,P-002,APAC,stripe,true,200,465
2026-06-18T16:00:00+00:00,P-002,APAC,stripe,true,200,464
2026-06-18T16:00:00+00:00,P-002,APAC,stripe,true,200,219
2026-06-18T16:00:00+00:00,P-002,APAC,braintree,true,200,473
2026-06-18T16:00:00+00:00,P-002,APAC,braintree,false,gateway_unavailable,2021
2026-06-18T16:00:00+00:00,P-002,APAC,braintree,true,200,124
2026-06-18T16:00:00+00:00,P-002,APAC,braintree,true,200,126
2026-06-18T16:00:00+00:00,P-002,APAC,braintree,true,200,388
2026-06-18T16:00:00+00:00,P-002,APAC,braintree,true,200,348
2026-06-18T16:00:00+00:00,P-002,APAC,braintree,true,200,265
2026-06-18T16:00:00+00:00,P-003,LATAM,stripe,true,200,132
2026-06-18T16:00:00+00:00,P-003,LATAM,stripe,true,200,149
2026-06-18T16:00:00+00:00,P-003,LATAM,stripe,true,200,456
2026-06-18T16:00:00+00:00,P-003,LATAM,stripe,true,200,231
2026-06-18T16:00:00+00:00,P-003,LATAM,stripe,false,3ds_failed,1149
2026-06-18T16:00:00+00:00,P-003,LATAM,braintree,false,processor_timeout,2138
2026-06-18T16:00:00+00:00,P-003,LATAM,braintree,true,200,456
2026-06-18T16:00:00+00:00,P-003,LATAM,braintree,true,200,451
2026-06-18T16:00:00+00:00,P-003,LATAM,braintree,true,200,214
2026-06-18T16:00:00+00:00,P-003,LATAM,braintree,true,200,476
2026-06-18T16:00:00+00:00,P-003,LATAM,braintree,true,200,270
2026-06-18T16:00:00+00:00,P-003,LATAM,braintree,true,200,158
2026-06-18T16:00:00+00:00,P-003,LATAM,braintree,true,200,261
2026-06-18T17:00:00+00:00,P-001,EU,stripe,true,200,461
2026-06-18T17:00:00+00:00,P-001,EU,stripe,true,200,285
2026-06-18T17:00:00+00:00,P-001,EU,stripe,true,200,157
2026-06-18T17:00:00+00:00,P-001,EU,stripe,true,200,151
2026-06-18T17:00:00+00:00,P-001,EU,stripe,true,200,290
2026-06-18T17:00:00+00:00,P-001,EU,stripe,false,insufficient_funds,1442
2026-06-18T17:00:00+00:00,P-001,EU,braintree,true,200,371
2026-06-18T17:00:00+00:00,P-001,EU,braintree,false,processor_timeout,2149
2026-06-18T17:00:00+00:00,P-001,EU,braintree,true,200,450
2026-06-18T17:00:00+00:00,P-001,EU,braintree,true,200,193
2026-06-18T17:00:00+00:00,P-002,APAC,stripe,true,200,231
2026-06-18T17:00:00+00:00,P-002,APAC,stripe,true,200,174
2026-06-18T17:00:00+00:00,P-002,APAC,stripe,true,200,252
2026-06-18T17:00:00+00:00,P-002,APAC,stripe,true,200,157
2026-06-18T17:00:00+00:00,P-002,APAC,stripe,true,200,248
2026-06-18T17:00:00+00:00,P-002,APAC,stripe,true,200,129
2026-06-18T17:00:00+00:00,P-002,APAC,stripe,true,200,196
2026-06-18T17:00:00+00:00,P-002,APAC,braintree,true,200,139
2026-06-18T17:00:00+00:00,P-002,APAC,braintree,true,200,256
2026-06-18T17:00:00+00:00,P-002,APAC,braintree,true,200,288
2026-06-18T17:00:00+00:00,P-002,APAC,braintree,true,200,414
2026-06-18T17:00:00+00:00,P-002,APAC,braintree,true,200,371
2026-06-18T17:00:00+00:00,P-002,APAC,braintree,true,200,326
2026-06-18T17:00:00+00:00,P-002,APAC,braintree,true,200,155
2026-06-18T17:00:00+00:00,P-002,APAC,braintree,true,200,121
2026-06-18T17:00:00+00:00,P-003,LATAM,stripe,false,insufficient_funds,1148
2026-06-18T17:00:00+00:00,P-003,LATAM,stripe,true,200,303
2026-06-18T17:00:00+00:00,P-003,LATAM,stripe,true,200,275
2026-06-18T17:00:00+00:00,P-003,LATAM,stripe,true,200,443
2026-06-18T17:00:00+00:00,P-003,LATAM,stripe,false,3ds_failed,1085
2026-06-18T17:00:00+00:00,P-003,LATAM,stripe,true,200,294
2026-06-18T17:00:00+00:00,P-003,LATAM,braintree,true,200,268
2026-06-18T17:00:00+00:00,P-003,LATAM,braintree,true,200,210
2026-06-18T17:00:00+00:00,P-003,LATAM,braintree,true,200,316
2026-06-18T18:00:00+00:00,P-001,EU,stripe,true,200,476
2026-06-18T18:00:00+00:00,P-001,EU,stripe,true,200,174
2026-06-18T18:00:00+00:00,P-001,EU,stripe,true,200,303
2026-06-18T18:00:00+00:00,P-001,EU,stripe,true,200,443
2026-06-18T18:00:00+00:00,P-001,EU,stripe,true,200,217
2026-06-18T18:00:00+00:00,P-001,EU,stripe,true,200,218
2026-06-18T18:00:00+00:00,P-001,EU,stripe,true,200,423
2026-06-18T18:00:00+00:00,P-001,EU,stripe,true,200,319
2026-06-18T18:00:00+00:00,P-001,EU,braintree,true,200,449
2026-06-18T18:00:00+00:00,P-001,EU,braintree,true,200,393
2026-06-18T18:00:00+00:00,P-001,EU,braintree,false,gateway_unavailable,933
2026-06-18T18:00:00+00:00,P-002,APAC,stripe,true,200,292
2026-06-18T18:00:00+00:00,P-002,APAC,stripe,true,200,141
2026-06-18T18:00:00+00:00,P-002,APAC,stripe,true,200,228
2026-06-18T18:00:00+00:00,P-002,APAC,braintree,true,200,354
2026-06-18T18:00:00+00:00,P-002,APAC,braintree,false,avs_mismatch,1205
2026-06-18T18:00:00+00:00,P-002,APAC,braintree,true,200,239
2026-06-18T18:00:00+00:00,P-002,APAC,braintree,true,200,138
2026-06-18T18:00:00+00:00,P-002,APAC,braintree,true,200,370
2026-06-18T18:00:00+00:00,P-002,APAC,braintree,true,200,361
2026-06-18T18:00:00+00:00,P-002,APAC,braintree,true,200,436
2026-06-18T18:00:00+00:00,P-002,APAC,braintree,true,200,479
2026-06-18T18:00:00+00:00,P-003,LATAM,stripe,true,200,208
2026-06-18T18:00:00+00:00,P-003,LATAM,stripe,true,200,277
2026-06-18T18:00:00+00:00,P-003,LATAM,stripe,true,200,169
2026-06-18T18:00:00+00:00,P-003,LATAM,stripe,true,200,207
2026-06-18T18:00:00+00:00,P-003,LATAM,stripe,true,200,152
2026-06-18T18:00:00+00:00,P-003,LATAM,stripe,true,200,174
2026-06-18T18:00:00+00:00,P-003,LATAM,stripe,true,200,424
2026-06-18T18:00:00+00:00,P-003,LATAM,stripe,true,200,232
2026-06-18T18:00:00+00:00,P-003,LATAM,braintree,true,200,338
2026-06-18T18:00:00+00:00,P-003,LATAM,braintree,true,200,467
2026-06-18T18:00:00+00:00,P-003,LATAM,braintree,true,200,181
2026-06-18T19:00:00+00:00,P-001,EU,stripe,true,200,190
2026-06-18T19:00:00+00:00,P-001,EU,stripe,true,200,229
2026-06-18T19:00:00+00:00,P-001,EU,stripe,true,200,423
2026-06-18T19:00:00+00:00,P-001,EU,stripe,true,200,152
2026-06-18T19:00:00+00:00,P-001,EU,stripe,true,200,192
2026-06-18T19:00:00+00:00,P-001,EU,stripe,true,200,206
2026-06-18T19:00:00+00:00,P-001,EU,stripe,true,200,403
2026-06-18T19:00:00+00:00,P-001,EU,stripe,true,200,244
2026-06-18T19:00:00+00:00,P-001,EU,braintree,true,200,171
2026-06-18T19:00:00+00:00,P-001,EU,braintree,true,200,443
2026-06-18T19:00:00+00:00,P-001,EU,braintree,true,200,200
2026-06-18T19:00:00+00:00,P-001,EU,braintree,true,200,369
2026-06-18T19:00:00+00:00,P-001,EU,braintree,true,200,123
2026-06-18T19:00:00+00:00,P-001,EU,braintree,true,200,165
2026-06-18T19:00:00+00:00,P-001,EU,braintree,true,200,423
2026-06-18T19:00:00+00:00,P-002,APAC,stripe,true,200,363
2026-06-18T19:00:00+00:00,P-002,APAC,stripe,true,200,225
2026-06-18T19:00:00+00:00,P-002,APAC,stripe,true,200,258
2026-06-18T19:00:00+00:00,P-002,APAC,stripe,true,200,330
2026-06-18T19:00:00+00:00,P-002,APAC,stripe,true,200,209
2026-06-18T19:00:00+00:00,P-002,APAC,braintree,true,200,425
2026-06-18T19:00:00+00:00,P-002,APAC,braintree,true,200,375
2026-06-18T19:00:00+00:00,P-002,APAC,braintree,true,200,165
2026-06-18T19:00:00+00:00,P-002,APAC,braintree,true,200,274
2026-06-18T19:00:00+00:00,P-002,APAC,braintree,true,200,122
2026-06-18T19:00:00+00:00,P-002,APAC,braintree,true,200,218
2026-06-18T19:00:00+00:00,P-002,APAC,braintree,true,200,391
2026-06-18T19:00:00+00:00,P-003,LATAM,stripe,true,200,396
2026-06-18T19:00:00+00:00,P-003,LATAM,stripe,true,200,357
2026-06-18T19:00:00+00:00,P-003,LATAM,stripe,true,200,457
2026-06-18T19:00:00+00:00,P-003,LATAM,braintree,true,200,219
2026-06-18T19:00:00+00:00,P-003,LATAM,braintree,true,200,196
2026-06-18T19:00:00+00:00,P-003,LATAM,braintree,true,200,362
2026-06-18T19:00:00+00:00,P-003,LATAM,braintree,true,200,201
2026-06-18T20:00:00+00:00,P-001,EU,stripe,true,200,147
2026-06-18T20:00:00+00:00,P-001,EU,stripe,true,200,265
2026-06-18T20:00:00+00:00,P-001,EU,stripe,true,200,248
2026-06-18T20:00:00+00:00,P-001,EU,stripe,true,200,352
2026-06-18T20:00:00+00:00,P-001,EU,stripe,true,200,146
2026-06-18T20:00:00+00:00,P-001,EU,stripe,true,200,210
2026-06-18T20:00:00+00:00,P-001,EU,stripe,true,200,134
2026-06-18T20:00:00+00:00,P-001,EU,stripe,true,200,179
2026-06-18T20:00:00+00:00,P-001,EU,braintree,true,200,347
2026-06-18T20:00:00+00:00,P-001,EU,braintree,true,200,286
2026-06-18T20:00:00+00:00,P-001,EU,braintree,true,200,466
2026-06-18T20:00:00+00:00,P-002,APAC,stripe,true,200,176
2026-06-18T20:00:00+00:00,P-002,APAC,stripe,true,200,170
2026-06-18T20:00:00+00:00,P-002,APAC,stripe,true,200,331
2026-06-18T20:00:00+00:00,P-002,APAC,stripe,true,200,312
2026-06-18T20:00:00+00:00,P-002,APAC,stripe,true,200,157
2026-06-18T20:00:00+00:00,P-002,APAC,braintree,true,200,147
2026-06-18T20:00:00+00:00,P-002,APAC,braintree,true,200,194
2026-06-18T20:00:00+00:00,P-002,APAC,braintree,true,200,432
2026-06-18T20:00:00+00:00,P-002,APAC,braintree,true,200,318
2026-06-18T20:00:00+00:00,P-002,APAC,braintree,true,200,354
2026-06-18T20:00:00+00:00,P-002,APAC,braintree,true,200,443
2026-06-18T20:00:00+00:00,P-003,LATAM,stripe,false,card_declined,1587
2026-06-18T20:00:00+00:00,P-003,LATAM,stripe,true,200,474
2026-06-18T20:00:00+00:00,P-003,LATAM,stripe,true,200,263
2026-06-18T20:00:00+00:00,P-003,LATAM,stripe,true,200,358
2026-06-18T20:00:00+00:00,P-003,LATAM,stripe,true,200,207
2026-06-18T20:00:00+00:00,P-003,LATAM,braintree,true,200,271
2026-06-18T20:00:00+00:00,P-003,LATAM,braintree,true,200,446
2026-06-18T20:00:00+00:00,P-003,LATAM,braintree,false,processor_timeout,2083
2026-06-18T20:00:00+00:00,P-003,LATAM,braintree,false,processor_timeout,1077
2026-06-18T20:00:00+00:00,P-003,LATAM,braintree,true,200,387
2026-06-18T21:00:00+00:00,P-001,EU,stripe,true,200,230
2026-06-18T21:00:00+00:00,P-001,EU,stripe,true,200,356
2026-06-18T21:00:00+00:00,P-001,EU,stripe,true,200,339
2026-06-18T21:00:00+00:00,P-001,EU,stripe,true,200,246
2026-06-18T21:00:00+00:00,P-001,EU,stripe,true,200,342
2026-06-18T21:00:00+00:00,P-001,EU,stripe,true,200,422
2026-06-18T21:00:00+00:00,P-001,EU,braintree,true,200,122
2026-06-18T21:00:00+00:00,P-001,EU,braintree,true,200,142
2026-06-18T21:00:00+00:00,P-001,EU,braintree,true,200,360
2026-06-18T21:00:00+00:00,P-001,EU,braintree,true,200,378
2026-06-18T21:00:00+00:00,P-002,APAC,stripe,true,200,321
2026-06-18T21:00:00+00:00,P-002,APAC,stripe,true,200,476
2026-06-18T21:00:00+00:00,P-002,APAC,stripe,true,200,351
2026-06-18T21:00:00+00:00,P-002,APAC,braintree,true,200,405
2026-06-18T21:00:00+00:00,P-002,APAC,braintree,true,200,474
2026-06-18T21:00:00+00:00,P-002,APAC,braintree,true,200,231
2026-06-18T21:00:00+00:00,P-002,APAC,braintree,true,200,271
2026-06-18T21:00:00+00:00,P-002,APAC,braintree,true,200,166
2026-06-18T21:00:00+00:00,P-002,APAC,braintree,true,200,462
2026-06-18T21:00:00+00:00,P-003,LATAM,stripe,true,200,355
2026-06-18T21:00:00+00:00,P-003,LATAM,stripe,true,200,418
2026-06-18T21:00:00+00:00,P-003,LATAM,stripe,true,200,352
2026-06-18T21:00:00+00:00,P-003,LATAM,stripe,true,200,190
2026-06-18T21:00:00+00:00,P-003,LATAM,stripe,true,200,327
2026-06-18T21:00:00+00:00,P-003,LATAM,braintree,true,200,309
2026-06-18T21:00:00+00:00,P-003,LATAM,braintree,true,200,480
2026-06-18T21:00:00+00:00,P-003,LATAM,braintree,true,200,441
2026-06-18T21:00:00+00:00,P-003,LATAM,braintree,true,200,473
2026-06-18T22:00:00+00:00,P-001,EU,stripe,true,200,271
2026-06-18T22:00:00+00:00,P-001,EU,stripe,true,200,258
2026-06-18T22:00:00+00:00,P-001,EU,stripe,true,200,433
2026-06-18T22:00:00+00:00,P-001,EU,stripe,true,200,226
2026-06-18T22:00:00+00:00,P-001,EU,stripe,true,200,161
2026-06-18T22:00:00+00:00,P-001,EU,braintree,true,200,148
2026-06-18T22:00:00+00:00,P-001,EU,braintree,true,200,465
2026-06-18T22:00:00+00:00,P-001,EU,braintree,true,200,146
2026-06-18T22:00:00+00:00,P-001,EU,braintree,true,200,307
2026-06-18T22:00:00+00:00,P-001,EU,braintree,true,200,140
2026-06-18T22:00:00+00:00,P-001,EU,braintree,true,200,209
2026-06-18T22:00:00+00:00,P-001,EU,braintree,true,200,480
2026-06-18T22:00:00+00:00,P-002,APAC,stripe,true,200,224
2026-06-18T22:00:00+00:00,P-002,APAC,stripe,true,200,291
2026-06-18T22:00:00+00:00,P-002,APAC,stripe,true,200,178
2026-06-18T22:00:00+00:00,P-002,APAC,braintree,true,200,417
2026-06-18T22:00:00+00:00,P-002,APAC,braintree,true,200,479
2026-06-18T22:00:00+00:00,P-002,APAC,braintree,true,200,235
2026-06-18T22:00:00+00:00,P-002,APAC,braintree,true,200,256
2026-06-18T22:00:00+00:00,P-002,APAC,braintree,true,200,336
2026-06-18T22:00:00+00:00,P-002,APAC,braintree,true,200,152
2026-06-18T22:00:00+00:00,P-002,APAC,braintree,true,200,351
2026-06-18T22:00:00+00:00,P-002,APAC,braintree,true,200,389
2026-06-18T22:00:00+00:00,P-003,LATAM,stripe,true,200,392
2026-06-18T22:00:00+00:00,P-003,LATAM,stripe,true,200,392
2026-06-18T22:00:00+00:00,P-003,LATAM,stripe,true,200,351
2026-06-18T22:00:00+00:00,P-003,LATAM,braintree,true,200,464
2026-06-18T22:00:00+00:00,P-003,LATAM,braintree,false,processor_timeout,1285
2026-06-18T22:00:00+00:00,P-003,LATAM,braintree,true,200,354
2026-06-18T22:00:00+00:00,P-003,LATAM,braintree,true,200,320
2026-06-18T22:00:00+00:00,P-003,LATAM,braintree,true,200,267
2026-06-18T22:00:00+00:00,P-003,LATAM,braintree,false,processor_timeout,1123
2026-06-18T22:00:00+00:00,P-003,LATAM,braintree,true,200,177
2026-06-18T23:00:00+00:00,P-001,EU,stripe,true,200,197
2026-06-18T23:00:00+00:00,P-001,EU,stripe,true,200,386
2026-06-18T23:00:00+00:00,P-001,EU,stripe,false,card_declined,1500
2026-06-18T23:00:00+00:00,P-001,EU,stripe,true,200,469
2026-06-18T23:00:00+00:00,P-001,EU,stripe,true,200,187
2026-06-18T23:00:00+00:00,P-001,EU,stripe,true,200,335
2026-06-18T23:00:00+00:00,P-001,EU,stripe,true,200,450
2026-06-18T23:00:00+00:00,P-001,EU,stripe,true,200,216
2026-06-18T23:00:00+00:00,P-001,EU,braintree,true,200,238
2026-06-18T23:00:00+00:00,P-001,EU,braintree,true,200,386
2026-06-18T23:00:00+00:00,P-001,EU,braintree,true,200,330
2026-06-18T23:00:00+00:00,P-002,APAC,stripe,true,200,450
2026-06-18T23:00:00+00:00,P-002,APAC,stripe,true,200,368
2026-06-18T23:00:00+00:00,P-002,APAC,stripe,true,200,476
2026-06-18T23:00:00+00:00,P-002,APAC,stripe,true,200,400
2026-06-18T23:00:00+00:00,P-002,APAC,stripe,true,200,275
2026-06-18T23:00:00+00:00,P-002,APAC,stripe,true,200,276
2026-06-18T23:00:00+00:00,P-002,APAC,stripe,true,200,253
2026-06-18T23:00:00+00:00,P-002,APAC,braintree,true,200,267
2026-06-18T23:00:00+00:00,P-002,APAC,braintree,true,200,144
2026-06-18T23:00:00+00:00,P-002,APAC,braintree,true,200,265
2026-06-18T23:00:00+00:00,P-002,APAC,braintree,true,200,205
2026-06-18T23:00:00+00:00,P-003,LATAM,stripe,true,200,394
2026-06-18T23:00:00+00:00,P-003,LATAM,stripe,true,200,209
2026-06-18T23:00:00+00:00,P-003,LATAM,stripe,true,200,474
2026-06-18T23:00:00+00:00,P-003,LATAM,stripe,true,200,198
2026-06-18T23:00:00+00:00,P-003,LATAM,stripe,true,200,179
2026-06-18T23:00:00+00:00,P-003,LATAM,stripe,true,200,282
2026-06-18T23:00:00+00:00,P-003,LATAM,stripe,true,200,345
2026-06-18T23:00:00+00:00,P-003,LATAM,braintree,true,200,225
2026-06-18T23:00:00+00:00,P-003,LATAM,braintree,true,200,137
2026-06-18T23:00:00+00:00,P-003,LATAM,braintree,true,200,296
2026-06-18T23:00:00+00:00,P-003,LATAM,braintree,true,200,349
2026-06-18T23:00:00+00:00,P-003,LATAM,braintree,true,200,203
2026-06-19T00:00:00+00:00,P-001,EU,stripe,true,200,132
2026-06-19T00:00:00+00:00,P-001,EU,stripe,true,200,375
2026-06-19T00:00:00+00:00,P-001,EU,stripe,true,200,354
2026-06-19T00:00:00+00:00,P-001,EU,stripe,true,200,199
2026-06-19T00:00:00+00:00,P-001,EU,stripe,true,200,399
2026-06-19T00:00:00+00:00,P-001,EU,stripe,false,insufficient_funds,2225
2026-06-19T00:00:00+00:00,P-001,EU,stripe,true,200,362
2026-06-19T00:00:00+00:00,P-001,EU,braintree,false,avs_mismatch,2265
2026-06-19T00:00:00+00:00,P-001,EU,braintree,true,200,409
2026-06-19T00:00:00+00:00,P-001,EU,braintree,true,200,346
2026-06-19T00:00:00+00:00,P-001,EU,braintree,true,200,177
2026-06-19T00:00:00+00:00,P-001,EU,braintree,true,200,140
2026-06-19T00:00:00+00:00,P-002,APAC,stripe,true,200,179
2026-06-19T00:00:00+00:00,P-002,APAC,stripe,true,200,325
2026-06-19T00:00:00+00:00,P-002,APAC,stripe,true,200,232
2026-06-19T00:00:00+00:00,P-002,APAC,stripe,true,200,167
2026-06-19T00:00:00+00:00,P-002,APAC,braintree,true,200,448
2026-06-19T00:00:00+00:00,P-002,APAC,braintree,true,200,389
2026-06-19T00:00:00+00:00,P-002,APAC,braintree,true,200,262
2026-06-19T00:00:00+00:00,P-002,APAC,braintree,true,200,162
2026-06-19T00:00:00+00:00,P-002,APAC,braintree,true,200,348
2026-06-19T00:00:00+00:00,P-003,LATAM,stripe,true,200,164
2026-06-19T00:00:00+00:00,P-003,LATAM,stripe,false,insufficient_funds,1298
2026-06-19T00:00:00+00:00,P-003,LATAM,stripe,true,200,428
2026-06-19T00:00:00+00:00,P-003,LATAM,stripe,true,200,148
2026-06-19T00:00:00+00:00,P-003,LATAM,stripe,true,200,304
2026-06-19T00:00:00+00:00,P-003,LATAM,stripe,true,200,338
2026-06-19T00:00:00+00:00,P-003,LATAM,stripe,true,200,310
2026-06-19T00:00:00+00:00,P-003,LATAM,stripe,true,200,296
2026-06-19T00:00:00+00:00,P-003,LATAM,braintree,true,200,348
2026-06-19T00:00:00+00:00,P-003,LATAM,braintree,true,200,164
2026-06-19T00:00:00+00:00,P-003,LATAM,braintree,true,200,347
2026-06-19T00:00:00+00:00,P-003,LATAM,braintree,true,200,332
2026-06-19T00:00:00+00:00,P-003,LATAM,braintree,true,200,267
2026-06-19T01:00:00+00:00,P-001,EU,stripe,true,200,337
2026-06-19T01:00:00+00:00,P-001,EU,stripe,true,200,332
2026-06-19T01:00:00+00:00,P-001,EU,stripe,true,200,420
2026-06-19T01:00:00+00:00,P-001,EU,stripe,true,200,193
2026-06-19T01:00:00+00:00,P-001,EU,braintree,true,200,388
2026-06-19T01:00:00+00:00,P-001,EU,braintree,false,processor_timeout,2109
2026-06-19T01:00:00+00:00,P-001,EU,braintree,true,200,165
2026-06-19T01:00:00+00:00,P-001,EU,braintree,true,200,447
2026-06-19T01:00:00+00:00,P-002,APAC,stripe,true,200,404
2026-06-19T01:00:00+00:00,P-002,APAC,stripe,true,200,410
2026-06-19T01:00:00+00:00,P-002,APAC,stripe,true,200,190
2026-06-19T01:00:00+00:00,P-002,APAC,stripe,true,200,315
2026-06-19T01:00:00+00:00,P-002,APAC,stripe,true,200,371
2026-06-19T01:00:00+00:00,P-002,APAC,braintree,true,200,274
2026-06-19T01:00:00+00:00,P-002,APAC,braintree,true,200,275
2026-06-19T01:00:00+00:00,P-002,APAC,braintree,true,200,357
2026-06-19T01:00:00+00:00,P-003,LATAM,stripe,true,200,121
2026-06-19T01:00:00+00:00,P-003,LATAM,stripe,true,200,273
2026-06-19T01:00:00+00:00,P-003,LATAM,stripe,false,3ds_failed,1867
2026-06-19T01:00:00+00:00,P-003,LATAM,stripe,true,200,460
2026-06-19T01:00:00+00:00,P-003,LATAM,braintree,true,200,371
2026-06-19T01:00:00+00:00,P-003,LATAM,braintree,true,200,450
2026-06-19T01:00:00+00:00,P-003,LATAM,braintree,true,200,181
2026-06-19T01:00:00+00:00,P-003,LATAM,braintree,true,200,372
2026-06-19T01:00:00+00:00,P-003,LATAM,braintree,false,processor_timeout,2126
2026-06-19T02:00:00+00:00,P-001,EU,stripe,true,200,366
2026-06-19T02:00:00+00:00,P-001,EU,stripe,true,200,252
2026-06-19T02:00:00+00:00,P-001,EU,stripe,true,200,363
2026-06-19T02:00:00+00:00,P-001,EU,stripe,false,card_declined,1664
2026-06-19T02:00:00+00:00,P-001,EU,stripe,true,200,414
2026-06-19T02:00:00+00:00,P-001,EU,stripe,true,200,252
2026-06-19T02:00:00+00:00,P-001,EU,stripe,true,200,149
2026-06-19T02:00:00+00:00,P-001,EU,stripe,true,200,356
2026-06-19T02:00:00+00:00,P-001,EU,braintree,true,200,203
2026-06-19T02:00:00+00:00,P-001,EU,braintree,true,200,304
2026-06-19T02:00:00+00:00,P-001,EU,braintree,true,200,302
2026-06-19T02:00:00+00:00,P-001,EU,braintree,true,200,269
2026-06-19T02:00:00+00:00,P-001,EU,braintree,true,200,159
2026-06-19T02:00:00+00:00,P-001,EU,braintree,true,200,441
2026-06-19T02:00:00+00:00,P-001,EU,braintree,true,200,168
2026-06-19T02:00:00+00:00,P-001,EU,braintree,true,200,205
2026-06-19T02:00:00+00:00,P-002,APAC,stripe,true,200,281
2026-06-19T02:00:00+00:00,P-002,APAC,stripe,true,200,470
2026-06-19T02:00:00+00:00,P-002,APAC,stripe,true,200,258
2026-06-19T02:00:00+00:00,P-002,APAC,stripe,true,200,472
2026-06-19T02:00:00+00:00,P-002,APAC,stripe,true,200,393
2026-06-19T02:00:00+00:00,P-002,APAC,stripe,true,200,193
2026-06-19T02:00:00+00:00,P-002,APAC,stripe,true,200,385
2026-06-19T02:00:00+00:00,P-002,APAC,braintree,true,200,368
2026-06-19T02:00:00+00:00,P-002,APAC,braintree,true,200,203
2026-06-19T02:00:00+00:00,P-002,APAC,braintree,true,200,199
2026-06-19T02:00:00+00:00,P-002,APAC,braintree,true,200,216
2026-06-19T02:00:00+00:00,P-002,APAC,braintree,true,200,406
2026-06-19T02:00:00+00:00,P-003,LATAM,stripe,true,200,389
2026-06-19T02:00:00+00:00,P-003,LATAM,stripe,true,200,402
2026-06-19T02:00:00+00:00,P-003,LATAM,stripe,true,200,178
2026-06-19T02:00:00+00:00,P-003,LATAM,stripe,true,200,159
2026-06-19T02:00:00+00:00,P-003,LATAM,stripe,true,200,187
2026-06-19T02:00:00+00:00,P-003,LATAM,stripe,true,200,365
2026-06-19T02:00:00+00:00,P-003,LATAM,stripe,true,200,473
2026-06-19T02:00:00+00:00,P-003,LATAM,braintree,true,200,346
2026-06-19T02:00:00+00:00,P-003,LATAM,braintree,true,200,425
2026-06-19T02:00:00+00:00,P-003,LATAM,braintree,true,200,295
2026-06-19T02:00:00+00:00,P-003,LATAM,braintree,true,200,275
2026-06-19T02:00:00+00:00,P-003,LATAM,braintree,true,200,180
2026-06-19T03:00:00+00:00,P-001,EU,stripe,true,200,475
2026-06-19T03:00:00+00:00,P-001,EU,stripe,true,200,236
2026-06-19T03:00:00+00:00,P-001,EU,stripe,true,200,227
2026-06-19T03:00:00+00:00,P-001,EU,stripe,true,200,160
2026-06-19T03:00:00+00:00,P-001,EU,braintree,true,200,177
2026-06-19T03:00:00+00:00,P-001,EU,braintree,true,200,367
2026-06-19T03:00:00+00:00,P-001,EU,braintree,true,200,141
2026-06-19T03:00:00+00:00,P-001,EU,braintree,true,200,136
2026-06-19T03:00:00+00:00,P-001,EU,braintree,true,200,382
2026-06-19T03:00:00+00:00,P-001,EU,braintree,true,200,360
2026-06-19T03:00:00+00:00,P-002,APAC,stripe,true,200,142
2026-06-19T03:00:00+00:00,P-002,APAC,stripe,true,200,461
2026-06-19T03:00:00+00:00,P-002,APAC,stripe,true,200,169
2026-06-19T03:00:00+00:00,P-002,APAC,braintree,true,200,225
2026-06-19T03:00:00+00:00,P-002,APAC,braintree,true,200,222
2026-06-19T03:00:00+00:00,P-002,APAC,braintree,true,200,299
2026-06-19T03:00:00+00:00,P-003,LATAM,stripe,true,200,262
2026-06-19T03:00:00+00:00,P-003,LATAM,stripe,true,200,298
2026-06-19T03:00:00+00:00,P-003,LATAM,stripe,true,200,376
2026-06-19T03:00:00+00:00,P-003,LATAM,braintree,true,200,378
2026-06-19T03:00:00+00:00,P-003,LATAM,braintree,true,200,170
2026-06-19T03:00:00+00:00,P-003,LATAM,braintree,true,200,127
2026-06-19T03:00:00+00:00,P-003,LATAM,braintree,true,200,218
2026-06-19T03:00:00+00:00,P-003,LATAM,braintree,false,processor_timeout,2444
2026-06-19T03:00:00+00:00,P-003,LATAM,braintree,true,200,170
2026-06-19T03:00:00+00:00,P-003,LATAM,braintree,true,200,378
2026-06-19T03:00:00+00:00,P-003,LATAM,braintree,true,200,363
2026-06-19T04:00:00+00:00,P-001,EU,stripe,true,200,214
2026-06-19T04:00:00+00:00,P-001,EU,stripe,true,200,174
2026-06-19T04:00:00+00:00,P-001,EU,stripe,true,200,301
2026-06-19T04:00:00+00:00,P-001,EU,stripe,false,insufficient_funds,1338
2026-06-19T04:00:00+00:00,P-001,EU,stripe,true,200,328
2026-06-19T04:00:00+00:00,P-001,EU,braintree,true,200,280
2026-06-19T04:00:00+00:00,P-001,EU,braintree,true,200,176
2026-06-19T04:00:00+00:00,P-001,EU,braintree,true,200,373
2026-06-19T04:00:00+00:00,P-002,APAC,stripe,true,200,405
2026-06-19T04:00:00+00:00,P-002,APAC,stripe,true,200,162
2026-06-19T04:00:00+00:00,P-002,APAC,stripe,true,200,179
2026-06-19T04:00:00+00:00,P-002,APAC,stripe,true,200,353
2026-06-19T04:00:00+00:00,P-002,APAC,stripe,true,200,279
2026-06-19T04:00:00+00:00,P-002,APAC,braintree,false,gateway_unavailable,1362
2026-06-19T04:00:00+00:00,P-002,APAC,braintree,true,200,268
2026-06-19T04:00:00+00:00,P-002,APAC,braintree,false,gateway_unavailable,1286
2026-06-19T04:00:00+00:00,P-002,APAC,braintree,true,200,363
2026-06-19T04:00:00+00:00,P-002,APAC,braintree,false,gateway_unavailable,1267
2026-06-19T04:00:00+00:00,P-002,APAC,braintree,true,200,465
2026-06-19T04:00:00+00:00,P-002,APAC,braintree,true,200,173
2026-06-19T04:00:00+00:00,P-002,APAC,braintree,true,200,387
2026-06-19T04:00:00+00:00,P-003,LATAM,stripe,true,200,181
2026-06-19T04:00:00+00:00,P-003,LATAM,stripe,true,200,325
2026-06-19T04:00:00+00:00,P-003,LATAM,stripe,true,200,172
2026-06-19T04:00:00+00:00,P-003,LATAM,stripe,true,200,206
2026-06-19T04:00:00+00:00,P-003,LATAM,stripe,true,200,221
2026-06-19T04:00:00+00:00,P-003,LATAM,stripe,true,200,424
2026-06-19T04:00:00+00:00,P-003,LATAM,stripe,true,200,326
2026-06-19T04:00:00+00:00,P-003,LATAM,stripe,true,200,337
2026-06-19T04:00:00+00:00,P-003,LATAM,braintree,true,200,417
2026-06-19T04:00:00+00:00,P-003,LATAM,braintree,true,200,449
2026-06-19T04:00:00+00:00,P-003,LATAM,braintree,false,gateway_unavailable,1874
2026-06-19T04:00:00+00:00,P-003,LATAM,braintree,true,200,327
2026-06-19T04:00:00+00:00,P-003,LATAM,braintree,false,avs_mismatch,1471
2026-06-19T04:00:00+00:00,P-003,LATAM,braintree,true,200,352
2026-06-19T04:00:00+00:00,P-003,LATAM,braintree,true,200,248
2026-06-19T04:00:00+00:00,P-003,LATAM,braintree,true,200,238
2026-06-19T05:00:00+00:00,P-001,EU,stripe,true,200,135
2026-06-19T05:00:00+00:00,P-001,EU,stripe,true,200,147
2026-06-19T05:00:00+00:00,P-001,EU,stripe,true,200,375
2026-06-19T05:00:00+00:00,P-001,EU,stripe,true,200,211
2026-06-19T05:00:00+00:00,P-001,EU,stripe,true,200,467
2026-06-19T05:00:00+00:00,P-001,EU,stripe,true,200,275
2026-06-19T05:00:00+00:00,P-001,EU,stripe,true,200,169
2026-06-19T05:00:00+00:00,P-001,EU,stripe,true,200,458
2026-06-19T05:00:00+00:00,P-001,EU,braintree,true,200,358
2026-06-19T05:00:00+00:00,P-001,EU,braintree,true,200,458
2026-06-19T05:00:00+00:00,P-001,EU,braintree,true,200,378
2026-06-19T05:00:00+00:00,P-001,EU,braintree,true,200,295
2026-06-19T05:00:00+00:00,P-001,EU,braintree,true,200,396
2026-06-19T05:00:00+00:00,P-001,EU,braintree,true,200,136
2026-06-19T05:00:00+00:00,P-001,EU,braintree,false,processor_timeout,1685
2026-06-19T05:00:00+00:00,P-002,APAC,stripe,true,200,312
2026-06-19T05:00:00+00:00,P-002,APAC,stripe,true,200,138
2026-06-19T05:00:00+00:00,P-002,APAC,stripe,true,200,405
2026-06-19T05:00:00+00:00,P-002,APAC,stripe,true,200,275
2026-06-19T05:00:00+00:00,P-002,APAC,stripe,true,200,204
2026-06-19T05:00:00+00:00,P-002,APAC,stripe,true,200,188
2026-06-19T05:00:00+00:00,P-002,APAC,braintree,true,200,369
2026-06-19T05:00:00+00:00,P-002,APAC,braintree,true,200,411
2026-06-19T05:00:00+00:00,P-002,APAC,braintree,true,200,457
2026-06-19T05:00:00+00:00,P-002,APAC,braintree,true,200,396
2026-06-19T05:00:00+00:00,P-002,APAC,braintree,true,200,363
2026-06-19T05:00:00+00:00,P-003,LATAM,stripe,true,200,379
2026-06-19T05:00:00+00:00,P-003,LATAM,stripe,true,200,254
2026-06-19T05:00:00+00:00,P-003,LATAM,stripe,true,200,313
2026-06-19T05:00:00+00:00,P-003,LATAM,stripe,true,200,300
2026-06-19T05:00:00+00:00,P-003,LATAM,stripe,true,200,265
2026-06-19T05:00:00+00:00,P-003,LATAM,stripe,true,200,134
2026-06-19T05:00:00+00:00,P-003,LATAM,stripe,true,200,185
2026-06-19T05:00:00+00:00,P-003,LATAM,braintree,true,200,418
2026-06-19T05:00:00+00:00,P-003,LATAM,braintree,true,200,440
2026-06-19T05:00:00+00:00,P-003,LATAM,braintree,true,200,169
2026-06-19T05:00:00+00:00,P-003,LATAM,braintree,true,200,302
2026-06-19T05:00:00+00:00,P-003,LATAM,braintree,true,200,148
2026-06-19T06:00:00+00:00,P-001,EU,stripe,true,200,240
2026-06-19T06:00:00+00:00,P-001,EU,stripe,true,200,423
2026-06-19T06:00:00+00:00,P-001,EU,stripe,true,200,472
2026-06-19T06:00:00+00:00,P-001,EU,stripe,true,200,276
2026-06-19T06:00:00+00:00,P-001,EU,stripe,true,200,206
2026-06-19T06:00:00+00:00,P-001,EU,stripe,true,200,286
2026-06-19T06:00:00+00:00,P-001,EU,stripe,true,200,456
2026-06-19T06:00:00+00:00,P-001,EU,stripe,true,200,410
2026-06-19T06:00:00+00:00,P-001,EU,braintree,true,200,256
2026-06-19T06:00:00+00:00,P-001,EU,braintree,true,200,360
2026-06-19T06:00:00+00:00,P-001,EU,braintree,true,200,282
2026-06-19T06:00:00+00:00,P-001,EU,braintree,true,200,319
2026-06-19T06:00:00+00:00,P-001,EU,braintree,true,200,170
2026-06-19T06:00:00+00:00,P-001,EU,braintree,true,200,171
2026-06-19T06:00:00+00:00,P-001,EU,braintree,true,200,225
2026-06-19T06:00:00+00:00,P-002,APAC,stripe,true,200,461
2026-06-19T06:00:00+00:00,P-002,APAC,stripe,true,200,434
2026-06-19T06:00:00+00:00,P-002,APAC,stripe,true,200,343
2026-06-19T06:00:00+00:00,P-002,APAC,stripe,true,200,445
2026-06-19T06:00:00+00:00,P-002,APAC,stripe,true,200,158
2026-06-19T06:00:00+00:00,P-002,APAC,braintree,true,200,255
2026-06-19T06:00:00+00:00,P-002,APAC,braintree,true,200,413
2026-06-19T06:00:00+00:00,P-002,APAC,braintree,true,200,235
2026-06-19T06:00:00+00:00,P-002,APAC,braintree,true,200,167
2026-06-19T06:00:00+00:00,P-002,APAC,braintree,true,200,416
2026-06-19T06:00:00+00:00,P-002,APAC,braintree,true,200,292
2026-06-19T06:00:00+00:00,P-002,APAC,braintree,true,200,410
2026-06-19T06:00:00+00:00,P-003,LATAM,stripe,true,200,227
2026-06-19T06:00:00+00:00,P-003,LATAM,stripe,true,200,159
2026-06-19T06:00:00+00:00,P-003,LATAM,stripe,true,200,274
2026-06-19T06:00:00+00:00,P-003,LATAM,stripe,true,200,273
2026-06-19T06:00:00+00:00,P-003,LATAM,stripe,true,200,396
2026-06-19T06:00:00+00:00,P-003,LATAM,stripe,true,200,332
2026-06-19T06:00:00+00:00,P-003,LATAM,stripe,true,200,439
2026-06-19T06:00:00+00:00,P-003,LATAM,braintree,true,200,400
2026-06-19T06:00:00+00:00,P-003,LATAM,braintree,true,200,129
2026-06-19T06:00:00+00:00,P-003,LATAM,braintree,true,200,384
2026-06-19T06:00:00+00:00,P-003,LATAM,braintree,true,200,415
2026-06-19T06:00:00+00:00,P-003,LATAM,braintree,true,200,458
2026-06-19T06:00:00+00:00,P-003,LATAM,braintree,false,avs_mismatch,1857
2026-06-19T06:00:00+00:00,P-003,LATAM,braintree,true,200,446
2026-06-19T07:00:00+00:00,P-001,EU,stripe,true,200,342
2026-06-19T07:00:00+00:00,P-001,EU,stripe,true,200,440
2026-06-19T07:00:00+00:00,P-001,EU,stripe,true,200,222
2026-06-19T07:00:00+00:00,P-001,EU,stripe,true,200,195
2026-06-19T07:00:00+00:00,P-001,EU,stripe,true,200,470
2026-06-19T07:00:00+00:00,P-001,EU,stripe,true,200,342
2026-06-19T07:00:00+00:00,P-001,EU,stripe,true,200,152
2026-06-19T07:00:00+00:00,P-001,EU,braintree,true,200,331
2026-06-19T07:00:00+00:00,P-001,EU,braintree,true,200,266
2026-06-19T07:00:00+00:00,P-001,EU,braintree,true,200,251
2026-06-19T07:00:00+00:00,P-001,EU,braintree,true,200,240
2026-06-19T07:00:00+00:00,P-001,EU,braintree,true,200,178
2026-06-19T07:00:00+00:00,P-001,EU,braintree,true,200,134
2026-06-19T07:00:00+00:00,P-001,EU,braintree,true,200,278
2026-06-19T07:00:00+00:00,P-001,EU,braintree,true,200,406
2026-06-19T07:00:00+00:00,P-002,APAC,stripe,true,200,138
2026-06-19T07:00:00+00:00,P-002,APAC,stripe,true,200,259
2026-06-19T07:00:00+00:00,P-002,APAC,stripe,true,200,252
2026-06-19T07:00:00+00:00,P-002,APAC,stripe,true,200,262
2026-06-19T07:00:00+00:00,P-002,APAC,stripe,true,200,210
2026-06-19T07:00:00+00:00,P-002,APAC,stripe,true,200,141
2026-06-19T07:00:00+00:00,P-002,APAC,braintree,true,200,130
2026-06-19T07:00:00+00:00,P-002,APAC,braintree,true,200,162
2026-06-19T07:00:00+00:00,P-002,APAC,braintree,true,200,272
2026-06-19T07:00:00+00:00,P-002,APAC,braintree,true,200,328
2026-06-19T07:00:00+00:00,P-002,APAC,braintree,true,200,463
2026-06-19T07:00:00+00:00,P-002,APAC,braintree,true,200,166
2026-06-19T07:00:00+00:00,P-002,APAC,braintree,true,200,191
2026-06-19T07:00:00+00:00,P-002,APAC,braintree,true,200,412
2026-06-19T07:00:00+00:00,P-003,LATAM,stripe,true,200,181
2026-06-19T07:00:00+00:00,P-003,LATAM,stripe,true,200,417
2026-06-19T07:00:00+00:00,P-003,LATAM,stripe,true,200,388
2026-06-19T07:00:00+00:00,P-003,LATAM,stripe,true,200,166
2026-06-19T07:00:00+00:00,P-003,LATAM,stripe,true,200,182
2026-06-19T07:00:00+00:00,P-003,LATAM,stripe,true,200,280
2026-06-19T07:00:00+00:00,P-003,LATAM,stripe,true,200,419
2026-06-19T07:00:00+00:00,P-003,LATAM,stripe,true,200,240
2026-06-19T07:00:00+00:00,P-003,LATAM,braintree,true,200,174
2026-06-19T07:00:00+00:00,P-003,LATAM,braintree,true,200,260
2026-06-19T07:00:00+00:00,P-003,LATAM,braintree,true,200,250
2026-06-19T07:00:00+00:00,P-003,LATAM,braintree,true,200,148
2026-06-19T07:00:00+00:00,P-003,LATAM,braintree,true,200,311
2026-06-19T07:00:00+00:00,P-003,LATAM,braintree,true,200,177
2026-06-19T08:00:00+00:00,P-001,EU,stripe,true,200,363
2026-06-19T08:00:00+00:00,P-001,EU,stripe,true,200,262
2026-06-19T08:00:00+00:00,P-001,EU,stripe,true,200,194
2026-06-19T08:00:00+00:00,P-001,EU,stripe,true,200,308
2026-06-19T08:00:00+00:00,P-001,EU,stripe,true,200,130
2026-06-19T08:00:00+00:00,P-001,EU,braintree,false,avs_mismatch,971
2026-06-19T08:00:00+00:00,P-001,EU,braintree,true,200,459
2026-06-19T08:00:00+00:00,P-001,EU,braintree,true,200,147
2026-06-19T08:00:00+00:00,P-001,EU,braintree,true,200,463
2026-06-19T08:00:00+00:00,P-001,EU,braintree,true,200,402
2026-06-19T08:00:00+00:00,P-001,EU,braintree,true,200,447
2026-06-19T08:00:00+00:00,P-001,EU,braintree,false,gateway_unavailable,2303
2026-06-19T08:00:00+00:00,P-001,EU,braintree,true,200,241
2026-06-19T08:00:00+00:00,P-002,APAC,stripe,true,200,321
2026-06-19T08:00:00+00:00,P-002,APAC,stripe,true,200,250
2026-06-19T08:00:00+00:00,P-002,APAC,stripe,true,200,240
2026-06-19T08:00:00+00:00,P-002,APAC,stripe,true,200,202
2026-06-19T08:00:00+00:00,P-002,APAC,stripe,true,200,443
2026-06-19T08:00:00+00:00,P-002,APAC,stripe,true,200,449
2026-06-19T08:00:00+00:00,P-002,APAC,braintree,true,200,260
2026-06-19T08:00:00+00:00,P-002,APAC,braintree,true,200,371
2026-06-19T08:00:00+00:00,P-002,APAC,braintree,true,200,331
2026-06-19T08:00:00+00:00,P-002,APAC,braintree,true,200,290
2026-06-19T08:00:00+00:00,P-002,APAC,braintree,true,200,171
2026-06-19T08:00:00+00:00,P-002,APAC,braintree,true,200,477
2026-06-19T08:00:00+00:00,P-003,LATAM,stripe,true,200,300
2026-06-19T08:00:00+00:00,P-003,LATAM,stripe,true,200,400
2026-06-19T08:00:00+00:00,P-003,LATAM,stripe,true,200,352
2026-06-19T08:00:00+00:00,P-003,LATAM,stripe,true,200,146
2026-06-19T08:00:00+00:00,P-003,LATAM,stripe,true,200,214
2026-06-19T08:00:00+00:00,P-003,LATAM,braintree,true,200,448
2026-06-19T08:00:00+00:00,P-003,LATAM,braintree,true,200,325
2026-06-19T08:00:00+00:00,P-003,LATAM,braintree,true,200,276
2026-06-19T08:00:00+00:00,P-003,LATAM,braintree,true,200,162
2026-06-19T08:00:00+00:00,P-003,LATAM,braintree,true,200,247
2026-06-19T08:00:00+00:00,P-003,LATAM,braintree,true,200,452
2026-06-19T08:00:00+00:00,P-003,LATAM,braintree,true,200,424
2026-06-19T08:00:00+00:00,P-003,LATAM,braintree,true,200,283
2026-06-19T09:00:00+00:00,P-001,EU,stripe,true,200,188
2026-06-19T09:00:00+00:00,P-001,EU,stripe,true,200,471
2026-06-19T09:00:00+00:00,P-001,EU,stripe,true,200,287
2026-06-19T09:00:00+00:00,P-001,EU,stripe,true,200,221
2026-06-19T09:00:00+00:00,P-001,EU,stripe,true,200,308
2026-06-19T09:00:00+00:00,P-001,EU,stripe,true,200,313
2026-06-19T09:00:00+00:00,P-001,EU,braintree,true,200,131
2026-06-19T09:00:00+00:00,P-001,EU,braintree,true,200,451
2026-06-19T09:00:00+00:00,P-001,EU,braintree,true,200,237
2026-06-19T09:00:00+00:00,P-001,EU,braintree,true,200,356
2026-06-19T09:00:00+00:00,P-001,EU,braintree,true,200,479
2026-06-19T09:00:00+00:00,P-001,EU,braintree,true,200,145
2026-06-19T09:00:00+00:00,P-001,EU,braintree,true,200,339
2026-06-19T09:00:00+00:00,P-002,APAC,stripe,true,200,165
2026-06-19T09:00:00+00:00,P-002,APAC,stripe,false,card_declined,2061
2026-06-19T09:00:00+00:00,P-002,APAC,stripe,true,200,389
2026-06-19T09:00:00+00:00,P-002,APAC,stripe,true,200,352
2026-06-19T09:00:00+00:00,P-002,APAC,stripe,true,200,373
2026-06-19T09:00:00+00:00,P-002,APAC,stripe,true,200,224
2026-06-19T09:00:00+00:00,P-002,APAC,stripe,true,200,256
2026-06-19T09:00:00+00:00,P-002,APAC,braintree,true,200,315
2026-06-19T09:00:00+00:00,P-002,APAC,braintree,true,200,225
2026-06-19T09:00:00+00:00,P-002,APAC,braintree,true,200,264
2026-06-19T09:00:00+00:00,P-002,APAC,braintree,true,200,216
2026-06-19T09:00:00+00:00,P-002,APAC,braintree,true,200,329
2026-06-19T09:00:00+00:00,P-003,LATAM,stripe,true,200,254
2026-06-19T09:00:00+00:00,P-003,LATAM,stripe,true,200,350
2026-06-19T09:00:00+00:00,P-003,LATAM,stripe,true,200,309
2026-06-19T09:00:00+00:00,P-003,LATAM,stripe,true,200,451
2026-06-19T09:00:00+00:00,P-003,LATAM,braintree,true,200,360
2026-06-19T09:00:00+00:00,P-003,LATAM,braintree,true,200,285
2026-06-19T09:00:00+00:00,P-003,LATAM,braintree,false,gateway_unavailable,2306
2026-06-19T09:00:00+00:00,P-003,LATAM,braintree,true,200,316
2026-06-19T09:00:00+00:00,P-003,LATAM,braintree,true,200,425
2026-06-19T09:00:00+00:00,P-003,LATAM,braintree,true,200,168
2026-06-19T10:00:00+00:00,P-001,EU,stripe,true,200,290
2026-06-19T10:00:00+00:00,P-001,EU,stripe,true,200,361
2026-06-19T10:00:00+00:00,P-001,EU,stripe,true,200,430
2026-06-19T10:00:00+00:00,P-001,EU,stripe,true,200,426
2026-06-19T10:00:00+00:00,P-001,EU,stripe,true,200,143
2026-06-19T10:00:00+00:00,P-001,EU,stripe,true,200,378
2026-06-19T10:00:00+00:00,P-001,EU,stripe,true,200,274
2026-06-19T10:00:00+00:00,P-001,EU,braintree,true,200,187
2026-06-19T10:00:00+00:00,P-001,EU,braintree,false,avs_mismatch,984
2026-06-19T10:00:00+00:00,P-001,EU,braintree,true,200,253
2026-06-19T10:00:00+00:00,P-001,EU,braintree,true,200,372
2026-06-19T10:00:00+00:00,P-001,EU,braintree,false,gateway_unavailable,1170
2026-06-19T10:00:00+00:00,P-001,EU,braintree,true,200,391
2026-06-19T10:00:00+00:00,P-002,APAC,stripe,true,200,179
2026-06-19T10:00:00+00:00,P-002,APAC,stripe,true,200,185
2026-06-19T10:00:00+00:00,P-002,APAC,stripe,true,200,263
2026-06-19T10:00:00+00:00,P-002,APAC,stripe,true,200,340
2026-06-19T10:00:00+00:00,P-002,APAC,stripe,true,200,254
2026-06-19T10:00:00+00:00,P-002,APAC,stripe,true,200,255
2026-06-19T10:00:00+00:00,P-002,APAC,braintree,true,200,204
2026-06-19T10:00:00+00:00,P-002,APAC,braintree,true,200,371
2026-06-19T10:00:00+00:00,P-002,APAC,braintree,true,200,197
2026-06-19T10:00:00+00:00,P-002,APAC,braintree,true,200,456
2026-06-19T10:00:00+00:00,P-002,APAC,braintree,true,200,345
2026-06-19T10:00:00+00:00,P-002,APAC,braintree,true,200,196
2026-06-19T10:00:00+00:00,P-002,APAC,braintree,true,200,213
2026-06-19T10:00:00+00:00,P-003,LATAM,stripe,true,200,203
2026-06-19T10:00:00+00:00,P-003,LATAM,stripe,true,200,343
2026-06-19T10:00:00+00:00,P-003,LATAM,stripe,true,200,373
2026-06-19T10:00:00+00:00,P-003,LATAM,braintree,true,200,407
2026-06-19T10:00:00+00:00,P-003,LATAM,braintree,true,200,372
2026-06-19T10:00:00+00:00,P-003,LATAM,braintree,true,200,195
2026-06-19T11:00:00+00:00,P-001,EU,stripe,true,200,224
2026-06-19T11:00:00+00:00,P-001,EU,stripe,true,200,212
2026-06-19T11:00:00+00:00,P-001,EU,stripe,true,200,380
2026-06-19T11:00:00+00:00,P-001,EU,braintree,true,200,459
2026-06-19T11:00:00+00:00,P-001,EU,braintree,true,200,418
2026-06-19T11:00:00+00:00,P-001,EU,braintree,false,processor_timeout,1977
2026-06-19T11:00:00+00:00,P-001,EU,braintree,true,200,212
2026-06-19T11:00:00+00:00,P-001,EU,braintree,true,200,159
2026-06-19T11:00:00+00:00,P-002,APAC,stripe,true,200,466
2026-06-19T11:00:00+00:00,P-002,APAC,stripe,true,200,288
2026-06-19T11:00:00+00:00,P-002,APAC,stripe,true,200,468
2026-06-19T11:00:00+00:00,P-002,APAC,stripe,false,card_declined,1707
2026-06-19T11:00:00+00:00,P-002,APAC,braintree,true,200,174
2026-06-19T11:00:00+00:00,P-002,APAC,braintree,true,200,198
2026-06-19T11:00:00+00:00,P-002,APAC,braintree,true,200,355
2026-06-19T11:00:00+00:00,P-002,APAC,braintree,true,200,457
2026-06-19T11:00:00+00:00,P-002,APAC,braintree,true,200,441
2026-06-19T11:00:00+00:00,P-003,LATAM,stripe,true,200,122
2026-06-19T11:00:00+00:00,P-003,LATAM,stripe,true,200,142
2026-06-19T11:00:00+00:00,P-003,LATAM,stripe,true,200,351
2026-06-19T11:00:00+00:00,P-003,LATAM,stripe,true,200,411
2026-06-19T11:00:00+00:00,P-003,LATAM,stripe,true,200,144
2026-06-19T11:00:00+00:00,P-003,LATAM,braintree,true,200,148
2026-06-19T11:00:00+00:00,P-003,LATAM,braintree,true,200,400
2026-06-19T11:00:00+00:00,P-003,LATAM,braintree,false,gateway_unavailable,1089
2026-06-19T11:00:00+00:00,P-003,LATAM,braintree,true,200,211
2026-06-19T11:00:00+00:00,P-003,LATAM,braintree,true,200,324
2026-06-19T11:00:00+00:00,P-003,LATAM,braintree,true,200,226
2026-06-19T11:00:00+00:00,P-003,LATAM,braintree,true,200,326
2026-06-19T11:00:00+00:00,P-003,LATAM,braintree,true,200,454
2026-06-19T12:00:00+00:00,P-001,EU,stripe,true,200,371
2026-06-19T12:00:00+00:00,P-001,EU,stripe,true,200,278
2026-06-19T12:00:00+00:00,P-001,EU,stripe,true,200,428
2026-06-19T12:00:00+00:00,P-001,EU,stripe,true,200,460
2026-06-19T12:00:00+00:00,P-001,EU,braintree,true,200,382
2026-06-19T12:00:00+00:00,P-001,EU,braintree,true,200,348
2026-06-19T12:00:00+00:00,P-001,EU,braintree,true,200,363
2026-06-19T12:00:00+00:00,P-002,APAC,stripe,true,200,336
2026-06-19T12:00:00+00:00,P-002,APAC,stripe,true,200,336
2026-06-19T12:00:00+00:00,P-002,APAC,stripe,true,200,434
2026-06-19T12:00:00+00:00,P-002,APAC,stripe,true,200,442
2026-06-19T12:00:00+00:00,P-002,APAC,stripe,true,200,140
2026-06-19T12:00:00+00:00,P-002,APAC,braintree,true,200,357
2026-06-19T12:00:00+00:00,P-002,APAC,braintree,true,200,451
2026-06-19T12:00:00+00:00,P-002,APAC,braintree,true,200,199
2026-06-19T12:00:00+00:00,P-002,APAC,braintree,false,avs_mismatch,2189
2026-06-19T12:00:00+00:00,P-002,APAC,braintree,true,200,162
2026-06-19T12:00:00+00:00,P-002,APAC,braintree,true,200,343
2026-06-19T12:00:00+00:00,P-002,APAC,braintree,true,200,364
2026-06-19T12:00:00+00:00,P-003,LATAM,stripe,true,200,185
2026-06-19T12:00:00+00:00,P-003,LATAM,stripe,true,200,273
2026-06-19T12:00:00+00:00,P-003,LATAM,stripe,true,200,387
2026-06-19T12:00:00+00:00,P-003,LATAM,stripe,true,200,411
2026-06-19T12:00:00+00:00,P-003,LATAM,stripe,true,200,159
2026-06-19T12:00:00+00:00,P-003,LATAM,braintree,true,200,381
2026-06-19T12:00:00+00:00,P-003,LATAM,braintree,true,200,168
2026-06-19T12:00:00+00:00,P-003,LATAM,braintree,true,200,411
2026-06-19T13:00:00+00:00,P-001,EU,stripe,true,200,419
2026-06-19T13:00:00+00:00,P-001,EU,stripe,true,200,377
2026-06-19T13:00:00+00:00,P-001,EU,stripe,true,200,458
2026-06-19T13:00:00+00:00,P-001,EU,stripe,true,200,213
2026-06-19T13:00:00+00:00,P-001,EU,stripe,true,200,143
2026-06-19T13:00:00+00:00,P-001,EU,braintree,true,200,480
2026-06-19T13:00:00+00:00,P-001,EU,braintree,true,200,420
2026-06-19T13:00:00+00:00,P-001,EU,braintree,true,200,463
2026-06-19T13:00:00+00:00,P-002,APAC,stripe,true,200,255
2026-06-19T13:00:00+00:00,P-002,APAC,stripe,true,200,215
2026-06-19T13:00:00+00:00,P-002,APAC,stripe,true,200,160
2026-06-19T13:00:00+00:00,P-002,APAC,stripe,true,200,429
2026-06-19T13:00:00+00:00,P-002,APAC,stripe,true,200,464
2026-06-19T13:00:00+00:00,P-002,APAC,stripe,true,200,393
2026-06-19T13:00:00+00:00,P-002,APAC,braintree,true,200,179
2026-06-19T13:00:00+00:00,P-002,APAC,braintree,true,200,455
2026-06-19T13:00:00+00:00,P-002,APAC,braintree,true,200,474
2026-06-19T13:00:00+00:00,P-003,LATAM,stripe,true,200,428
2026-06-19T13:00:00+00:00,P-003,LATAM,stripe,true,200,275
2026-06-19T13:00:00+00:00,P-003,LATAM,stripe,true,200,435
2026-06-19T13:00:00+00:00,P-003,LATAM,stripe,true,200,464
2026-06-19T13:00:00+00:00,P-003,LATAM,stripe,false,3ds_failed,1708
2026-06-19T13:00:00+00:00,P-003,LATAM,stripe,true,200,164
2026-06-19T13:00:00+00:00,P-003,LATAM,braintree,true,200,217
2026-06-19T13:00:00+00:00,P-003,LATAM,braintree,true,200,128
2026-06-19T13:00:00+00:00,P-003,LATAM,braintree,true,200,216
2026-06-19T13:00:00+00:00,P-003,LATAM,braintree,true,200,227
2026-06-19T14:00:00+00:00,P-001,EU,stripe,true,200,452
2026-06-19T14:00:00+00:00,P-001,EU,stripe,true,200,440
2026-06-19T14:00:00+00:00,P-001,EU,stripe,true,200,395
2026-06-19T14:00:00+00:00,P-001,EU,stripe,true,200,274
2026-06-19T14:00:00+00:00,P-001,EU,stripe,true,200,195
2026-06-19T14:00:00+00:00,P-001,EU,stripe,true,200,131
2026-06-19T14:00:00+00:00,P-001,EU,braintree,true,200,198
2026-06-19T14:00:00+00:00,P-001,EU,braintree,true,200,347
2026-06-19T14:00:00+00:00,P-001,EU,braintree,false,gateway_unavailable,940
2026-06-19T14:00:00+00:00,P-002,APAC,stripe,true,200,223
2026-06-19T14:00:00+00:00,P-002,APAC,stripe,true,200,320
2026-06-19T14:00:00+00:00,P-002,APAC,stripe,true,200,124
2026-06-19T14:00:00+00:00,P-002,APAC,stripe,true,200,341
2026-06-19T14:00:00+00:00,P-002,APAC,stripe,false,insufficient_funds,2409
2026-06-19T14:00:00+00:00,P-002,APAC,stripe,true,200,403
2026-06-19T14:00:00+00:00,P-002,APAC,braintree,true,200,324
2026-06-19T14:00:00+00:00,P-002,APAC,braintree,true,200,422
2026-06-19T14:00:00+00:00,P-002,APAC,braintree,true,200,467
2026-06-19T14:00:00+00:00,P-002,APAC,braintree,true,200,369
2026-06-19T14:00:00+00:00,P-002,APAC,braintree,true,200,151
2026-06-19T14:00:00+00:00,P-003,LATAM,stripe,true,200,415
2026-06-19T14:00:00+00:00,P-003,LATAM,stripe,true,200,152
2026-06-19T14:00:00+00:00,P-003,LATAM,stripe,true,200,451
2026-06-19T14:00:00+00:00,P-003,LATAM,stripe,true,200,362
2026-06-19T14:00:00+00:00,P-003,LATAM,stripe,true,200,438
2026-06-19T14:00:00+00:00,P-003,LATAM,stripe,true,200,297
2026-06-19T14:00:00+00:00,P-003,LATAM,stripe,true,200,343
2026-06-19T14:00:00+00:00,P-003,LATAM,braintree,true,200,218
2026-06-19T14:00:00+00:00,P-003,LATAM,braintree,true,200,344
2026-06-19T14:00:00+00:00,P-003,LATAM,braintree,true,200,232
2026-06-19T15:00:00+00:00,P-001,EU,stripe,true,200,293
2026-06-19T15:00:00+00:00,P-001,EU,stripe,true,200,456
2026-06-19T15:00:00+00:00,P-001,EU,stripe,true,200,270
2026-06-19T15:00:00+00:00,P-001,EU,stripe,true,200,319
2026-06-19T15:00:00+00:00,P-001,EU,stripe,false,3ds_failed,2236
2026-06-19T15:00:00+00:00,P-001,EU,stripe,true,200,361
2026-06-19T15:00:00+00:00,P-001,EU,stripe,true,200,202
2026-06-19T15:00:00+00:00,P-001,EU,braintree,true,200,473
2026-06-19T15:00:00+00:00,P-001,EU,braintree,true,200,461
2026-06-19T15:00:00+00:00,P-001,EU,braintree,true,200,208
2026-06-19T15:00:00+00:00,P-001,EU,braintree,true,200,430
2026-06-19T15:00:00+00:00,P-001,EU,braintree,true,200,332
2026-06-19T15:00:00+00:00,P-001,EU,braintree,false,gateway_unavailable,1521
2026-06-19T15:00:00+00:00,P-001,EU,braintree,true,200,405
2026-06-19T15:00:00+00:00,P-002,APAC,stripe,false,insufficient_funds,1434
2026-06-19T15:00:00+00:00,P-002,APAC,stripe,true,200,201
2026-06-19T15:00:00+00:00,P-002,APAC,stripe,true,200,377
2026-06-19T15:00:00+00:00,P-002,APAC,braintree,true,200,292
2026-06-19T15:00:00+00:00,P-002,APAC,braintree,true,200,436
2026-06-19T15:00:00+00:00,P-002,APAC,braintree,true,200,407
2026-06-19T15:00:00+00:00,P-003,LATAM,stripe,true,200,294
2026-06-19T15:00:00+00:00,P-003,LATAM,stripe,true,200,143
2026-06-19T15:00:00+00:00,P-003,LATAM,stripe,true,200,405
2026-06-19T15:00:00+00:00,P-003,LATAM,stripe,true,200,197
2026-06-19T15:00:00+00:00,P-003,LATAM,braintree,true,200,429
2026-06-19T15:00:00+00:00,P-003,LATAM,braintree,true,200,145
2026-06-19T15:00:00+00:00,P-003,LATAM,braintree,true,200,344
2026-06-19T15:00:00+00:00,P-003,LATAM,braintree,true,200,176
2026-06-19T15:00:00+00:00,P-003,LATAM,braintree,false,avs_mismatch,2148
2026-06-19T15:00:00+00:00,P-003,LATAM,braintree,true,200,172
2026-06-19T15:00:00+00:00,P-003,LATAM,braintree,true,200,141
2026-06-19T15:00:00+00:00,P-003,LATAM,braintree,true,200,205
2026-06-19T16:00:00+00:00,P-001,EU,stripe,true,200,225
2026-06-19T16:00:00+00:00,P-001,EU,stripe,true,200,200
2026-06-19T16:00:00+00:00,P-001,EU,stripe,true,200,346
2026-06-19T16:00:00+00:00,P-001,EU,stripe,true,200,375
2026-06-19T16:00:00+00:00,P-001,EU,stripe,true,200,170
2026-06-19T16:00:00+00:00,P-001,EU,stripe,true,200,306
2026-06-19T16:00:00+00:00,P-001,EU,stripe,true,200,190
2026-06-19T16:00:00+00:00,P-001,EU,stripe,true,200,223
2026-06-19T16:00:00+00:00,P-001,EU,braintree,false,processor_timeout,1402
2026-06-19T16:00:00+00:00,P-001,EU,braintree,true,200,362
2026-06-19T16:00:00+00:00,P-001,EU,braintree,true,200,378
2026-06-19T16:00:00+00:00,P-001,EU,braintree,true,200,256
2026-06-19T16:00:00+00:00,P-001,EU,braintree,true,200,332
2026-06-19T16:00:00+00:00,P-001,EU,braintree,true,200,460
2026-06-19T16:00:00+00:00,P-002,APAC,stripe,true,200,391
2026-06-19T16:00:00+00:00,P-002,APAC,stripe,true,200,236
2026-06-19T16:00:00+00:00,P-002,APAC,stripe,true,200,339
2026-06-19T16:00:00+00:00,P-002,APAC,stripe,true,200,329
2026-06-19T16:00:00+00:00,P-002,APAC,braintree,false,avs_mismatch,2297
2026-06-19T16:00:00+00:00,P-002,APAC,braintree,true,200,135
2026-06-19T16:00:00+00:00,P-002,APAC,braintree,true,200,125
2026-06-19T16:00:00+00:00,P-002,APAC,braintree,true,200,384
2026-06-19T16:00:00+00:00,P-002,APAC,braintree,false,processor_timeout,1592
2026-06-19T16:00:00+00:00,P-002,APAC,braintree,true,200,204
2026-06-19T16:00:00+00:00,P-003,LATAM,stripe,true,200,138
2026-06-19T16:00:00+00:00,P-003,LATAM,stripe,true,200,448
2026-06-19T16:00:00+00:00,P-003,LATAM,stripe,true,200,414
2026-06-19T16:00:00+00:00,P-003,LATAM,stripe,true,200,443
2026-06-19T16:00:00+00:00,P-003,LATAM,stripe,false,3ds_failed,1964
2026-06-19T16:00:00+00:00,P-003,LATAM,stripe,false,insufficient_funds,1723
2026-06-19T16:00:00+00:00,P-003,LATAM,braintree,true,200,275
2026-06-19T16:00:00+00:00,P-003,LATAM,braintree,true,200,280
2026-06-19T16:00:00+00:00,P-003,LATAM,braintree,true,200,124
2026-06-19T16:00:00+00:00,P-003,LATAM,braintree,true,200,390
2026-06-19T16:00:00+00:00,P-003,LATAM,braintree,true,200,195
2026-06-19T16:00:00+00:00,P-003,LATAM,braintree,true,200,348
2026-06-19T16:00:00+00:00,P-003,LATAM,braintree,true,200,398
2026-06-19T16:00:00+00:00,P-003,LATAM,braintree,true,200,436
2026-06-19T17:00:00+00:00,P-001,EU,stripe,true,200,296
2026-06-19T17:00:00+00:00,P-001,EU,stripe,true,200,452
2026-06-19T17:00:00+00:00,P-001,EU,stripe,true,200,221
2026-06-19T17:00:00+00:00,P-001,EU,stripe,true,200,163
2026-06-19T17:00:00+00:00,P-001,EU,stripe,true,200,291
2026-06-19T17:00:00+00:00,P-001,EU,stripe,true,200,184
2026-06-19T17:00:00+00:00,P-001,EU,stripe,true,200,396
2026-06-19T17:00:00+00:00,P-001,EU,stripe,true,200,167
2026-06-19T17:00:00+00:00,P-001,EU,braintree,true,200,386
2026-06-19T17:00:00+00:00,P-001,EU,braintree,true,200,445
2026-06-19T17:00:00+00:00,P-001,EU,braintree,true,200,134
2026-06-19T17:00:00+00:00,P-001,EU,braintree,true,200,396
2026-06-19T17:00:00+00:00,P-001,EU,braintree,true,200,243
2026-06-19T17:00:00+00:00,P-001,EU,braintree,true,200,275
2026-06-19T17:00:00+00:00,P-001,EU,braintree,true,200,378
2026-06-19T17:00:00+00:00,P-002,APAC,stripe,true,200,310
2026-06-19T17:00:00+00:00,P-002,APAC,stripe,true,200,379
2026-06-19T17:00:00+00:00,P-002,APAC,stripe,true,200,144
2026-06-19T17:00:00+00:00,P-002,APAC,braintree,false,gateway_unavailable,1510
2026-06-19T17:00:00+00:00,P-002,APAC,braintree,true,200,122
2026-06-19T17:00:00+00:00,P-002,APAC,braintree,true,200,240
2026-06-19T17:00:00+00:00,P-002,APAC,braintree,true,200,417
2026-06-19T17:00:00+00:00,P-002,APAC,braintree,true,200,441
2026-06-19T17:00:00+00:00,P-002,APAC,braintree,true,200,424
2026-06-19T17:00:00+00:00,P-002,APAC,braintree,true,200,273
2026-06-19T17:00:00+00:00,P-002,APAC,braintree,true,200,413
2026-06-19T17:00:00+00:00,P-003,LATAM,stripe,true,200,313
2026-06-19T17:00:00+00:00,P-003,LATAM,stripe,true,200,246
2026-06-19T17:00:00+00:00,P-003,LATAM,stripe,true,200,384
2026-06-19T17:00:00+00:00,P-003,LATAM,stripe,true,200,304
2026-06-19T17:00:00+00:00,P-003,LATAM,stripe,true,200,195
2026-06-19T17:00:00+00:00,P-003,LATAM,stripe,true,200,330
2026-06-19T17:00:00+00:00,P-003,LATAM,stripe,true,200,151
2026-06-19T17:00:00+00:00,P-003,LATAM,stripe,true,200,186
2026-06-19T17:00:00+00:00,P-003,LATAM,braintree,true,200,159
2026-06-19T17:00:00+00:00,P-003,LATAM,braintree,true,200,389
2026-06-19T17:00:00+00:00,P-003,LATAM,braintree,true,200,406
2026-06-19T17:00:00+00:00,P-003,LATAM,braintree,true,200,322
2026-06-19T17:00:00+00:00,P-003,LATAM,braintree,true,200,419
2026-06-19T17:00:00+00:00,P-003,LATAM,braintree,true,200,336
2026-06-19T18:00:00+00:00,P-001,EU,stripe,true,200,370
2026-06-19T18:00:00+00:00,P-001,EU,stripe,true,200,333
2026-06-19T18:00:00+00:00,P-001,EU,stripe,true,200,193
2026-06-19T18:00:00+00:00,P-001,EU,stripe,true,200,368
2026-06-19T18:00:00+00:00,P-001,EU,stripe,true,200,186
2026-06-19T18:00:00+00:00,P-001,EU,stripe,false,3ds_failed,1983
2026-06-19T18:00:00+00:00,P-001,EU,braintree,true,200,353
2026-06-19T18:00:00+00:00,P-001,EU,braintree,true,200,200
2026-06-19T18:00:00+00:00,P-001,EU,braintree,false,gateway_unavailable,1143
2026-06-19T18:00:00+00:00,P-002,APAC,stripe,true,200,176
2026-06-19T18:00:00+00:00,P-002,APAC,stripe,true,200,412
2026-06-19T18:00:00+00:00,P-002,APAC,stripe,true,200,387
2026-06-19T18:00:00+00:00,P-002,APAC,stripe,true,200,310
2026-06-19T18:00:00+00:00,P-002,APAC,stripe,true,200,311
2026-06-19T18:00:00+00:00,P-002,APAC,stripe,true,200,368
2026-06-19T18:00:00+00:00,P-002,APAC,stripe,true,200,193
2026-06-19T18:00:00+00:00,P-002,APAC,braintree,true,200,335
2026-06-19T18:00:00+00:00,P-002,APAC,braintree,true,200,276
2026-06-19T18:00:00+00:00,P-002,APAC,braintree,true,200,230
2026-06-19T18:00:00+00:00,P-002,APAC,braintree,true,200,370
2026-06-19T18:00:00+00:00,P-003,LATAM,stripe,true,200,298
2026-06-19T18:00:00+00:00,P-003,LATAM,stripe,true,200,142
2026-06-19T18:00:00+00:00,P-003,LATAM,stripe,true,200,413
2026-06-19T18:00:00+00:00,P-003,LATAM,braintree,true,200,292
2026-06-19T18:00:00+00:00,P-003,LATAM,braintree,true,200,363
2026-06-19T18:00:00+00:00,P-003,LATAM,braintree,true,200,430
2026-06-19T18:00:00+00:00,P-003,LATAM,braintree,true,200,190
2026-06-19T18:00:00+00:00,P-003,LATAM,braintree,true,200,355
2026-06-19T19:00:00+00:00,P-001,EU,stripe,true,200,196
2026-06-19T19:00:00+00:00,P-001,EU,stripe,true,200,286
2026-06-19T19:00:00+00:00,P-001,EU,stripe,true,200,439
2026-06-19T19:00:00+00:00,P-001,EU,stripe,true,200,329
2026-06-19T19:00:00+00:00,P-001,EU,stripe,true,200,322
2026-06-19T19:00:00+00:00,P-001,EU,stripe,true,200,143
2026-06-19T19:00:00+00:00,P-001,EU,braintree,true,200,262
2026-06-19T19:00:00+00:00,P-001,EU,braintree,true,200,204
2026-06-19T19:00:00+00:00,P-001,EU,braintree,true,200,412
2026-06-19T19:00:00+00:00,P-001,EU,braintree,true,200,278
2026-06-19T19:00:00+00:00,P-001,EU,braintree,true,200,183
2026-06-19T19:00:00+00:00,P-001,EU,braintree,true,200,163
2026-06-19T19:00:00+00:00,P-001,EU,braintree,true,200,436
2026-06-19T19:00:00+00:00,P-001,EU,braintree,true,200,147
2026-06-19T19:00:00+00:00,P-002,APAC,stripe,true,200,363
2026-06-19T19:00:00+00:00,P-002,APAC,stripe,true,200,129
2026-06-19T19:00:00+00:00,P-002,APAC,stripe,true,200,392
2026-06-19T19:00:00+00:00,P-002,APAC,stripe,true,200,129
2026-06-19T19:00:00+00:00,P-002,APAC,stripe,true,200,225
2026-06-19T19:00:00+00:00,P-002,APAC,stripe,true,200,416
2026-06-19T19:00:00+00:00,P-002,APAC,stripe,true,200,393
2026-06-19T19:00:00+00:00,P-002,APAC,braintree,true,200,421
2026-06-19T19:00:00+00:00,P-002,APAC,braintree,true,200,131
2026-06-19T19:00:00+00:00,P-002,APAC,braintree,true,200,212
2026-06-19T19:00:00+00:00,P-002,APAC,braintree,true,200,390
2026-06-19T19:00:00+00:00,P-002,APAC,braintree,true,200,251
2026-06-19T19:00:00+00:00,P-002,APAC,braintree,true,200,170
2026-06-19T19:00:00+00:00,P-002,APAC,braintree,true,200,266
2026-06-19T19:00:00+00:00,P-003,LATAM,stripe,true,200,165
2026-06-19T19:00:00+00:00,P-003,LATAM,stripe,true,200,328
2026-06-19T19:00:00+00:00,P-003,LATAM,stripe,true,200,150
2026-06-19T19:00:00+00:00,P-003,LATAM,stripe,true,200,286
2026-06-19T19:00:00+00:00,P-003,LATAM,braintree,true,200,149
2026-06-19T19:00:00+00:00,P-003,LATAM,braintree,true,200,170
2026-06-19T19:00:00+00:00,P-003,LATAM,braintree,true,200,331
2026-06-19T19:00:00+00:00,P-003,LATAM,braintree,true,200,252
2026-06-19T20:00:00+00:00,P-001,EU,stripe,true,200,181
2026-06-19T20:00:00+00:00,P-001,EU,stripe,true,200,242
2026-06-19T20:00:00+00:00,P-001,EU,stripe,true,200,420
2026-06-19T20:00:00+00:00,P-001,EU,stripe,true,200,380
2026-06-19T20:00:00+00:00,P-001,EU,stripe,true,200,317
2026-06-19T20:00:00+00:00,P-001,EU,stripe,true,200,257
2026-06-19T20:00:00+00:00,P-001,EU,braintree,true,200,403
2026-06-19T20:00:00+00:00,P-001,EU,braintree,true,200,367
2026-06-19T20:00:00+00:00,P-001,EU,braintree,true,200,444
2026-06-19T20:00:00+00:00,P-002,APAC,stripe,true,200,129
2026-06-19T20:00:00+00:00,P-002,APAC,stripe,true,200,420
2026-06-19T20:00:00+00:00,P-002,APAC,stripe,true,200,246
2026-06-19T20:00:00+00:00,P-002,APAC,stripe,true,200,453
2026-06-19T20:00:00+00:00,P-002,APAC,braintree,true,200,328
2026-06-19T20:00:00+00:00,P-002,APAC,braintree,true,200,445
2026-06-19T20:00:00+00:00,P-002,APAC,braintree,true,200,192
2026-06-19T20:00:00+00:00,P-002,APAC,braintree,true,200,206
2026-06-19T20:00:00+00:00,P-003,LATAM,stripe,true,200,336
2026-06-19T20:00:00+00:00,P-003,LATAM,stripe,false,3ds_failed,1825
2026-06-19T20:00:00+00:00,P-003,LATAM,stripe,true,200,357
2026-06-19T20:00:00+00:00,P-003,LATAM,stripe,false,3ds_failed,1492
2026-06-19T20:00:00+00:00,P-003,LATAM,braintree,false,processor_timeout,1023
2026-06-19T20:00:00+00:00,P-003,LATAM,braintree,false,gateway_unavailable,1459
2026-06-19T20:00:00+00:00,P-003,LATAM,braintree,true,200,468
2026-06-19T20:00:00+00:00,P-003,LATAM,braintree,true,200,299
2026-06-19T20:00:00+00:00,P-003,LATAM,braintree,true,200,228
2026-06-19T20:00:00+00:00,P-003,LATAM,braintree,true,200,381
2026-06-19T20:00:00+00:00,P-003,LATAM,braintree,true,200,202
2026-06-19T20:00:00+00:00,P-003,LATAM,braintree,true,200,408
2026-06-19T21:00:00+00:00,P-001,EU,stripe,true,200,322
2026-06-19T21:00:00+00:00,P-001,EU,stripe,true,200,191
2026-06-19T21:00:00+00:00,P-001,EU,stripe,true,200,263
2026-06-19T21:00:00+00:00,P-001,EU,braintree,true,200,378
2026-06-19T21:00:00+00:00,P-001,EU,braintree,false,gateway_unavailable,2296
2026-06-19T21:00:00+00:00,P-001,EU,braintree,false,avs_mismatch,1435
2026-06-19T21:00:00+00:00,P-001,EU,braintree,false,avs_mismatch,1827
2026-06-19T21:00:00+00:00,P-001,EU,braintree,true,200,459
2026-06-19T21:00:00+00:00,P-001,EU,braintree,false,gateway_unavailable,1331
2026-06-19T21:00:00+00:00,P-002,APAC,stripe,false,insufficient_funds,932
2026-06-19T21:00:00+00:00,P-002,APAC,stripe,true,200,188
2026-06-19T21:00:00+00:00,P-002,APAC,stripe,true,200,121
2026-06-19T21:00:00+00:00,P-002,APAC,stripe,true,200,122
2026-06-19T21:00:00+00:00,P-002,APAC,stripe,true,200,464
2026-06-19T21:00:00+00:00,P-002,APAC,stripe,true,200,404
2026-06-19T21:00:00+00:00,P-002,APAC,braintree,true,200,321
2026-06-19T21:00:00+00:00,P-002,APAC,braintree,true,200,452
2026-06-19T21:00:00+00:00,P-002,APAC,braintree,true,200,395
2026-06-19T21:00:00+00:00,P-002,APAC,braintree,true,200,463
2026-06-19T21:00:00+00:00,P-002,APAC,braintree,true,200,183
2026-06-19T21:00:00+00:00,P-002,APAC,braintree,true,200,312
2026-06-19T21:00:00+00:00,P-002,APAC,braintree,true,200,303
2026-06-19T21:00:00+00:00,P-002,APAC,braintree,true,200,476
2026-06-19T21:00:00+00:00,P-003,LATAM,stripe,true,200,309
2026-06-19T21:00:00+00:00,P-003,LATAM,stripe,true,200,347
2026-06-19T21:00:00+00:00,P-003,LATAM,stripe,true,200,130
2026-06-19T21:00:00+00:00,P-003,LATAM,braintree,true,200,303
2026-06-19T21:00:00+00:00,P-003,LATAM,braintree,true,200,434
2026-06-19T21:00:00+00:00,P-003,LATAM,braintree,true,200,233
2026-06-19T21:00:00+00:00,P-003,LATAM,braintree,true,200,372
2026-06-19T21:00:00+00:00,P-003,LATAM,braintree,false,processor_timeout,1474
2026-06-19T22:00:00+00:00,P-001,EU,stripe,true,200,430
2026-06-19T22:00:00+00:00,P-001,EU,stripe,true,200,220
2026-06-19T22:00:00+00:00,P-001,EU,stripe,false,3ds_failed,1711
2026-06-19T22:00:00+00:00,P-001,EU,stripe,true,200,262
2026-06-19T22:00:00+00:00,P-001,EU,stripe,true,200,372
2026-06-19T22:00:00+00:00,P-001,EU,stripe,true,200,219
2026-06-19T22:00:00+00:00,P-001,EU,braintree,true,200,464
2026-06-19T22:00:00+00:00,P-001,EU,braintree,true,200,409
2026-06-19T22:00:00+00:00,P-001,EU,braintree,true,200,421
2026-06-19T22:00:00+00:00,P-001,EU,braintree,true,200,153
2026-06-19T22:00:00+00:00,P-001,EU,braintree,true,200,411
2026-06-19T22:00:00+00:00,P-001,EU,braintree,true,200,387
2026-06-19T22:00:00+00:00,P-001,EU,braintree,true,200,260
2026-06-19T22:00:00+00:00,P-001,EU,braintree,true,200,467
2026-06-19T22:00:00+00:00,P-002,APAC,stripe,false,3ds_failed,2288
2026-06-19T22:00:00+00:00,P-002,APAC,stripe,true,200,249
2026-06-19T22:00:00+00:00,P-002,APAC,stripe,true,200,352
2026-06-19T22:00:00+00:00,P-002,APAC,braintree,false,avs_mismatch,2278
2026-06-19T22:00:00+00:00,P-002,APAC,braintree,false,processor_timeout,1561
2026-06-19T22:00:00+00:00,P-002,APAC,braintree,true,200,328
2026-06-19T22:00:00+00:00,P-003,LATAM,stripe,true,200,385
2026-06-19T22:00:00+00:00,P-003,LATAM,stripe,true,200,305
2026-06-19T22:00:00+00:00,P-003,LATAM,stripe,true,200,142
2026-06-19T22:00:00+00:00,P-003,LATAM,stripe,true,200,234
2026-06-19T22:00:00+00:00,P-003,LATAM,stripe,true,200,335
2026-06-19T22:00:00+00:00,P-003,LATAM,braintree,true,200,122
2026-06-19T22:00:00+00:00,P-003,LATAM,braintree,true,200,291
2026-06-19T22:00:00+00:00,P-003,LATAM,braintree,true,200,412
2026-06-19T22:00:00+00:00,P-003,LATAM,braintree,true,200,235
2026-06-19T22:00:00+00:00,P-003,LATAM,braintree,false,gateway_unavailable,1052
2026-06-19T22:00:00+00:00,P-003,LATAM,braintree,true,200,220
2026-06-19T22:00:00+00:00,P-003,LATAM,braintree,true,200,279
2026-06-19T23:00:00+00:00,P-001,EU,stripe,true,200,169
2026-06-19T23:00:00+00:00,P-001,EU,stripe,true,200,341
2026-06-19T23:00:00+00:00,P-001,EU,stripe,true,200,423
2026-06-19T23:00:00+00:00,P-001,EU,braintree,false,gateway_unavailable,1406
2026-06-19T23:00:00+00:00,P-001,EU,braintree,true,200,242
2026-06-19T23:00:00+00:00,P-001,EU,braintree,false,processor_timeout,1583
2026-06-19T23:00:00+00:00,P-001,EU,braintree,true,200,241
2026-06-19T23:00:00+00:00,P-001,EU,braintree,false,avs_mismatch,2168
2026-06-19T23:00:00+00:00,P-001,EU,braintree,true,200,168
2026-06-19T23:00:00+00:00,P-001,EU,braintree,true,200,416
2026-06-19T23:00:00+00:00,P-001,EU,braintree,true,200,151
2026-06-19T23:00:00+00:00,P-002,APAC,stripe,true,200,475
2026-06-19T23:00:00+00:00,P-002,APAC,stripe,true,200,185
2026-06-19T23:00:00+00:00,P-002,APAC,stripe,true,200,346
2026-06-19T23:00:00+00:00,P-002,APAC,braintree,true,200,440
2026-06-19T23:00:00+00:00,P-002,APAC,braintree,true,200,172
2026-06-19T23:00:00+00:00,P-002,APAC,braintree,true,200,406
2026-06-19T23:00:00+00:00,P-003,LATAM,stripe,true,200,315
2026-06-19T23:00:00+00:00,P-003,LATAM,stripe,true,200,436
2026-06-19T23:00:00+00:00,P-003,LATAM,stripe,true,200,239
2026-06-19T23:00:00+00:00,P-003,LATAM,braintree,true,200,439
2026-06-19T23:00:00+00:00,P-003,LATAM,braintree,true,200,316
2026-06-19T23:00:00+00:00,P-003,LATAM,braintree,true,200,339
2026-06-19T23:00:00+00:00,P-003,LATAM,braintree,true,200,437
2026-06-19T23:00:00+00:00,P-003,LATAM,braintree,true,200,453
2026-06-19T23:00:00+00:00,P-003,LATAM,braintree,false,processor_timeout,1829
2026-06-19T23:00:00+00:00,P-003,LATAM,braintree,true,200,420
2026-06-20T00:00:00+00:00,P-001,EU,stripe,true,200,126
2026-06-20T00:00:00+00:00,P-001,EU,stripe,true,200,154
2026-06-20T00:00:00+00:00,P-001,EU,stripe,true,200,219
2026-06-20T00:00:00+00:00,P-001,EU,stripe,true,200,184
2026-06-20T00:00:00+00:00,P-001,EU,braintree,true,200,301
2026-06-20T00:00:00+00:00,P-001,EU,braintree,true,200,437
2026-06-20T00:00:00+00:00,P-001,EU,braintree,true,200,244
2026-06-20T00:00:00+00:00,P-001,EU,braintree,true,200,142
2026-06-20T00:00:00+00:00,P-001,EU,braintree,true,200,279
2026-06-20T00:00:00+00:00,P-001,EU,braintree,true,200,382
2026-06-20T00:00:00+00:00,P-001,EU,braintree,false,gateway_unavailable,1537
2026-06-20T00:00:00+00:00,P-001,EU,braintree,true,200,397
2026-06-20T00:00:00+00:00,P-002,APAC,stripe,true,200,278
2026-06-20T00:00:00+00:00,P-002,APAC,stripe,true,200,269
2026-06-20T00:00:00+00:00,P-002,APAC,stripe,true,200,124
2026-06-20T00:00:00+00:00,P-002,APAC,stripe,true,200,456
2026-06-20T00:00:00+00:00,P-002,APAC,braintree,true,200,241
2026-06-20T00:00:00+00:00,P-002,APAC,braintree,true,200,406
2026-06-20T00:00:00+00:00,P-002,APAC,braintree,true,200,336
2026-06-20T00:00:00+00:00,P-002,APAC,braintree,true,200,222
2026-06-20T00:00:00+00:00,P-002,APAC,braintree,true,200,223
2026-06-20T00:00:00+00:00,P-002,APAC,braintree,true,200,294
2026-06-20T00:00:00+00:00,P-002,APAC,braintree,true,200,363
2026-06-20T00:00:00+00:00,P-002,APAC,braintree,true,200,359
2026-06-20T00:00:00+00:00,P-003,LATAM,stripe,true,200,416
2026-06-20T00:00:00+00:00,P-003,LATAM,stripe,true,200,291
2026-06-20T00:00:00+00:00,P-003,LATAM,stripe,true,200,334
2026-06-20T00:00:00+00:00,P-003,LATAM,stripe,true,200,173
2026-06-20T00:00:00+00:00,P-003,LATAM,stripe,true,200,141
2026-06-20T00:00:00+00:00,P-003,LATAM,stripe,true,200,121
2026-06-20T00:00:00+00:00,P-003,LATAM,stripe,true,200,474
2026-06-20T00:00:00+00:00,P-003,LATAM,braintree,true,200,229
2026-06-20T00:00:00+00:00,P-003,LATAM,braintree,true,200,289
2026-06-20T00:00:00+00:00,P-003,LATAM,braintree,true,200,312
2026-06-20T00:00:00+00:00,P-003,LATAM,braintree,true,200,214
2026-06-20T01:00:00+00:00,P-001,EU,stripe,true,200,157
2026-06-20T01:00:00+00:00,P-001,EU,stripe,true,200,404
2026-06-20T01:00:00+00:00,P-001,EU,stripe,true,200,268
2026-06-20T01:00:00+00:00,P-001,EU,braintree,true,200,419
2026-06-20T01:00:00+00:00,P-001,EU,braintree,true,200,304
2026-06-20T01:00:00+00:00,P-001,EU,braintree,true,200,135
2026-06-20T01:00:00+00:00,P-001,EU,braintree,true,200,265
2026-06-20T01:00:00+00:00,P-001,EU,braintree,true,200,254
2026-06-20T01:00:00+00:00,P-001,EU,braintree,true,200,293
2026-06-20T01:00:00+00:00,P-002,APAC,stripe,true,200,220
2026-06-20T01:00:00+00:00,P-002,APAC,stripe,true,200,254
2026-06-20T01:00:00+00:00,P-002,APAC,stripe,true,200,130
2026-06-20T01:00:00+00:00,P-002,APAC,stripe,true,200,190
2026-06-20T01:00:00+00:00,P-002,APAC,stripe,true,200,176
2026-06-20T01:00:00+00:00,P-002,APAC,stripe,true,200,227
2026-06-20T01:00:00+00:00,P-002,APAC,stripe,true,200,242
2026-06-20T01:00:00+00:00,P-002,APAC,braintree,true,200,458
2026-06-20T01:00:00+00:00,P-002,APAC,braintree,true,200,389
2026-06-20T01:00:00+00:00,P-002,APAC,braintree,false,avs_mismatch,1788
2026-06-20T01:00:00+00:00,P-002,APAC,braintree,true,200,153
2026-06-20T01:00:00+00:00,P-002,APAC,braintree,true,200,186
2026-06-20T01:00:00+00:00,P-003,LATAM,stripe,true,200,313
2026-06-20T01:00:00+00:00,P-003,LATAM,stripe,true,200,282
2026-06-20T01:00:00+00:00,P-003,LATAM,stripe,true,200,445
2026-06-20T01:00:00+00:00,P-003,LATAM,stripe,true,200,143
2026-06-20T01:00:00+00:00,P-003,LATAM,braintree,true,200,394
2026-06-20T01:00:00+00:00,P-003,LATAM,braintree,true,200,196
2026-06-20T01:00:00+00:00,P-003,LATAM,braintree,true,200,147
2026-06-20T01:00:00+00:00,P-003,LATAM,braintree,true,200,263
2026-06-20T01:00:00+00:00,P-003,LATAM,braintree,true,200,380
2026-06-20T01:00:00+00:00,P-003,LATAM,braintree,false,gateway_unavailable,1328
2026-06-20T01:00:00+00:00,P-003,LATAM,braintree,true,200,360
2026-06-20T02:00:00+00:00,P-001,EU,stripe,true,200,205
2026-06-20T02:00:00+00:00,P-001,EU,stripe,true,200,450
2026-06-20T02:00:00+00:00,P-001,EU,stripe,true,200,311
2026-06-20T02:00:00+00:00,P-001,EU,stripe,true,200,357
2026-06-20T02:00:00+00:00,P-001,EU,stripe,true,200,311
2026-06-20T02:00:00+00:00,P-001,EU,stripe,true,200,367
2026-06-20T02:00:00+00:00,P-001,EU,stripe,true,200,373
2026-06-20T02:00:00+00:00,P-001,EU,stripe,true,200,417
2026-06-20T02:00:00+00:00,P-001,EU,braintree,true,200,418
2026-06-20T02:00:00+00:00,P-001,EU,braintree,true,200,226
2026-06-20T02:00:00+00:00,P-001,EU,braintree,true,200,223
2026-06-20T02:00:00+00:00,P-001,EU,braintree,true,200,240
2026-06-20T02:00:00+00:00,P-001,EU,braintree,true,200,276
2026-06-20T02:00:00+00:00,P-001,EU,braintree,true,200,313
2026-06-20T02:00:00+00:00,P-002,APAC,stripe,true,200,311
2026-06-20T02:00:00+00:00,P-002,APAC,stripe,true,200,163
2026-06-20T02:00:00+00:00,P-002,APAC,stripe,true,200,163
2026-06-20T02:00:00+00:00,P-002,APAC,stripe,true,200,385
2026-06-20T02:00:00+00:00,P-002,APAC,stripe,true,200,418
2026-06-20T02:00:00+00:00,P-002,APAC,stripe,true,200,382
2026-06-20T02:00:00+00:00,P-002,APAC,stripe,true,200,338
2026-06-20T02:00:00+00:00,P-002,APAC,braintree,true,200,329
2026-06-20T02:00:00+00:00,P-002,APAC,braintree,true,200,374
2026-06-20T02:00:00+00:00,P-002,APAC,braintree,true,200,315
2026-06-20T02:00:00+00:00,P-002,APAC,braintree,true,200,346
2026-06-20T02:00:00+00:00,P-002,APAC,braintree,true,200,450
2026-06-20T02:00:00+00:00,P-002,APAC,braintree,true,200,162
2026-06-20T02:00:00+00:00,P-003,LATAM,stripe,true,200,382
2026-06-20T02:00:00+00:00,P-003,LATAM,stripe,true,200,160
2026-06-20T02:00:00+00:00,P-003,LATAM,stripe,true,200,236
2026-06-20T02:00:00+00:00,P-003,LATAM,stripe,true,200,156
2026-06-20T02:00:00+00:00,P-003,LATAM,stripe,true,200,399
2026-06-20T02:00:00+00:00,P-003,LATAM,braintree,true,200,465
2026-06-20T02:00:00+00:00,P-003,LATAM,braintree,true,200,274
2026-06-20T02:00:00+00:00,P-003,LATAM,braintree,true,200,469
2026-06-20T02:00:00+00:00,P-003,LATAM,braintree,true,200,217
2026-06-20T03:00:00+00:00,P-001,EU,stripe,true,200,190
2026-06-20T03:00:00+00:00,P-001,EU,stripe,false,3ds_failed,2415
2026-06-20T03:00:00+00:00,P-001,EU,stripe,true,200,253
2026-06-20T03:00:00+00:00,P-001,EU,stripe,true,200,273
2026-06-20T03:00:00+00:00,P-001,EU,stripe,true,200,297
2026-06-20T03:00:00+00:00,P-001,EU,stripe,true,200,326
2026-06-20T03:00:00+00:00,P-001,EU,stripe,true,200,416
2026-06-20T03:00:00+00:00,P-001,EU,stripe,true,200,126
2026-06-20T03:00:00+00:00,P-001,EU,braintree,true,200,196
2026-06-20T03:00:00+00:00,P-001,EU,braintree,true,200,236
2026-06-20T03:00:00+00:00,P-001,EU,braintree,true,200,227
2026-06-20T03:00:00+00:00,P-001,EU,braintree,true,200,384
2026-06-20T03:00:00+00:00,P-001,EU,braintree,true,200,402
2026-06-20T03:00:00+00:00,P-001,EU,braintree,true,200,356
2026-06-20T03:00:00+00:00,P-002,APAC,stripe,true,200,280
2026-06-20T03:00:00+00:00,P-002,APAC,stripe,true,200,339
2026-06-20T03:00:00+00:00,P-002,APAC,stripe,true,200,477
2026-06-20T03:00:00+00:00,P-002,APAC,stripe,true,200,344
2026-06-20T03:00:00+00:00,P-002,APAC,stripe,true,200,405
2026-06-20T03:00:00+00:00,P-002,APAC,braintree,true,200,415
2026-06-20T03:00:00+00:00,P-002,APAC,braintree,true,200,276
2026-06-20T03:00:00+00:00,P-002,APAC,braintree,false,processor_timeout,1923
2026-06-20T03:00:00+00:00,P-003,LATAM,stripe,true,200,293
2026-06-20T03:00:00+00:00,P-003,LATAM,stripe,true,200,337
2026-06-20T03:00:00+00:00,P-003,LATAM,stripe,true,200,326
2026-06-20T03:00:00+00:00,P-003,LATAM,stripe,true,200,473
2026-06-20T03:00:00+00:00,P-003,LATAM,stripe,true,200,286
2026-06-20T03:00:00+00:00,P-003,LATAM,stripe,true,200,410
2026-06-20T03:00:00+00:00,P-003,LATAM,stripe,true,200,191
2026-06-20T03:00:00+00:00,P-003,LATAM,stripe,true,200,289
2026-06-20T03:00:00+00:00,P-003,LATAM,braintree,true,200,428
2026-06-20T03:00:00+00:00,P-003,LATAM,braintree,true,200,413
2026-06-20T03:00:00+00:00,P-003,LATAM,braintree,true,200,315
2026-06-20T03:00:00+00:00,P-003,LATAM,braintree,true,200,320
2026-06-20T03:00:00+00:00,P-003,LATAM,braintree,true,200,317
2026-06-20T03:00:00+00:00,P-003,LATAM,braintree,true,200,175
2026-06-20T03:00:00+00:00,P-003,LATAM,braintree,true,200,351
2026-06-20T04:00:00+00:00,P-001,EU,stripe,true,200,167
2026-06-20T04:00:00+00:00,P-001,EU,stripe,true,200,465
2026-06-20T04:00:00+00:00,P-001,EU,stripe,true,200,136
2026-06-20T04:00:00+00:00,P-001,EU,stripe,true,200,428
2026-06-20T04:00:00+00:00,P-001,EU,stripe,true,200,215
2026-06-20T04:00:00+00:00,P-001,EU,stripe,true,200,317
2026-06-20T04:00:00+00:00,P-001,EU,stripe,true,200,239
2026-06-20T04:00:00+00:00,P-001,EU,stripe,true,200,388
2026-06-20T04:00:00+00:00,P-001,EU,braintree,true,200,308
2026-06-20T04:00:00+00:00,P-001,EU,braintree,true,200,207
2026-06-20T04:00:00+00:00,P-001,EU,braintree,true,200,330
2026-06-20T04:00:00+00:00,P-002,APAC,stripe,true,200,176
2026-06-20T04:00:00+00:00,P-002,APAC,stripe,true,200,334
2026-06-20T04:00:00+00:00,P-002,APAC,stripe,true,200,155
2026-06-20T04:00:00+00:00,P-002,APAC,stripe,true,200,225
2026-06-20T04:00:00+00:00,P-002,APAC,stripe,true,200,225
2026-06-20T04:00:00+00:00,P-002,APAC,stripe,true,200,460
2026-06-20T04:00:00+00:00,P-002,APAC,braintree,true,200,414
2026-06-20T04:00:00+00:00,P-002,APAC,braintree,false,avs_mismatch,1315
2026-06-20T04:00:00+00:00,P-002,APAC,braintree,true,200,470
2026-06-20T04:00:00+00:00,P-002,APAC,braintree,true,200,223
2026-06-20T04:00:00+00:00,P-002,APAC,braintree,true,200,193
2026-06-20T04:00:00+00:00,P-002,APAC,braintree,true,200,324
2026-06-20T04:00:00+00:00,P-003,LATAM,stripe,true,200,389
2026-06-20T04:00:00+00:00,P-003,LATAM,stripe,true,200,411
2026-06-20T04:00:00+00:00,P-003,LATAM,stripe,true,200,355
2026-06-20T04:00:00+00:00,P-003,LATAM,stripe,true,200,140
2026-06-20T04:00:00+00:00,P-003,LATAM,stripe,true,200,267
2026-06-20T04:00:00+00:00,P-003,LATAM,stripe,true,200,353
2026-06-20T04:00:00+00:00,P-003,LATAM,stripe,true,200,272
2026-06-20T04:00:00+00:00,P-003,LATAM,braintree,true,200,209
2026-06-20T04:00:00+00:00,P-003,LATAM,braintree,true,200,211
2026-06-20T04:00:00+00:00,P-003,LATAM,braintree,true,200,341
2026-06-20T04:00:00+00:00,P-003,LATAM,braintree,true,200,457
2026-06-20T04:00:00+00:00,P-003,LATAM,braintree,true,200,411
2026-06-20T04:00:00+00:00,P-003,LATAM,braintree,true,200,477
2026-06-20T05:00:00+00:00,P-001,EU,stripe,true,200,200
2026-06-20T05:00:00+00:00,P-001,EU,stripe,true,200,441
2026-06-20T05:00:00+00:00,P-001,EU,stripe,true,200,461
2026-06-20T05:00:00+00:00,P-001,EU,braintree,true,200,231
2026-06-20T05:00:00+00:00,P-001,EU,braintree,true,200,330
2026-06-20T05:00:00+00:00,P-001,EU,braintree,false,avs_mismatch,1148
2026-06-20T05:00:00+00:00,P-002,APAC,stripe,true,200,173
2026-06-20T05:00:00+00:00,P-002,APAC,stripe,true,200,286
2026-06-20T05:00:00+00:00,P-002,APAC,stripe,true,200,204
2026-06-20T05:00:00+00:00,P-002,APAC,stripe,true,200,379
2026-06-20T05:00:00+00:00,P-002,APAC,stripe,true,200,133
2026-06-20T05:00:00+00:00,P-002,APAC,braintree,true,200,465
2026-06-20T05:00:00+00:00,P-002,APAC,braintree,true,200,315
2026-06-20T05:00:00+00:00,P-002,APAC,braintree,true,200,324
2026-06-20T05:00:00+00:00,P-003,LATAM,stripe,true,200,125
2026-06-20T05:00:00+00:00,P-003,LATAM,stripe,true,200,189
2026-06-20T05:00:00+00:00,P-003,LATAM,stripe,true,200,357
2026-06-20T05:00:00+00:00,P-003,LATAM,stripe,true,200,154
2026-06-20T05:00:00+00:00,P-003,LATAM,braintree,true,200,244
2026-06-20T05:00:00+00:00,P-003,LATAM,braintree,true,200,344
2026-06-20T05:00:00+00:00,P-003,LATAM,braintree,true,200,262
2026-06-20T06:00:00+00:00,P-001,EU,stripe,true,200,129
2026-06-20T06:00:00+00:00,P-001,EU,stripe,true,200,210
2026-06-20T06:00:00+00:00,P-001,EU,stripe,true,200,393
2026-06-20T06:00:00+00:00,P-001,EU,stripe,true,200,206
2026-06-20T06:00:00+00:00,P-001,EU,braintree,true,200,125
2026-06-20T06:00:00+00:00,P-001,EU,braintree,true,200,198
2026-06-20T06:00:00+00:00,P-001,EU,braintree,true,200,211
2026-06-20T06:00:00+00:00,P-002,APAC,stripe,true,200,465
2026-06-20T06:00:00+00:00,P-002,APAC,stripe,true,200,346
2026-06-20T06:00:00+00:00,P-002,APAC,stripe,true,200,445
2026-06-20T06:00:00+00:00,P-002,APAC,stripe,true,200,448
2026-06-20T06:00:00+00:00,P-002,APAC,braintree,true,200,172
2026-06-20T06:00:00+00:00,P-002,APAC,braintree,true,200,277
2026-06-20T06:00:00+00:00,P-002,APAC,braintree,true,200,426
2026-06-20T06:00:00+00:00,P-002,APAC,braintree,true,200,313
2026-06-20T06:00:00+00:00,P-002,APAC,braintree,true,200,247
2026-06-20T06:00:00+00:00,P-002,APAC,braintree,true,200,242
2026-06-20T06:00:00+00:00,P-002,APAC,braintree,true,200,128
2026-06-20T06:00:00+00:00,P-002,APAC,braintree,true,200,127
2026-06-20T06:00:00+00:00,P-003,LATAM,stripe,true,200,468
2026-06-20T06:00:00+00:00,P-003,LATAM,stripe,true,200,232
2026-06-20T06:00:00+00:00,P-003,LATAM,stripe,false,card_declined,2260
2026-06-20T06:00:00+00:00,P-003,LATAM,stripe,true,200,205
2026-06-20T06:00:00+00:00,P-003,LATAM,stripe,true,200,382
2026-06-20T06:00:00+00:00,P-003,LATAM,braintree,true,200,285
2026-06-20T06:00:00+00:00,P-003,LATAM,braintree,true,200,217
2026-06-20T06:00:00+00:00,P-003,LATAM,braintree,true,200,397
2026-06-20T07:00:00+00:00,P-001,EU,stripe,true,200,181
2026-06-20T07:00:00+00:00,P-001,EU,stripe,true,200,174
2026-06-20T07:00:00+00:00,P-001,EU,stripe,true,200,208
2026-06-20T07:00:00+00:00,P-001,EU,stripe,true,200,454
2026-06-20T07:00:00+00:00,P-001,EU,stripe,true,200,319
2026-06-20T07:00:00+00:00,P-001,EU,stripe,true,200,232
2026-06-20T07:00:00+00:00,P-001,EU,braintree,true,200,262
2026-06-20T07:00:00+00:00,P-001,EU,braintree,true,200,308
2026-06-20T07:00:00+00:00,P-001,EU,braintree,true,200,231
2026-06-20T07:00:00+00:00,P-002,APAC,stripe,true,200,426
2026-06-20T07:00:00+00:00,P-002,APAC,stripe,true,200,172
2026-06-20T07:00:00+00:00,P-002,APAC,stripe,true,200,411
2026-06-20T07:00:00+00:00,P-002,APAC,stripe,true,200,168
2026-06-20T07:00:00+00:00,P-002,APAC,stripe,true,200,443
2026-06-20T07:00:00+00:00,P-002,APAC,stripe,true,200,467
2026-06-20T07:00:00+00:00,P-002,APAC,braintree,true,200,209
2026-06-20T07:00:00+00:00,P-002,APAC,braintree,true,200,472
2026-06-20T07:00:00+00:00,P-002,APAC,braintree,true,200,461
2026-06-20T07:00:00+00:00,P-002,APAC,braintree,true,200,291
2026-06-20T07:00:00+00:00,P-002,APAC,braintree,true,200,419
2026-06-20T07:00:00+00:00,P-002,APAC,braintree,true,200,381
2026-06-20T07:00:00+00:00,P-002,APAC,braintree,true,200,239
2026-06-20T07:00:00+00:00,P-002,APAC,braintree,true,200,480
2026-06-20T07:00:00+00:00,P-003,LATAM,stripe,true,200,435
2026-06-20T07:00:00+00:00,P-003,LATAM,stripe,true,200,183
2026-06-20T07:00:00+00:00,P-003,LATAM,stripe,true,200,339
2026-06-20T07:00:00+00:00,P-003,LATAM,braintree,true,200,150
2026-06-20T07:00:00+00:00,P-003,LATAM,braintree,true,200,375
2026-06-20T07:00:00+00:00,P-003,LATAM,braintree,true,200,197
2026-06-20T07:00:00+00:00,P-003,LATAM,braintree,true,200,448
2026-06-20T08:00:00+00:00,P-001,EU,stripe,true,200,426
2026-06-20T08:00:00+00:00,P-001,EU,stripe,false,insufficient_funds,2413
2026-06-20T08:00:00+00:00,P-001,EU,stripe,true,200,188
2026-06-20T08:00:00+00:00,P-001,EU,braintree,true,200,140
2026-06-20T08:00:00+00:00,P-001,EU,braintree,true,200,332
2026-06-20T08:00:00+00:00,P-001,EU,braintree,true,200,267
2026-06-20T08:00:00+00:00,P-001,EU,braintree,true,200,237
2026-06-20T08:00:00+00:00,P-001,EU,braintree,true,200,289
2026-06-20T08:00:00+00:00,P-002,APAC,stripe,true,200,396
2026-06-20T08:00:00+00:00,P-002,APAC,stripe,true,200,460
2026-06-20T08:00:00+00:00,P-002,APAC,stripe,false,3ds_failed,2325
2026-06-20T08:00:00+00:00,P-002,APAC,stripe,true,200,431
2026-06-20T08:00:00+00:00,P-002,APAC,stripe,true,200,386
2026-06-20T08:00:00+00:00,P-002,APAC,braintree,true,200,442
2026-06-20T08:00:00+00:00,P-002,APAC,braintree,true,200,371
2026-06-20T08:00:00+00:00,P-002,APAC,braintree,true,200,218
2026-06-20T08:00:00+00:00,P-002,APAC,braintree,true,200,192
2026-06-20T08:00:00+00:00,P-002,APAC,braintree,false,processor_timeout,1087
2026-06-20T08:00:00+00:00,P-003,LATAM,stripe,true,200,224
2026-06-20T08:00:00+00:00,P-003,LATAM,stripe,true,200,160
2026-06-20T08:00:00+00:00,P-003,LATAM,stripe,true,200,359
2026-06-20T08:00:00+00:00,P-003,LATAM,stripe,true,200,221
2026-06-20T08:00:00+00:00,P-003,LATAM,braintree,true,200,430
2026-06-20T08:00:00+00:00,P-003,LATAM,braintree,true,200,266
2026-06-20T08:00:00+00:00,P-003,LATAM,braintree,true,200,445
2026-06-20T08:00:00+00:00,P-003,LATAM,braintree,true,200,366
2026-06-20T09:00:00+00:00,P-001,EU,stripe,false,insufficient_funds,1715
2026-06-20T09:00:00+00:00,P-001,EU,stripe,true,200,361
2026-06-20T09:00:00+00:00,P-001,EU,stripe,true,200,378
2026-06-20T09:00:00+00:00,P-001,EU,braintree,true,200,199
2026-06-20T09:00:00+00:00,P-001,EU,braintree,true,200,366
2026-06-20T09:00:00+00:00,P-001,EU,braintree,true,200,315
2026-06-20T09:00:00+00:00,P-001,EU,braintree,true,200,162
2026-06-20T09:00:00+00:00,P-001,EU,braintree,true,200,273
2026-06-20T09:00:00+00:00,P-001,EU,braintree,true,200,198
2026-06-20T09:00:00+00:00,P-001,EU,braintree,true,200,209
2026-06-20T09:00:00+00:00,P-002,APAC,stripe,true,200,276
2026-06-20T09:00:00+00:00,P-002,APAC,stripe,true,200,312
2026-06-20T09:00:00+00:00,P-002,APAC,stripe,true,200,366
2026-06-20T09:00:00+00:00,P-002,APAC,stripe,true,200,189
2026-06-20T09:00:00+00:00,P-002,APAC,stripe,true,200,220
2026-06-20T09:00:00+00:00,P-002,APAC,braintree,true,200,122
2026-06-20T09:00:00+00:00,P-002,APAC,braintree,true,200,376
2026-06-20T09:00:00+00:00,P-002,APAC,braintree,true,200,311
2026-06-20T09:00:00+00:00,P-002,APAC,braintree,true,200,332
2026-06-20T09:00:00+00:00,P-003,LATAM,stripe,false,insufficient_funds,1686
2026-06-20T09:00:00+00:00,P-003,LATAM,stripe,true,200,448
2026-06-20T09:00:00+00:00,P-003,LATAM,stripe,false,card_declined,1737
2026-06-20T09:00:00+00:00,P-003,LATAM,stripe,true,200,183
2026-06-20T09:00:00+00:00,P-003,LATAM,stripe,true,200,409
2026-06-20T09:00:00+00:00,P-003,LATAM,stripe,true,200,343
2026-06-20T09:00:00+00:00,P-003,LATAM,braintree,true,200,298
2026-06-20T09:00:00+00:00,P-003,LATAM,braintree,true,200,370
2026-06-20T09:00:00+00:00,P-003,LATAM,braintree,true,200,308
2026-06-20T09:00:00+00:00,P-003,LATAM,braintree,true,200,453
2026-06-20T09:00:00+00:00,P-003,LATAM,braintree,true,200,337
2026-06-20T10:00:00+00:00,P-001,EU,stripe,true,200,364
2026-06-20T10:00:00+00:00,P-001,EU,stripe,true,200,305
2026-06-20T10:00:00+00:00,P-001,EU,stripe,true,200,466
2026-06-20T10:00:00+00:00,P-001,EU,stripe,true,200,460
2026-06-20T10:00:00+00:00,P-001,EU,stripe,true,200,253
2026-06-20T10:00:00+00:00,P-001,EU,stripe,true,200,468
2026-06-20T10:00:00+00:00,P-001,EU,stripe,true,200,246
2026-06-20T10:00:00+00:00,P-001,EU,stripe,true,200,459
2026-06-20T10:00:00+00:00,P-001,EU,braintree,true,200,167
2026-06-20T10:00:00+00:00,P-001,EU,braintree,true,200,316
2026-06-20T10:00:00+00:00,P-001,EU,braintree,true,200,420
2026-06-20T10:00:00+00:00,P-001,EU,braintree,false,processor_timeout,1961
2026-06-20T10:00:00+00:00,P-002,APAC,stripe,true,200,204
2026-06-20T10:00:00+00:00,P-002,APAC,stripe,true,200,249
2026-06-20T10:00:00+00:00,P-002,APAC,stripe,true,200,376
2026-06-20T10:00:00+00:00,P-002,APAC,stripe,false,3ds_failed,1683
2026-06-20T10:00:00+00:00,P-002,APAC,braintree,true,200,330
2026-06-20T10:00:00+00:00,P-002,APAC,braintree,true,200,165
2026-06-20T10:00:00+00:00,P-002,APAC,braintree,true,200,413
2026-06-20T10:00:00+00:00,P-002,APAC,braintree,true,200,296
2026-06-20T10:00:00+00:00,P-002,APAC,braintree,true,200,257
2026-06-20T10:00:00+00:00,P-002,APAC,braintree,true,200,323
2026-06-20T10:00:00+00:00,P-002,APAC,braintree,true,200,123
2026-06-20T10:00:00+00:00,P-003,LATAM,stripe,true,200,120
2026-06-20T10:00:00+00:00,P-003,LATAM,stripe,true,200,476
2026-06-20T10:00:00+00:00,P-003,LATAM,stripe,true,200,333
2026-06-20T10:00:00+00:00,P-003,LATAM,stripe,true,200,340
2026-06-20T10:00:00+00:00,P-003,LATAM,braintree,true,200,215
2026-06-20T10:00:00+00:00,P-003,LATAM,braintree,true,200,221
2026-06-20T10:00:00+00:00,P-003,LATAM,braintree,true,200,377
2026-06-20T10:00:00+00:00,P-003,LATAM,braintree,false,gateway_unavailable,2061
2026-06-20T11:00:00+00:00,P-001,EU,stripe,true,200,150
2026-06-20T11:00:00+00:00,P-001,EU,stripe,true,200,218
2026-06-20T11:00:00+00:00,P-001,EU,stripe,true,200,329
2026-06-20T11:00:00+00:00,P-001,EU,stripe,true,200,439
2026-06-20T11:00:00+00:00,P-001,EU,braintree,true,200,205
2026-06-20T11:00:00+00:00,P-001,EU,braintree,true,200,163
2026-06-20T11:00:00+00:00,P-001,EU,braintree,true,200,261
2026-06-20T11:00:00+00:00,P-002,APAC,stripe,true,200,419
2026-06-20T11:00:00+00:00,P-002,APAC,stripe,true,200,368
2026-06-20T11:00:00+00:00,P-002,APAC,stripe,true,200,171
2026-06-20T11:00:00+00:00,P-002,APAC,braintree,true,200,123
2026-06-20T11:00:00+00:00,P-002,APAC,braintree,true,200,141
2026-06-20T11:00:00+00:00,P-002,APAC,braintree,true,200,387
2026-06-20T11:00:00+00:00,P-003,LATAM,stripe,true,200,386
2026-06-20T11:00:00+00:00,P-003,LATAM,stripe,false,insufficient_funds,1895
2026-06-20T11:00:00+00:00,P-003,LATAM,stripe,true,200,292
2026-06-20T11:00:00+00:00,P-003,LATAM,braintree,true,200,309
2026-06-20T11:00:00+00:00,P-003,LATAM,braintree,true,200,295
2026-06-20T11:00:00+00:00,P-003,LATAM,braintree,false,processor_timeout,1639
2026-06-20T11:00:00+00:00,P-003,LATAM,braintree,true,200,313
2026-06-20T11:00:00+00:00,P-003,LATAM,braintree,true,200,302
2026-06-20T11:00:00+00:00,P-003,LATAM,braintree,true,200,171
2026-06-20T11:00:00+00:00,P-003,LATAM,braintree,true,200,477
2026-06-20T12:00:00+00:00,P-001,EU,stripe,true,200,191
2026-06-20T12:00:00+00:00,P-001,EU,stripe,true,200,182
2026-06-20T12:00:00+00:00,P-001,EU,stripe,true,200,263
2026-06-20T12:00:00+00:00,P-001,EU,stripe,false,card_declined,1654
2026-06-20T12:00:00+00:00,P-001,EU,stripe,true,200,471
2026-06-20T12:00:00+00:00,P-001,EU,stripe,true,200,363
2026-06-20T12:00:00+00:00,P-001,EU,braintree,true,200,216
2026-06-20T12:00:00+00:00,P-001,EU,braintree,true,200,446
2026-06-20T12:00:00+00:00,P-001,EU,braintree,false,gateway_unavailable,934
2026-06-20T12:00:00+00:00,P-001,EU,braintree,true,200,143
2026-06-20T12:00:00+00:00,P-001,EU,braintree,false,avs_mismatch,1566
2026-06-20T12:00:00+00:00,P-001,EU,braintree,true,200,239
2026-06-20T12:00:00+00:00,P-001,EU,braintree,true,200,324
2026-06-20T12:00:00+00:00,P-002,APAC,stripe,true,200,161
2026-06-20T12:00:00+00:00,P-002,APAC,stripe,true,200,363
2026-06-20T12:00:00+00:00,P-002,APAC,stripe,false,3ds_failed,1105
2026-06-20T12:00:00+00:00,P-002,APAC,stripe,true,200,270
2026-06-20T12:00:00+00:00,P-002,APAC,stripe,true,200,193
2026-06-20T12:00:00+00:00,P-002,APAC,stripe,true,200,412
2026-06-20T12:00:00+00:00,P-002,APAC,stripe,true,200,378
2026-06-20T12:00:00+00:00,P-002,APAC,stripe,true,200,374
2026-06-20T12:00:00+00:00,P-002,APAC,braintree,true,200,464
2026-06-20T12:00:00+00:00,P-002,APAC,braintree,false,gateway_unavailable,1244
2026-06-20T12:00:00+00:00,P-002,APAC,braintree,true,200,179
2026-06-20T12:00:00+00:00,P-003,LATAM,stripe,true,200,243
2026-06-20T12:00:00+00:00,P-003,LATAM,stripe,true,200,207
2026-06-20T12:00:00+00:00,P-003,LATAM,stripe,true,200,457
2026-06-20T12:00:00+00:00,P-003,LATAM,stripe,true,200,174
2026-06-20T12:00:00+00:00,P-003,LATAM,stripe,true,200,134
2026-06-20T12:00:00+00:00,P-003,LATAM,stripe,true,200,287
2026-06-20T12:00:00+00:00,P-003,LATAM,braintree,true,200,232
2026-06-20T12:00:00+00:00,P-003,LATAM,braintree,true,200,460
2026-06-20T12:00:00+00:00,P-003,LATAM,braintree,true,200,463
2026-06-20T12:00:00+00:00,P-003,LATAM,braintree,true,200,189
2026-06-20T12:00:00+00:00,P-003,LATAM,braintree,true,200,444
2026-06-20T12:00:00+00:00,P-003,LATAM,braintree,true,200,166
2026-06-20T13:00:00+00:00,P-001,EU,stripe,true,200,234
2026-06-20T13:00:00+00:00,P-001,EU,stripe,true,200,427
2026-06-20T13:00:00+00:00,P-001,EU,stripe,true,200,295
2026-06-20T13:00:00+00:00,P-001,EU,stripe,true,200,315
2026-06-20T13:00:00+00:00,P-001,EU,stripe,true,200,407
2026-06-20T13:00:00+00:00,P-001,EU,stripe,false,insufficient_funds,1377
2026-06-20T13:00:00+00:00,P-001,EU,stripe,true,200,179
2026-06-20T13:00:00+00:00,P-001,EU,stripe,true,200,177
2026-06-20T13:00:00+00:00,P-001,EU,braintree,true,200,423
2026-06-20T13:00:00+00:00,P-001,EU,braintree,false,avs_mismatch,1137
2026-06-20T13:00:00+00:00,P-001,EU,braintree,true,200,185
2026-06-20T13:00:00+00:00,P-002,APAC,stripe,false,3ds_failed,2409
2026-06-20T13:00:00+00:00,P-002,APAC,stripe,true,200,151
2026-06-20T13:00:00+00:00,P-002,APAC,stripe,true,200,217
2026-06-20T13:00:00+00:00,P-002,APAC,stripe,true,200,336
2026-06-20T13:00:00+00:00,P-002,APAC,stripe,true,200,306
2026-06-20T13:00:00+00:00,P-002,APAC,braintree,false,processor_timeout,1964
2026-06-20T13:00:00+00:00,P-002,APAC,braintree,true,200,422
2026-06-20T13:00:00+00:00,P-002,APAC,braintree,true,200,322
2026-06-20T13:00:00+00:00,P-002,APAC,braintree,true,200,355
2026-06-20T13:00:00+00:00,P-002,APAC,braintree,true,200,271
2026-06-20T13:00:00+00:00,P-002,APAC,braintree,true,200,375
2026-06-20T13:00:00+00:00,P-002,APAC,braintree,true,200,195
2026-06-20T13:00:00+00:00,P-002,APAC,braintree,true,200,194
2026-06-20T13:00:00+00:00,P-003,LATAM,stripe,true,200,479
2026-06-20T13:00:00+00:00,P-003,LATAM,stripe,true,200,283
2026-06-20T13:00:00+00:00,P-003,LATAM,stripe,true,200,472
2026-06-20T13:00:00+00:00,P-003,LATAM,stripe,true,200,413
2026-06-20T13:00:00+00:00,P-003,LATAM,stripe,true,200,230
2026-06-20T13:00:00+00:00,P-003,LATAM,stripe,true,200,480
2026-06-20T13:00:00+00:00,P-003,LATAM,stripe,false,card_declined,1582
2026-06-20T13:00:00+00:00,P-003,LATAM,stripe,true,200,227
2026-06-20T13:00:00+00:00,P-003,LATAM,braintree,false,processor_timeout,2334
2026-06-20T13:00:00+00:00,P-003,LATAM,braintree,true,200,211
2026-06-20T13:00:00+00:00,P-003,LATAM,braintree,true,200,320
2026-06-20T13:00:00+00:00,P-003,LATAM,braintree,true,200,457
2026-06-20T13:00:00+00:00,P-003,LATAM,braintree,true,200,201
2026-06-20T13:00:00+00:00,P-003,LATAM,braintree,false,avs_mismatch,1703
2026-06-20T13:00:00+00:00,P-003,LATAM,braintree,true,200,467
2026-06-20T13:00:00+00:00,P-003,LATAM,braintree,true,200,298
2026-06-20T14:00:00+00:00,P-001,EU,stripe,true,200,390
2026-06-20T14:00:00+00:00,P-001,EU,stripe,true,200,264
2026-06-20T14:00:00+00:00,P-001,EU,stripe,true,200,219
2026-06-20T14:00:00+00:00,P-001,EU,stripe,true,200,400
2026-06-20T14:00:00+00:00,P-001,EU,stripe,true,200,187
2026-06-20T14:00:00+00:00,P-001,EU,stripe,true,200,417
2026-06-20T14:00:00+00:00,P-001,EU,braintree,true,200,275
2026-06-20T14:00:00+00:00,P-001,EU,braintree,true,200,203
2026-06-20T14:00:00+00:00,P-001,EU,braintree,true,200,346
2026-06-20T14:00:00+00:00,P-002,APAC,stripe,true,200,194
2026-06-20T14:00:00+00:00,P-002,APAC,stripe,true,200,220
2026-06-20T14:00:00+00:00,P-002,APAC,stripe,true,200,124
2026-06-20T14:00:00+00:00,P-002,APAC,stripe,true,200,414
2026-06-20T14:00:00+00:00,P-002,APAC,stripe,true,200,195
2026-06-20T14:00:00+00:00,P-002,APAC,stripe,true,200,338
2026-06-20T14:00:00+00:00,P-002,APAC,stripe,true,200,206
2026-06-20T14:00:00+00:00,P-002,APAC,stripe,true,200,169
2026-06-20T14:00:00+00:00,P-002,APAC,braintree,false,processor_timeout,1007
2026-06-20T14:00:00+00:00,P-002,APAC,braintree,true,200,383
2026-06-20T14:00:00+00:00,P-002,APAC,braintree,true,200,423
2026-06-20T14:00:00+00:00,P-002,APAC,braintree,true,200,196
2026-06-20T14:00:00+00:00,P-002,APAC,braintree,true,200,326
2026-06-20T14:00:00+00:00,P-003,LATAM,stripe,true,200,243
2026-06-20T14:00:00+00:00,P-003,LATAM,stripe,true,200,274
2026-06-20T14:00:00+00:00,P-003,LATAM,stripe,true,200,208
2026-06-20T14:00:00+00:00,P-003,LATAM,stripe,true,200,312
2026-06-20T14:00:00+00:00,P-003,LATAM,braintree,false,avs_mismatch,2248
2026-06-20T14:00:00+00:00,P-003,LATAM,braintree,true,200,357
2026-06-20T14:00:00+00:00,P-003,LATAM,braintree,true,200,452
2026-06-20T14:00:00+00:00,P-003,LATAM,braintree,true,200,443
2026-06-20T14:00:00+00:00,P-003,LATAM,braintree,true,200,308
2026-06-20T14:00:00+00:00,P-003,LATAM,braintree,true,200,179
2026-06-20T14:00:00+00:00,P-003,LATAM,braintree,true,200,370
2026-06-20T14:00:00+00:00,P-003,LATAM,braintree,true,200,380
2026-06-20T15:00:00+00:00,P-001,EU,stripe,true,200,413
2026-06-20T15:00:00+00:00,P-001,EU,stripe,false,insufficient_funds,1460
2026-06-20T15:00:00+00:00,P-001,EU,stripe,true,200,168
2026-06-20T15:00:00+00:00,P-001,EU,stripe,true,200,212
2026-06-20T15:00:00+00:00,P-001,EU,braintree,true,200,450
2026-06-20T15:00:00+00:00,P-001,EU,braintree,true,200,272
2026-06-20T15:00:00+00:00,P-001,EU,braintree,true,200,170
2026-06-20T15:00:00+00:00,P-001,EU,braintree,true,200,395
2026-06-20T15:00:00+00:00,P-001,EU,braintree,true,200,478
2026-06-20T15:00:00+00:00,P-001,EU,braintree,true,200,404
2026-06-20T15:00:00+00:00,P-002,APAC,stripe,true,200,391
2026-06-20T15:00:00+00:00,P-002,APAC,stripe,true,200,385
2026-06-20T15:00:00+00:00,P-002,APAC,stripe,true,200,395
2026-06-20T15:00:00+00:00,P-002,APAC,stripe,true,200,453
2026-06-20T15:00:00+00:00,P-002,APAC,stripe,true,200,226
2026-06-20T15:00:00+00:00,P-002,APAC,stripe,false,card_declined,1270
2026-06-20T15:00:00+00:00,P-002,APAC,stripe,true,200,475
2026-06-20T15:00:00+00:00,P-002,APAC,braintree,true,200,348
2026-06-20T15:00:00+00:00,P-002,APAC,braintree,true,200,182
2026-06-20T15:00:00+00:00,P-002,APAC,braintree,true,200,414
2026-06-20T15:00:00+00:00,P-002,APAC,braintree,true,200,202
2026-06-20T15:00:00+00:00,P-003,LATAM,stripe,true,200,137
2026-06-20T15:00:00+00:00,P-003,LATAM,stripe,true,200,183
2026-06-20T15:00:00+00:00,P-003,LATAM,stripe,true,200,306
2026-06-20T15:00:00+00:00,P-003,LATAM,braintree,true,200,456
2026-06-20T15:00:00+00:00,P-003,LATAM,braintree,true,200,273
2026-06-20T15:00:00+00:00,P-003,LATAM,braintree,true,200,385
2026-06-20T15:00:00+00:00,P-003,LATAM,braintree,true,200,270
2026-06-20T15:00:00+00:00,P-003,LATAM,braintree,true,200,347
2026-06-20T15:00:00+00:00,P-003,LATAM,braintree,true,200,371
2026-06-20T15:00:00+00:00,P-003,LATAM,braintree,true,200,387
2026-06-20T16:00:00+00:00,P-001,EU,stripe,true,200,381
2026-06-20T16:00:00+00:00,P-001,EU,stripe,true,200,170
2026-06-20T16:00:00+00:00,P-001,EU,stripe,true,200,142
2026-06-20T16:00:00+00:00,P-001,EU,stripe,true,200,216
2026-06-20T16:00:00+00:00,P-001,EU,stripe,true,200,230
2026-06-20T16:00:00+00:00,P-001,EU,braintree,true,200,230
2026-06-20T16:00:00+00:00,P-001,EU,braintree,true,200,262
2026-06-20T16:00:00+00:00,P-001,EU,braintree,true,200,438
2026-06-20T16:00:00+00:00,P-001,EU,braintree,true,200,401
2026-06-20T16:00:00+00:00,P-002,APAC,stripe,true,200,452
2026-06-20T16:00:00+00:00,P-002,APAC,stripe,true,200,324
2026-06-20T16:00:00+00:00,P-002,APAC,stripe,true,200,250
2026-06-20T16:00:00+00:00,P-002,APAC,stripe,true,200,475
2026-06-20T16:00:00+00:00,P-002,APAC,stripe,true,200,224
2026-06-20T16:00:00+00:00,P-002,APAC,braintree,true,200,257
2026-06-20T16:00:00+00:00,P-002,APAC,braintree,false,avs_mismatch,2222
2026-06-20T16:00:00+00:00,P-002,APAC,braintree,true,200,310
2026-06-20T16:00:00+00:00,P-003,LATAM,stripe,true,200,381
2026-06-20T16:00:00+00:00,P-003,LATAM,stripe,true,200,334
2026-06-20T16:00:00+00:00,P-003,LATAM,stripe,true,200,281
2026-06-20T16:00:00+00:00,P-003,LATAM,stripe,false,insufficient_funds,1676
2026-06-20T16:00:00+00:00,P-003,LATAM,stripe,true,200,429
2026-06-20T16:00:00+00:00,P-003,LATAM,stripe,true,200,258
2026-06-20T16:00:00+00:00,P-003,LATAM,stripe,true,200,176
2026-06-20T16:00:00+00:00,P-003,LATAM,braintree,true,200,153
2026-06-20T16:00:00+00:00,P-003,LATAM,braintree,true,200,165
2026-06-20T16:00:00+00:00,P-003,LATAM,braintree,true,200,290
2026-06-20T16:00:00+00:00,P-003,LATAM,braintree,true,200,194
2026-06-20T16:00:00+00:00,P-003,LATAM,braintree,true,200,235
2026-06-20T16:00:00+00:00,P-003,LATAM,braintree,true,200,170
2026-06-20T16:00:00+00:00,P-003,LATAM,braintree,true,200,233
2026-06-20T16:00:00+00:00,P-003,LATAM,braintree,true,200,173
2026-06-20T17:00:00+00:00,P-001,EU,stripe,true,200,276
2026-06-20T17:00:00+00:00,P-001,EU,stripe,true,200,370
2026-06-20T17:00:00+00:00,P-001,EU,stripe,true,200,298
2026-06-20T17:00:00+00:00,P-001,EU,braintree,true,200,264
2026-06-20T17:00:00+00:00,P-001,EU,braintree,true,200,431
2026-06-20T17:00:00+00:00,P-001,EU,braintree,true,200,144
2026-06-20T17:00:00+00:00,P-001,EU,braintree,true,200,319
2026-06-20T17:00:00+00:00,P-001,EU,braintree,true,200,467
2026-06-20T17:00:00+00:00,P-001,EU,braintree,false,avs_mismatch,2029
2026-06-20T17:00:00+00:00,P-001,EU,braintree,true,200,326
2026-06-20T17:00:00+00:00,P-001,EU,braintree,true,200,185
2026-06-20T17:00:00+00:00,P-002,APAC,stripe,true,200,382
2026-06-20T17:00:00+00:00,P-002,APAC,stripe,true,200,456
2026-06-20T17:00:00+00:00,P-002,APAC,stripe,true,200,313
2026-06-20T17:00:00+00:00,P-002,APAC,stripe,true,200,256
2026-06-20T17:00:00+00:00,P-002,APAC,stripe,true,200,447
2026-06-20T17:00:00+00:00,P-002,APAC,braintree,true,200,247
2026-06-20T17:00:00+00:00,P-002,APAC,braintree,true,200,334
2026-06-20T17:00:00+00:00,P-002,APAC,braintree,true,200,213
2026-06-20T17:00:00+00:00,P-002,APAC,braintree,true,200,301
2026-06-20T17:00:00+00:00,P-002,APAC,braintree,true,200,377
2026-06-20T17:00:00+00:00,P-003,LATAM,stripe,true,200,339
2026-06-20T17:00:00+00:00,P-003,LATAM,stripe,true,200,237
2026-06-20T17:00:00+00:00,P-003,LATAM,stripe,true,200,164
2026-06-20T17:00:00+00:00,P-003,LATAM,stripe,true,200,328
2026-06-20T17:00:00+00:00,P-003,LATAM,stripe,true,200,166
2026-06-20T17:00:00+00:00,P-003,LATAM,braintree,true,200,242
2026-06-20T17:00:00+00:00,P-003,LATAM,braintree,false,processor_timeout,2078
2026-06-20T17:00:00+00:00,P-003,LATAM,braintree,true,200,266
2026-06-20T17:00:00+00:00,P-003,LATAM,braintree,true,200,372
2026-06-20T17:00:00+00:00,P-003,LATAM,braintree,true,200,125
2026-06-20T17:00:00+00:00,P-003,LATAM,braintree,false,gateway_unavailable,2286
2026-06-20T17:00:00+00:00,P-003,LATAM,braintree,true,200,189
2026-06-20T17:00:00+00:00,P-003,LATAM,braintree,true,200,383
2026-06-20T18:00:00+00:00,P-001,EU,stripe,false,3ds_failed,2329
2026-06-20T18:00:00+00:00,P-001,EU,stripe,true,200,127
2026-06-20T18:00:00+00:00,P-001,EU,stripe,true,200,123
2026-06-20T18:00:00+00:00,P-001,EU,stripe,true,200,479
2026-06-20T18:00:00+00:00,P-001,EU,stripe,true,200,296
2026-06-20T18:00:00+00:00,P-001,EU,stripe,true,200,458
2026-06-20T18:00:00+00:00,P-001,EU,stripe,false,3ds_failed,2300
2026-06-20T18:00:00+00:00,P-001,EU,stripe,true,200,430
2026-06-20T18:00:00+00:00,P-001,EU,braintree,false,avs_mismatch,2464
2026-06-20T18:00:00+00:00,P-001,EU,braintree,true,200,235
2026-06-20T18:00:00+00:00,P-001,EU,braintree,true,200,307
2026-06-20T18:00:00+00:00,P-001,EU,braintree,true,200,383
2026-06-20T18:00:00+00:00,P-001,EU,braintree,true,200,146
2026-06-20T18:00:00+00:00,P-001,EU,braintree,true,200,314
2026-06-20T18:00:00+00:00,P-002,APAC,stripe,true,200,177
2026-06-20T18:00:00+00:00,P-002,APAC,stripe,true,200,467
2026-06-20T18:00:00+00:00,P-002,APAC,stripe,true,200,396
2026-06-20T18:00:00+00:00,P-002,APAC,stripe,true,200,180
2026-06-20T18:00:00+00:00,P-002,APAC,braintree,true,200,270
2026-06-20T18:00:00+00:00,P-002,APAC,braintree,true,200,121
2026-06-20T18:00:00+00:00,P-002,APAC,braintree,true,200,411
2026-06-20T18:00:00+00:00,P-002,APAC,braintree,true,200,276
2026-06-20T18:00:00+00:00,P-002,APAC,braintree,true,200,449
2026-06-20T18:00:00+00:00,P-003,LATAM,stripe,true,200,138
2026-06-20T18:00:00+00:00,P-003,LATAM,stripe,true,200,436
2026-06-20T18:00:00+00:00,P-003,LATAM,stripe,true,200,149
2026-06-20T18:00:00+00:00,P-003,LATAM,stripe,true,200,435
2026-06-20T18:00:00+00:00,P-003,LATAM,stripe,true,200,272
2026-06-20T18:00:00+00:00,P-003,LATAM,stripe,true,200,122
2026-06-20T18:00:00+00:00,P-003,LATAM,stripe,true,200,215
2026-06-20T18:00:00+00:00,P-003,LATAM,braintree,true,200,171
2026-06-20T18:00:00+00:00,P-003,LATAM,braintree,true,200,221
2026-06-20T18:00:00+00:00,P-003,LATAM,braintree,true,200,383
2026-06-20T18:00:00+00:00,P-003,LATAM,braintree,true,200,330
2026-06-20T18:00:00+00:00,P-003,LATAM,braintree,true,200,369
2026-06-20T18:00:00+00:00,P-003,LATAM,braintree,true,200,456
2026-06-20T19:00:00+00:00,P-001,EU,stripe,true,200,322
2026-06-20T19:00:00+00:00,P-001,EU,stripe,true,200,306
2026-06-20T19:00:00+00:00,P-001,EU,stripe,true,200,213
2026-06-20T19:00:00+00:00,P-001,EU,stripe,true,200,257
2026-06-20T19:00:00+00:00,P-001,EU,stripe,true,200,344
2026-06-20T19:00:00+00:00,P-001,EU,braintree,true,200,202
2026-06-20T19:00:00+00:00,P-001,EU,braintree,true,200,342
2026-06-20T19:00:00+00:00,P-001,EU,braintree,true,200,221
2026-06-20T19:00:00+00:00,P-001,EU,braintree,true,200,265
2026-06-20T19:00:00+00:00,P-001,EU,braintree,true,200,322
2026-06-20T19:00:00+00:00,P-001,EU,braintree,true,200,289
2026-06-20T19:00:00+00:00,P-001,EU,braintree,true,200,202
2026-06-20T19:00:00+00:00,P-001,EU,braintree,true,200,365
2026-06-20T19:00:00+00:00,P-002,APAC,stripe,false,card_declined,1762
2026-06-20T19:00:00+00:00,P-002,APAC,stripe,true,200,373
2026-06-20T19:00:00+00:00,P-002,APAC,stripe,true,200,185
2026-06-20T19:00:00+00:00,P-002,APAC,stripe,true,200,324
2026-06-20T19:00:00+00:00,P-002,APAC,stripe,true,200,319
2026-06-20T19:00:00+00:00,P-002,APAC,stripe,true,200,175
2026-06-20T19:00:00+00:00,P-002,APAC,stripe,true,200,184
2026-06-20T19:00:00+00:00,P-002,APAC,stripe,true,200,376
2026-06-20T19:00:00+00:00,P-002,APAC,braintree,true,200,241
2026-06-20T19:00:00+00:00,P-002,APAC,braintree,true,200,295
2026-06-20T19:00:00+00:00,P-002,APAC,braintree,true,200,425
2026-06-20T19:00:00+00:00,P-003,LATAM,stripe,true,200,365
2026-06-20T19:00:00+00:00,P-003,LATAM,stripe,true,200,368
2026-06-20T19:00:00+00:00,P-003,LATAM,stripe,true,200,339
2026-06-20T19:00:00+00:00,P-003,LATAM,stripe,true,200,198
2026-06-20T19:00:00+00:00,P-003,LATAM,stripe,true,200,215
2026-06-20T19:00:00+00:00,P-003,LATAM,stripe,true,200,178
2026-06-20T19:00:00+00:00,P-003,LATAM,stripe,true,200,478
2026-06-20T19:00:00+00:00,P-003,LATAM,stripe,true,200,339
2026-06-20T19:00:00+00:00,P-003,LATAM,braintree,true,200,172
2026-06-20T19:00:00+00:00,P-003,LATAM,braintree,true,200,377
2026-06-20T19:00:00+00:00,P-003,LATAM,braintree,true,200,216
2026-06-20T19:00:00+00:00,P-003,LATAM,braintree,false,avs_mismatch,2188
2026-06-20T20:00:00+00:00,P-001,EU,stripe,true,200,181
2026-06-20T20:00:00+00:00,P-001,EU,stripe,true,200,139
2026-06-20T20:00:00+00:00,P-001,EU,stripe,true,200,218
2026-06-20T20:00:00+00:00,P-001,EU,stripe,true,200,338
2026-06-20T20:00:00+00:00,P-001,EU,stripe,true,200,222
2026-06-20T20:00:00+00:00,P-001,EU,stripe,true,200,146
2026-06-20T20:00:00+00:00,P-001,EU,stripe,true,200,388
2026-06-20T20:00:00+00:00,P-001,EU,stripe,true,200,444
2026-06-20T20:00:00+00:00,P-001,EU,braintree,true,200,338
2026-06-20T20:00:00+00:00,P-001,EU,braintree,true,200,381
2026-06-20T20:00:00+00:00,P-001,EU,braintree,true,200,146
2026-06-20T20:00:00+00:00,P-001,EU,braintree,true,200,257
2026-06-20T20:00:00+00:00,P-002,APAC,stripe,true,200,299
2026-06-20T20:00:00+00:00,P-002,APAC,stripe,true,200,246
2026-06-20T20:00:00+00:00,P-002,APAC,stripe,true,200,144
2026-06-20T20:00:00+00:00,P-002,APAC,stripe,true,200,120
2026-06-20T20:00:00+00:00,P-002,APAC,stripe,true,200,284
2026-06-20T20:00:00+00:00,P-002,APAC,braintree,true,200,263
2026-06-20T20:00:00+00:00,P-002,APAC,braintree,true,200,171
2026-06-20T20:00:00+00:00,P-002,APAC,braintree,true,200,249
2026-06-20T20:00:00+00:00,P-002,APAC,braintree,false,gateway_unavailable,1584
2026-06-20T20:00:00+00:00,P-003,LATAM,stripe,true,200,462
2026-06-20T20:00:00+00:00,P-003,LATAM,stripe,true,200,402
2026-06-20T20:00:00+00:00,P-003,LATAM,stripe,true,200,186
2026-06-20T20:00:00+00:00,P-003,LATAM,stripe,true,200,305
2026-06-20T20:00:00+00:00,P-003,LATAM,stripe,true,200,421
2026-06-20T20:00:00+00:00,P-003,LATAM,braintree,true,200,241
2026-06-20T20:00:00+00:00,P-003,LATAM,braintree,true,200,227
2026-06-20T20:00:00+00:00,P-003,LATAM,braintree,true,200,164
2026-06-20T20:00:00+00:00,P-003,LATAM,braintree,true,200,186
2026-06-20T20:00:00+00:00,P-003,LATAM,braintree,true,200,428
2026-06-20T20:00:00+00:00,P-003,LATAM,braintree,true,200,420
2026-06-20T20:00:00+00:00,P-003,LATAM,braintree,false,avs_mismatch,1290
2026-06-20T21:00:00+00:00,P-001,EU,stripe,true,200,170
2026-06-20T21:00:00+00:00,P-001,EU,stripe,true,200,399
2026-06-20T21:00:00+00:00,P-001,EU,stripe,true,200,274
2026-06-20T21:00:00+00:00,P-001,EU,stripe,true,200,223
2026-06-20T21:00:00+00:00,P-001,EU,braintree,true,200,142
2026-06-20T21:00:00+00:00,P-001,EU,braintree,true,200,334
2026-06-20T21:00:00+00:00,P-001,EU,braintree,true,200,249
2026-06-20T21:00:00+00:00,P-001,EU,braintree,true,200,406
2026-06-20T21:00:00+00:00,P-001,EU,braintree,false,gateway_unavailable,1818
2026-06-20T21:00:00+00:00,P-001,EU,braintree,true,200,180
2026-06-20T21:00:00+00:00,P-001,EU,braintree,true,200,154
2026-06-20T21:00:00+00:00,P-002,APAC,stripe,true,200,377
2026-06-20T21:00:00+00:00,P-002,APAC,stripe,true,200,205
2026-06-20T21:00:00+00:00,P-002,APAC,stripe,true,200,476
2026-06-20T21:00:00+00:00,P-002,APAC,stripe,false,insufficient_funds,993
2026-06-20T21:00:00+00:00,P-002,APAC,stripe,false,card_declined,2320
2026-06-20T21:00:00+00:00,P-002,APAC,stripe,true,200,323
2026-06-20T21:00:00+00:00,P-002,APAC,braintree,true,200,382
2026-06-20T21:00:00+00:00,P-002,APAC,braintree,false,processor_timeout,1796
2026-06-20T21:00:00+00:00,P-002,APAC,braintree,true,200,316
2026-06-20T21:00:00+00:00,P-002,APAC,braintree,true,200,319
2026-06-20T21:00:00+00:00,P-002,APAC,braintree,true,200,259
2026-06-20T21:00:00+00:00,P-002,APAC,braintree,true,200,121
2026-06-20T21:00:00+00:00,P-003,LATAM,stripe,true,200,423
2026-06-20T21:00:00+00:00,P-003,LATAM,stripe,true,200,382
2026-06-20T21:00:00+00:00,P-003,LATAM,stripe,true,200,388
2026-06-20T21:00:00+00:00,P-003,LATAM,stripe,true,200,232
2026-06-20T21:00:00+00:00,P-003,LATAM,braintree,true,200,402
2026-06-20T21:00:00+00:00,P-003,LATAM,braintree,true,200,234
2026-06-20T21:00:00+00:00,P-003,LATAM,braintree,true,200,241
2026-06-20T21:00:00+00:00,P-003,LATAM,braintree,true,200,447
2026-06-20T21:00:00+00:00,P-003,LATAM,braintree,true,200,262
2026-06-20T22:00:00+00:00,P-001,EU,stripe,true,200,146
2026-06-20T22:00:00+00:00,P-001,EU,stripe,true,200,247
2026-06-20T22:00:00+00:00,P-001,EU,stripe,false,card_declined,1994
2026-06-20T22:00:00+00:00,P-001,EU,stripe,true,200,452
2026-06-20T22:00:00+00:00,P-001,EU,braintree,true,200,308
2026-06-20T22:00:00+00:00,P-001,EU,braintree,true,200,401
2026-06-20T22:00:00+00:00,P-001,EU,braintree,true,200,188
2026-06-20T22:00:00+00:00,P-001,EU,braintree,true,200,433
2026-06-20T22:00:00+00:00,P-001,EU,braintree,true,200,149
2026-06-20T22:00:00+00:00,P-002,APAC,stripe,true,200,302
2026-06-20T22:00:00+00:00,P-002,APAC,stripe,true,200,263
2026-06-20T22:00:00+00:00,P-002,APAC,stripe,true,200,128
2026-06-20T22:00:00+00:00,P-002,APAC,stripe,true,200,418
2026-06-20T22:00:00+00:00,P-002,APAC,stripe,true,200,472
2026-06-20T22:00:00+00:00,P-002,APAC,stripe,true,200,454
2026-06-20T22:00:00+00:00,P-002,APAC,stripe,true,200,440
2026-06-20T22:00:00+00:00,P-002,APAC,stripe,true,200,402
2026-06-20T22:00:00+00:00,P-002,APAC,braintree,true,200,232
2026-06-20T22:00:00+00:00,P-002,APAC,braintree,true,200,224
2026-06-20T22:00:00+00:00,P-002,APAC,braintree,true,200,322
2026-06-20T22:00:00+00:00,P-002,APAC,braintree,true,200,238
2026-06-20T22:00:00+00:00,P-003,LATAM,stripe,true,200,308
2026-06-20T22:00:00+00:00,P-003,LATAM,stripe,true,200,365
2026-06-20T22:00:00+00:00,P-003,LATAM,stripe,true,200,212
2026-06-20T22:00:00+00:00,P-003,LATAM,stripe,true,200,210
2026-06-20T22:00:00+00:00,P-003,LATAM,stripe,true,200,371
2026-06-20T22:00:00+00:00,P-003,LATAM,stripe,true,200,212
2026-06-20T22:00:00+00:00,P-003,LATAM,stripe,true,200,130
2026-06-20T22:00:00+00:00,P-003,LATAM,stripe,true,200,210
2026-06-20T22:00:00+00:00,P-003,LATAM,braintree,true,200,216
2026-06-20T22:00:00+00:00,P-003,LATAM,braintree,true,200,156
2026-06-20T22:00:00+00:00,P-003,LATAM,braintree,true,200,352
2026-06-20T22:00:00+00:00,P-003,LATAM,braintree,true,200,326
2026-06-20T22:00:00+00:00,P-003,LATAM,braintree,true,200,389
2026-06-20T22:00:00+00:00,P-003,LATAM,braintree,true,200,126
2026-06-20T23:00:00+00:00,P-001,EU,stripe,true,200,316
2026-06-20T23:00:00+00:00,P-001,EU,stripe,true,200,126
2026-06-20T23:00:00+00:00,P-001,EU,stripe,true,200,449
2026-06-20T23:00:00+00:00,P-001,EU,stripe,true,200,187
2026-06-20T23:00:00+00:00,P-001,EU,stripe,true,200,162
2026-06-20T23:00:00+00:00,P-001,EU,stripe,true,200,441
2026-06-20T23:00:00+00:00,P-001,EU,stripe,true,200,124
2026-06-20T23:00:00+00:00,P-001,EU,braintree,true,200,293
2026-06-20T23:00:00+00:00,P-001,EU,braintree,true,200,163
2026-06-20T23:00:00+00:00,P-001,EU,braintree,true,200,365
2026-06-20T23:00:00+00:00,P-002,APAC,stripe,true,200,203
2026-06-20T23:00:00+00:00,P-002,APAC,stripe,true,200,365
2026-06-20T23:00:00+00:00,P-002,APAC,stripe,true,200,148
2026-06-20T23:00:00+00:00,P-002,APAC,stripe,true,200,256
2026-06-20T23:00:00+00:00,P-002,APAC,stripe,true,200,183
2026-06-20T23:00:00+00:00,P-002,APAC,stripe,true,200,142
2026-06-20T23:00:00+00:00,P-002,APAC,stripe,true,200,271
2026-06-20T23:00:00+00:00,P-002,APAC,braintree,true,200,332
2026-06-20T23:00:00+00:00,P-002,APAC,braintree,true,200,234
2026-06-20T23:00:00+00:00,P-002,APAC,braintree,true,200,338
2026-06-20T23:00:00+00:00,P-003,LATAM,stripe,true,200,455
2026-06-20T23:00:00+00:00,P-003,LATAM,stripe,true,200,470
2026-06-20T23:00:00+00:00,P-003,LATAM,stripe,true,200,177
2026-06-20T23:00:00+00:00,P-003,LATAM,stripe,true,200,176
2026-06-20T23:00:00+00:00,P-003,LATAM,stripe,true,200,264
2026-06-20T23:00:00+00:00,P-003,LATAM,stripe,true,200,435
2026-06-20T23:00:00+00:00,P-003,LATAM,braintree,true,200,163
2026-06-20T23:00:00+00:00,P-003,LATAM,braintree,true,200,429
2026-06-20T23:00:00+00:00,P-003,LATAM,braintree,true,200,339
2026-06-20T23:00:00+00:00,P-003,LATAM,braintree,true,200,427
2026-06-20T23:00:00+00:00,P-003,LATAM,braintree,true,200,337
2026-06-21T00:00:00+00:00,P-001,EU,stripe,true,200,471
2026-06-21T00:00:00+00:00,P-001,EU,stripe,true,200,266
2026-06-21T00:00:00+00:00,P-001,EU,stripe,true,200,173
2026-06-21T00:00:00+00:00,P-001,EU,stripe,true,200,375
2026-06-21T00:00:00+00:00,P-001,EU,braintree,true,200,255
2026-06-21T00:00:00+00:00,P-001,EU,braintree,true,200,159
2026-06-21T00:00:00+00:00,P-001,EU,braintree,true,200,196
2026-06-21T00:00:00+00:00,P-001,EU,braintree,true,200,195
2026-06-21T00:00:00+00:00,P-001,EU,braintree,true,200,319
2026-06-21T00:00:00+00:00,P-001,EU,braintree,true,200,364
2026-06-21T00:00:00+00:00,P-001,EU,braintree,true,200,177
2026-06-21T00:00:00+00:00,P-001,EU,braintree,true,200,262
2026-06-21T00:00:00+00:00,P-002,APAC,stripe,true,200,185
2026-06-21T00:00:00+00:00,P-002,APAC,stripe,true,200,317
2026-06-21T00:00:00+00:00,P-002,APAC,stripe,true,200,373
2026-06-21T00:00:00+00:00,P-002,APAC,stripe,true,200,475
2026-06-21T00:00:00+00:00,P-002,APAC,braintree,true,200,445
2026-06-21T00:00:00+00:00,P-002,APAC,braintree,true,200,454
2026-06-21T00:00:00+00:00,P-002,APAC,braintree,true,200,316
2026-06-21T00:00:00+00:00,P-002,APAC,braintree,true,200,374
2026-06-21T00:00:00+00:00,P-002,APAC,braintree,true,200,372
2026-06-21T00:00:00+00:00,P-002,APAC,braintree,true,200,237
2026-06-21T00:00:00+00:00,P-003,LATAM,stripe,true,200,335
2026-06-21T00:00:00+00:00,P-003,LATAM,stripe,true,200,475
2026-06-21T00:00:00+00:00,P-003,LATAM,stripe,true,200,232
2026-06-21T00:00:00+00:00,P-003,LATAM,stripe,true,200,240
2026-06-21T00:00:00+00:00,P-003,LATAM,stripe,true,200,224
2026-06-21T00:00:00+00:00,P-003,LATAM,stripe,false,card_declined,1642
2026-06-21T00:00:00+00:00,P-003,LATAM,braintree,true,200,188
2026-06-21T00:00:00+00:00,P-003,LATAM,braintree,true,200,150
2026-06-21T00:00:00+00:00,P-003,LATAM,braintree,true,200,304
2026-06-21T00:00:00+00:00,P-003,LATAM,braintree,true,200,191
2026-06-21T00:00:00+00:00,P-003,LATAM,braintree,true,200,193
2026-06-21T00:00:00+00:00,P-003,LATAM,braintree,true,200,402
2026-06-21T00:00:00+00:00,P-003,LATAM,braintree,false,gateway_unavailable,1396
2026-06-21T01:00:00+00:00,P-001,EU,stripe,true,200,148
2026-06-21T01:00:00+00:00,P-001,EU,stripe,true,200,180
2026-06-21T01:00:00+00:00,P-001,EU,stripe,false,3ds_failed,1193
2026-06-21T01:00:00+00:00,P-001,EU,stripe,true,200,133
2026-06-21T01:00:00+00:00,P-001,EU,braintree,false,gateway_unavailable,1010
2026-06-21T01:00:00+00:00,P-001,EU,braintree,true,200,459
2026-06-21T01:00:00+00:00,P-001,EU,braintree,true,200,364
2026-06-21T01:00:00+00:00,P-001,EU,braintree,true,200,200
2026-06-21T01:00:00+00:00,P-001,EU,braintree,true,200,307
2026-06-21T01:00:00+00:00,P-001,EU,braintree,true,200,245
2026-06-21T01:00:00+00:00,P-001,EU,braintree,true,200,411
2026-06-21T01:00:00+00:00,P-001,EU,braintree,true,200,333
2026-06-21T01:00:00+00:00,P-002,APAC,stripe,true,200,360
2026-06-21T01:00:00+00:00,P-002,APAC,stripe,true,200,390
2026-06-21T01:00:00+00:00,P-002,APAC,stripe,true,200,273
2026-06-21T01:00:00+00:00,P-002,APAC,stripe,true,200,292
2026-06-21T01:00:00+00:00,P-002,APAC,braintree,true,200,475
2026-06-21T01:00:00+00:00,P-002,APAC,braintree,true,200,176
2026-06-21T01:00:00+00:00,P-002,APAC,braintree,true,200,448
2026-06-21T01:00:00+00:00,P-002,APAC,braintree,true,200,208
2026-06-21T01:00:00+00:00,P-002,APAC,braintree,true,200,125
2026-06-21T01:00:00+00:00,P-002,APAC,braintree,true,200,336
2026-06-21T01:00:00+00:00,P-003,LATAM,stripe,true,200,352
2026-06-21T01:00:00+00:00,P-003,LATAM,stripe,true,200,252
2026-06-21T01:00:00+00:00,P-003,LATAM,stripe,true,200,376
2026-06-21T01:00:00+00:00,P-003,LATAM,stripe,true,200,236
2026-06-21T01:00:00+00:00,P-003,LATAM,stripe,true,200,200
2026-06-21T01:00:00+00:00,P-003,LATAM,stripe,true,200,167
2026-06-21T01:00:00+00:00,P-003,LATAM,stripe,true,200,184
2026-06-21T01:00:00+00:00,P-003,LATAM,stripe,true,200,325
2026-06-21T01:00:00+00:00,P-003,LATAM,braintree,true,200,320
2026-06-21T01:00:00+00:00,P-003,LATAM,braintree,true,200,406
2026-06-21T01:00:00+00:00,P-003,LATAM,braintree,true,200,159
2026-06-21T01:00:00+00:00,P-003,LATAM,braintree,true,200,359
2026-06-21T01:00:00+00:00,P-003,LATAM,braintree,true,200,454
2026-06-21T01:00:00+00:00,P-003,LATAM,braintree,true,200,314
2026-06-21T01:00:00+00:00,P-003,LATAM,braintree,true,200,310
2026-06-21T02:00:00+00:00,P-001,EU,stripe,true,200,258
2026-06-21T02:00:00+00:00,P-001,EU,stripe,true,200,159
2026-06-21T02:00:00+00:00,P-001,EU,stripe,true,200,291
2026-06-21T02:00:00+00:00,P-001,EU,stripe,true,200,264
2026-06-21T02:00:00+00:00,P-001,EU,stripe,true,200,174
2026-06-21T02:00:00+00:00,P-001,EU,stripe,true,200,425
2026-06-21T02:00:00+00:00,P-001,EU,stripe,true,200,278
2026-06-21T02:00:00+00:00,P-001,EU,stripe,true,200,223
2026-06-21T02:00:00+00:00,P-001,EU,braintree,true,200,243
2026-06-21T02:00:00+00:00,P-001,EU,braintree,true,200,411
2026-06-21T02:00:00+00:00,P-001,EU,braintree,true,200,408
2026-06-21T02:00:00+00:00,P-001,EU,braintree,false,gateway_unavailable,993
2026-06-21T02:00:00+00:00,P-001,EU,braintree,true,200,167
2026-06-21T02:00:00+00:00,P-001,EU,braintree,false,processor_timeout,1630
2026-06-21T02:00:00+00:00,P-001,EU,braintree,true,200,323
2026-06-21T02:00:00+00:00,P-001,EU,braintree,true,200,281
2026-06-21T02:00:00+00:00,P-002,APAC,stripe,true,200,186
2026-06-21T02:00:00+00:00,P-002,APAC,stripe,true,200,169
2026-06-21T02:00:00+00:00,P-002,APAC,stripe,true,200,377
2026-06-21T02:00:00+00:00,P-002,APAC,stripe,true,200,196
2026-06-21T02:00:00+00:00,P-002,APAC,stripe,true,200,315
2026-06-21T02:00:00+00:00,P-002,APAC,stripe,true,200,139
2026-06-21T02:00:00+00:00,P-002,APAC,braintree,true,200,469
2026-06-21T02:00:00+00:00,P-002,APAC,braintree,true,200,440
2026-06-21T02:00:00+00:00,P-002,APAC,braintree,true,200,238
2026-06-21T02:00:00+00:00,P-002,APAC,braintree,true,200,468
2026-06-21T02:00:00+00:00,P-002,APAC,braintree,true,200,202
2026-06-21T02:00:00+00:00,P-003,LATAM,stripe,true,200,431
2026-06-21T02:00:00+00:00,P-003,LATAM,stripe,true,200,294
2026-06-21T02:00:00+00:00,P-003,LATAM,stripe,true,200,187
2026-06-21T02:00:00+00:00,P-003,LATAM,stripe,true,200,304
2026-06-21T02:00:00+00:00,P-003,LATAM,stripe,true,200,340
2026-06-21T02:00:00+00:00,P-003,LATAM,stripe,true,200,469
2026-06-21T02:00:00+00:00,P-003,LATAM,stripe,true,200,226
2026-06-21T02:00:00+00:00,P-003,LATAM,braintree,true,200,198
2026-06-21T02:00:00+00:00,P-003,LATAM,braintree,true,200,374
2026-06-21T02:00:00+00:00,P-003,LATAM,braintree,true,200,127
2026-06-21T02:00:00+00:00,P-003,LATAM,braintree,true,200,278
2026-06-21T02:00:00+00:00,P-003,LATAM,braintree,true,200,164
2026-06-21T02:00:00+00:00,P-003,LATAM,braintree,true,200,352
2026-06-21T02:00:00+00:00,P-003,LATAM,braintree,true,200,271
2026-06-21T03:00:00+00:00,P-001,EU,stripe,true,200,415
2026-06-21T03:00:00+00:00,P-001,EU,stripe,true,200,165
2026-06-21T03:00:00+00:00,P-001,EU,stripe,true,200,355
2026-06-21T03:00:00+00:00,P-001,EU,stripe,true,200,362
2026-06-21T03:00:00+00:00,P-001,EU,braintree,true,200,346
2026-06-21T03:00:00+00:00,P-001,EU,braintree,true,200,191
2026-06-21T03:00:00+00:00,P-001,EU,braintree,false,avs_mismatch,1899
2026-06-21T03:00:00+00:00,P-001,EU,braintree,true,200,266
2026-06-21T03:00:00+00:00,P-001,EU,braintree,true,200,437
2026-06-21T03:00:00+00:00,P-002,APAC,stripe,true,200,307
2026-06-21T03:00:00+00:00,P-002,APAC,stripe,true,200,439
2026-06-21T03:00:00+00:00,P-002,APAC,stripe,false,insufficient_funds,1070
2026-06-21T03:00:00+00:00,P-002,APAC,stripe,true,200,379
2026-06-21T03:00:00+00:00,P-002,APAC,stripe,true,200,469
2026-06-21T03:00:00+00:00,P-002,APAC,stripe,true,200,449
2026-06-21T03:00:00+00:00,P-002,APAC,stripe,true,200,245
2026-06-21T03:00:00+00:00,P-002,APAC,stripe,true,200,407
2026-06-21T03:00:00+00:00,P-002,APAC,braintree,true,200,173
2026-06-21T03:00:00+00:00,P-002,APAC,braintree,true,200,201
2026-06-21T03:00:00+00:00,P-002,APAC,braintree,true,200,157
2026-06-21T03:00:00+00:00,P-003,LATAM,stripe,true,200,356
2026-06-21T03:00:00+00:00,P-003,LATAM,stripe,true,200,298
2026-06-21T03:00:00+00:00,P-003,LATAM,stripe,true,200,448
2026-06-21T03:00:00+00:00,P-003,LATAM,stripe,true,200,358
2026-06-21T03:00:00+00:00,P-003,LATAM,braintree,true,200,175
2026-06-21T03:00:00+00:00,P-003,LATAM,braintree,true,200,323
2026-06-21T03:00:00+00:00,P-003,LATAM,braintree,true,200,222
2026-06-21T04:00:00+00:00,P-001,EU,stripe,true,200,282
2026-06-21T04:00:00+00:00,P-001,EU,stripe,true,200,429
2026-06-21T04:00:00+00:00,P-001,EU,stripe,true,200,479
2026-06-21T04:00:00+00:00,P-001,EU,stripe,true,200,178
2026-06-21T04:00:00+00:00,P-001,EU,stripe,true,200,139
2026-06-21T04:00:00+00:00,P-001,EU,stripe,true,200,360
2026-06-21T04:00:00+00:00,P-001,EU,braintree,true,200,283
2026-06-21T04:00:00+00:00,P-001,EU,braintree,true,200,427
2026-06-21T04:00:00+00:00,P-001,EU,braintree,true,200,151
2026-06-21T04:00:00+00:00,P-001,EU,braintree,false,gateway_unavailable,1780
2026-06-21T04:00:00+00:00,P-002,APAC,stripe,true,200,228
2026-06-21T04:00:00+00:00,P-002,APAC,stripe,true,200,470
2026-06-21T04:00:00+00:00,P-002,APAC,stripe,true,200,249
2026-06-21T04:00:00+00:00,P-002,APAC,stripe,true,200,162
2026-06-21T04:00:00+00:00,P-002,APAC,stripe,true,200,260
2026-06-21T04:00:00+00:00,P-002,APAC,stripe,true,200,272
2026-06-21T04:00:00+00:00,P-002,APAC,braintree,true,200,334
2026-06-21T04:00:00+00:00,P-002,APAC,braintree,true,200,462
2026-06-21T04:00:00+00:00,P-002,APAC,braintree,true,200,214
2026-06-21T04:00:00+00:00,P-002,APAC,braintree,true,200,167
2026-06-21T04:00:00+00:00,P-002,APAC,braintree,true,200,339
2026-06-21T04:00:00+00:00,P-002,APAC,braintree,true,200,272
2026-06-21T04:00:00+00:00,P-002,APAC,braintree,true,200,298
2026-06-21T04:00:00+00:00,P-002,APAC,braintree,false,gateway_unavailable,1873
2026-06-21T04:00:00+00:00,P-003,LATAM,stripe,true,200,202
2026-06-21T04:00:00+00:00,P-003,LATAM,stripe,false,insufficient_funds,1626
2026-06-21T04:00:00+00:00,P-003,LATAM,stripe,true,200,412
2026-06-21T04:00:00+00:00,P-003,LATAM,stripe,true,200,125
2026-06-21T04:00:00+00:00,P-003,LATAM,stripe,true,200,425
2026-06-21T04:00:00+00:00,P-003,LATAM,stripe,true,200,461
2026-06-21T04:00:00+00:00,P-003,LATAM,stripe,true,200,194
2026-06-21T04:00:00+00:00,P-003,LATAM,braintree,true,200,282
2026-06-21T04:00:00+00:00,P-003,LATAM,braintree,true,200,354
2026-06-21T04:00:00+00:00,P-003,LATAM,braintree,false,gateway_unavailable,1548
2026-06-21T04:00:00+00:00,P-003,LATAM,braintree,true,200,465
2026-06-21T04:00:00+00:00,P-003,LATAM,braintree,true,200,386
2026-06-21T05:00:00+00:00,P-001,EU,stripe,true,200,350
2026-06-21T05:00:00+00:00,P-001,EU,stripe,true,200,184
2026-06-21T05:00:00+00:00,P-001,EU,stripe,true,200,447
2026-06-21T05:00:00+00:00,P-001,EU,stripe,false,card_declined,974
2026-06-21T05:00:00+00:00,P-001,EU,stripe,true,200,216
2026-06-21T05:00:00+00:00,P-001,EU,stripe,true,200,399
2026-06-21T05:00:00+00:00,P-001,EU,stripe,true,200,427
2026-06-21T05:00:00+00:00,P-001,EU,stripe,true,200,298
2026-06-21T05:00:00+00:00,P-001,EU,braintree,false,avs_mismatch,2081
2026-06-21T05:00:00+00:00,P-001,EU,braintree,false,gateway_unavailable,1645
2026-06-21T05:00:00+00:00,P-001,EU,braintree,true,200,277
2026-06-21T05:00:00+00:00,P-001,EU,braintree,true,200,183
2026-06-21T05:00:00+00:00,P-002,APAC,stripe,true,200,353
2026-06-21T05:00:00+00:00,P-002,APAC,stripe,true,200,300
2026-06-21T05:00:00+00:00,P-002,APAC,stripe,true,200,397
2026-06-21T05:00:00+00:00,P-002,APAC,stripe,true,200,291
2026-06-21T05:00:00+00:00,P-002,APAC,stripe,true,200,210
2026-06-21T05:00:00+00:00,P-002,APAC,stripe,true,200,311
2026-06-21T05:00:00+00:00,P-002,APAC,stripe,true,200,424
2026-06-21T05:00:00+00:00,P-002,APAC,stripe,true,200,343
2026-06-21T05:00:00+00:00,P-002,APAC,braintree,true,200,457
2026-06-21T05:00:00+00:00,P-002,APAC,braintree,true,200,343
2026-06-21T05:00:00+00:00,P-002,APAC,braintree,true,200,479
2026-06-21T05:00:00+00:00,P-002,APAC,braintree,true,200,170
2026-06-21T05:00:00+00:00,P-002,APAC,braintree,false,processor_timeout,1083
2026-06-21T05:00:00+00:00,P-002,APAC,braintree,true,200,435
2026-06-21T05:00:00+00:00,P-003,LATAM,stripe,true,200,439
2026-06-21T05:00:00+00:00,P-003,LATAM,stripe,true,200,171
2026-06-21T05:00:00+00:00,P-003,LATAM,stripe,true,200,377
2026-06-21T05:00:00+00:00,P-003,LATAM,stripe,true,200,136
2026-06-21T05:00:00+00:00,P-003,LATAM,stripe,true,200,335
2026-06-21T05:00:00+00:00,P-003,LATAM,stripe,true,200,352
2026-06-21T05:00:00+00:00,P-003,LATAM,braintree,true,200,220
2026-06-21T05:00:00+00:00,P-003,LATAM,braintree,true,200,183
2026-06-21T05:00:00+00:00,P-003,LATAM,braintree,true,200,357
2026-06-21T05:00:00+00:00,P-003,LATAM,braintree,true,200,450
2026-06-21T05:00:00+00:00,P-003,LATAM,braintree,true,200,322
2026-06-21T05:00:00+00:00,P-003,LATAM,braintree,true,200,311
2026-06-21T05:00:00+00:00,P-003,LATAM,braintree,true,200,379
2026-06-21T06:00:00+00:00,P-001,EU,stripe,true,200,457
2026-06-21T06:00:00+00:00,P-001,EU,stripe,true,200,332
2026-06-21T06:00:00+00:00,P-001,EU,stripe,true,200,122
2026-06-21T06:00:00+00:00,P-001,EU,stripe,true,200,332
2026-06-21T06:00:00+00:00,P-001,EU,stripe,true,200,133
2026-06-21T06:00:00+00:00,P-001,EU,braintree,true,200,385
2026-06-21T06:00:00+00:00,P-001,EU,braintree,true,200,427
2026-06-21T06:00:00+00:00,P-001,EU,braintree,true,200,207
2026-06-21T06:00:00+00:00,P-001,EU,braintree,false,gateway_unavailable,1395
2026-06-21T06:00:00+00:00,P-002,APAC,stripe,false,card_declined,2162
2026-06-21T06:00:00+00:00,P-002,APAC,stripe,true,200,146
2026-06-21T06:00:00+00:00,P-002,APAC,stripe,true,200,415
2026-06-21T06:00:00+00:00,P-002,APAC,stripe,true,200,445
2026-06-21T06:00:00+00:00,P-002,APAC,stripe,true,200,208
2026-06-21T06:00:00+00:00,P-002,APAC,stripe,true,200,282
2026-06-21T06:00:00+00:00,P-002,APAC,stripe,true,200,343
2026-06-21T06:00:00+00:00,P-002,APAC,braintree,true,200,184
2026-06-21T06:00:00+00:00,P-002,APAC,braintree,true,200,443
2026-06-21T06:00:00+00:00,P-002,APAC,braintree,true,200,320
2026-06-21T06:00:00+00:00,P-002,APAC,braintree,true,200,441
2026-06-21T06:00:00+00:00,P-003,LATAM,stripe,true,200,201
2026-06-21T06:00:00+00:00,P-003,LATAM,stripe,true,200,224
2026-06-21T06:00:00+00:00,P-003,LATAM,stripe,true,200,133
2026-06-21T06:00:00+00:00,P-003,LATAM,stripe,true,200,441
2026-06-21T06:00:00+00:00,P-003,LATAM,stripe,true,200,198
2026-06-21T06:00:00+00:00,P-003,LATAM,braintree,true,200,398
2026-06-21T06:00:00+00:00,P-003,LATAM,braintree,true,200,160
2026-06-21T06:00:00+00:00,P-003,LATAM,braintree,true,200,132
2026-06-21T07:00:00+00:00,P-001,EU,stripe,true,200,352
2026-06-21T07:00:00+00:00,P-001,EU,stripe,true,200,303
2026-06-21T07:00:00+00:00,P-001,EU,stripe,true,200,454
2026-06-21T07:00:00+00:00,P-001,EU,stripe,true,200,272
2026-06-21T07:00:00+00:00,P-001,EU,stripe,true,200,245
2026-06-21T07:00:00+00:00,P-001,EU,stripe,true,200,313
2026-06-21T07:00:00+00:00,P-001,EU,stripe,true,200,457
2026-06-21T07:00:00+00:00,P-001,EU,stripe,true,200,162
2026-06-21T07:00:00+00:00,P-001,EU,braintree,true,200,446
2026-06-21T07:00:00+00:00,P-001,EU,braintree,false,processor_timeout,1127
2026-06-21T07:00:00+00:00,P-001,EU,braintree,true,200,425
2026-06-21T07:00:00+00:00,P-001,EU,braintree,true,200,192
2026-06-21T07:00:00+00:00,P-002,APAC,stripe,true,200,212
2026-06-21T07:00:00+00:00,P-002,APAC,stripe,true,200,373
2026-06-21T07:00:00+00:00,P-002,APAC,stripe,true,200,226
2026-06-21T07:00:00+00:00,P-002,APAC,stripe,true,200,371
2026-06-21T07:00:00+00:00,P-002,APAC,stripe,true,200,331
2026-06-21T07:00:00+00:00,P-002,APAC,braintree,true,200,440
2026-06-21T07:00:00+00:00,P-002,APAC,braintree,true,200,471
2026-06-21T07:00:00+00:00,P-002,APAC,braintree,true,200,280
2026-06-21T07:00:00+00:00,P-003,LATAM,stripe,true,200,202
2026-06-21T07:00:00+00:00,P-003,LATAM,stripe,true,200,125
2026-06-21T07:00:00+00:00,P-003,LATAM,stripe,true,200,457
2026-06-21T07:00:00+00:00,P-003,LATAM,stripe,true,200,430
2026-06-21T07:00:00+00:00,P-003,LATAM,stripe,true,200,180
2026-06-21T07:00:00+00:00,P-003,LATAM,stripe,false,insufficient_funds,1891
2026-06-21T07:00:00+00:00,P-003,LATAM,stripe,false,3ds_failed,2019
2026-06-21T07:00:00+00:00,P-003,LATAM,stripe,true,200,387
2026-06-21T07:00:00+00:00,P-003,LATAM,braintree,true,200,182
2026-06-21T07:00:00+00:00,P-003,LATAM,braintree,true,200,135
2026-06-21T07:00:00+00:00,P-003,LATAM,braintree,true,200,385
2026-06-21T07:00:00+00:00,P-003,LATAM,braintree,true,200,198
2026-06-21T07:00:00+00:00,P-003,LATAM,braintree,true,200,306
2026-06-21T07:00:00+00:00,P-003,LATAM,braintree,true,200,231
2026-06-21T07:00:00+00:00,P-003,LATAM,braintree,true,200,190
2026-06-21T07:00:00+00:00,P-003,LATAM,braintree,true,200,474
2026-06-21T08:00:00+00:00,P-001,EU,stripe,true,200,366
2026-06-21T08:00:00+00:00,P-001,EU,stripe,true,200,167
2026-06-21T08:00:00+00:00,P-001,EU,stripe,true,200,402
2026-06-21T08:00:00+00:00,P-001,EU,stripe,true,200,359
2026-06-21T08:00:00+00:00,P-001,EU,braintree,true,200,343
2026-06-21T08:00:00+00:00,P-001,EU,braintree,true,200,324
2026-06-21T08:00:00+00:00,P-001,EU,braintree,true,200,248
2026-06-21T08:00:00+00:00,P-001,EU,braintree,true,200,471
2026-06-21T08:00:00+00:00,P-001,EU,braintree,true,200,263
2026-06-21T08:00:00+00:00,P-001,EU,braintree,false,processor_timeout,2095
2026-06-21T08:00:00+00:00,P-001,EU,braintree,true,200,420
2026-06-21T08:00:00+00:00,P-001,EU,braintree,true,200,225
2026-06-21T08:00:00+00:00,P-002,APAC,stripe,true,200,348
2026-06-21T08:00:00+00:00,P-002,APAC,stripe,true,200,259
2026-06-21T08:00:00+00:00,P-002,APAC,stripe,true,200,438
2026-06-21T08:00:00+00:00,P-002,APAC,stripe,true,200,316
2026-06-21T08:00:00+00:00,P-002,APAC,stripe,true,200,410
2026-06-21T08:00:00+00:00,P-002,APAC,stripe,true,200,443
2026-06-21T08:00:00+00:00,P-002,APAC,stripe,true,200,350
2026-06-21T08:00:00+00:00,P-002,APAC,stripe,true,200,137
2026-06-21T08:00:00+00:00,P-002,APAC,braintree,true,200,329
2026-06-21T08:00:00+00:00,P-002,APAC,braintree,true,200,450
2026-06-21T08:00:00+00:00,P-002,APAC,braintree,false,avs_mismatch,1621
2026-06-21T08:00:00+00:00,P-002,APAC,braintree,true,200,178
2026-06-21T08:00:00+00:00,P-002,APAC,braintree,true,200,285
2026-06-21T08:00:00+00:00,P-002,APAC,braintree,true,200,215
2026-06-21T08:00:00+00:00,P-002,APAC,braintree,true,200,157
2026-06-21T08:00:00+00:00,P-003,LATAM,stripe,true,200,310
2026-06-21T08:00:00+00:00,P-003,LATAM,stripe,true,200,280
2026-06-21T08:00:00+00:00,P-003,LATAM,stripe,true,200,283
2026-06-21T08:00:00+00:00,P-003,LATAM,stripe,true,200,288
2026-06-21T08:00:00+00:00,P-003,LATAM,braintree,true,200,284
2026-06-21T08:00:00+00:00,P-003,LATAM,braintree,true,200,407
2026-06-21T08:00:00+00:00,P-003,LATAM,braintree,true,200,265
2026-06-21T08:00:00+00:00,P-003,LATAM,braintree,true,200,389
2026-06-21T09:00:00+00:00,P-001,EU,stripe,true,200,262
2026-06-21T09:00:00+00:00,P-001,EU,stripe,true,200,463
2026-06-21T09:00:00+00:00,P-001,EU,stripe,true,200,450
2026-06-21T09:00:00+00:00,P-001,EU,stripe,true,200,342
2026-06-21T09:00:00+00:00,P-001,EU,braintree,true,200,221
2026-06-21T09:00:00+00:00,P-001,EU,braintree,true,200,372
2026-06-21T09:00:00+00:00,P-001,EU,braintree,true,200,260
2026-06-21T09:00:00+00:00,P-001,EU,braintree,true,200,183
2026-06-21T09:00:00+00:00,P-001,EU,braintree,true,200,427
2026-06-21T09:00:00+00:00,P-002,APAC,stripe,true,200,241
2026-06-21T09:00:00+00:00,P-002,APAC,stripe,true,200,265
2026-06-21T09:00:00+00:00,P-002,APAC,stripe,true,200,414
2026-06-21T09:00:00+00:00,P-002,APAC,stripe,false,insufficient_funds,1482
2026-06-21T09:00:00+00:00,P-002,APAC,stripe,true,200,326
2026-06-21T09:00:00+00:00,P-002,APAC,braintree,true,200,390
2026-06-21T09:00:00+00:00,P-002,APAC,braintree,true,200,450
2026-06-21T09:00:00+00:00,P-002,APAC,braintree,true,200,360
2026-06-21T09:00:00+00:00,P-003,LATAM,stripe,true,200,332
2026-06-21T09:00:00+00:00,P-003,LATAM,stripe,true,200,260
2026-06-21T09:00:00+00:00,P-003,LATAM,stripe,true,200,297
2026-06-21T09:00:00+00:00,P-003,LATAM,braintree,true,200,280
2026-06-21T09:00:00+00:00,P-003,LATAM,braintree,true,200,144
2026-06-21T09:00:00+00:00,P-003,LATAM,braintree,true,200,476
2026-06-21T09:00:00+00:00,P-003,LATAM,braintree,false,gateway_unavailable,2212
2026-06-21T09:00:00+00:00,P-003,LATAM,braintree,false,processor_timeout,1665
2026-06-21T09:00:00+00:00,P-003,LATAM,braintree,false,processor_timeout,959
2026-06-21T10:00:00+00:00,P-001,EU,stripe,true,200,125
2026-06-21T10:00:00+00:00,P-001,EU,stripe,true,200,285
2026-06-21T10:00:00+00:00,P-001,EU,stripe,true,200,343
2026-06-21T10:00:00+00:00,P-001,EU,stripe,true,200,165
2026-06-21T10:00:00+00:00,P-001,EU,braintree,true,200,308
2026-06-21T10:00:00+00:00,P-001,EU,braintree,true,200,395
2026-06-21T10:00:00+00:00,P-001,EU,braintree,false,avs_mismatch,1007
2026-06-21T10:00:00+00:00,P-001,EU,braintree,true,200,142
2026-06-21T10:00:00+00:00,P-002,APAC,stripe,true,200,275
2026-06-21T10:00:00+00:00,P-002,APAC,stripe,true,200,288
2026-06-21T10:00:00+00:00,P-002,APAC,stripe,true,200,314
2026-06-21T10:00:00+00:00,P-002,APAC,braintree,true,200,190
2026-06-21T10:00:00+00:00,P-002,APAC,braintree,true,200,181
2026-06-21T10:00:00+00:00,P-002,APAC,braintree,true,200,195
2026-06-21T10:00:00+00:00,P-002,APAC,braintree,true,200,331
2026-06-21T10:00:00+00:00,P-002,APAC,braintree,true,200,462
2026-06-21T10:00:00+00:00,P-003,LATAM,stripe,true,200,243
2026-06-21T10:00:00+00:00,P-003,LATAM,stripe,true,200,458
2026-06-21T10:00:00+00:00,P-003,LATAM,stripe,true,200,263
2026-06-21T10:00:00+00:00,P-003,LATAM,braintree,true,200,367
2026-06-21T10:00:00+00:00,P-003,LATAM,braintree,true,200,255
2026-06-21T10:00:00+00:00,P-003,LATAM,braintree,true,200,162
2026-06-21T10:00:00+00:00,P-003,LATAM,braintree,true,200,244
2026-06-21T10:00:00+00:00,P-003,LATAM,braintree,true,200,225
2026-06-21T11:00:00+00:00,P-001,EU,stripe,true,200,373
2026-06-21T11:00:00+00:00,P-001,EU,stripe,true,200,126
2026-06-21T11:00:00+00:00,P-001,EU,stripe,true,200,359
2026-06-21T11:00:00+00:00,P-001,EU,stripe,true,200,216
2026-06-21T11:00:00+00:00,P-001,EU,stripe,true,200,294
2026-06-21T11:00:00+00:00,P-001,EU,stripe,true,200,422
2026-06-21T11:00:00+00:00,P-001,EU,stripe,true,200,383
2026-06-21T11:00:00+00:00,P-001,EU,stripe,true,200,279
2026-06-21T11:00:00+00:00,P-001,EU,braintree,true,200,198
2026-06-21T11:00:00+00:00,P-001,EU,braintree,true,200,174
2026-06-21T11:00:00+00:00,P-001,EU,braintree,true,200,232
2026-06-21T11:00:00+00:00,P-001,EU,braintree,true,200,317
2026-06-21T11:00:00+00:00,P-001,EU,braintree,false,avs_mismatch,1951
2026-06-21T11:00:00+00:00,P-001,EU,braintree,true,200,324
2026-06-21T11:00:00+00:00,P-001,EU,braintree,true,200,262
2026-06-21T11:00:00+00:00,P-001,EU,braintree,true,200,471
2026-06-21T11:00:00+00:00,P-002,APAC,stripe,false,3ds_failed,2227
2026-06-21T11:00:00+00:00,P-002,APAC,stripe,true,200,356
2026-06-21T11:00:00+00:00,P-002,APAC,stripe,true,200,176
2026-06-21T11:00:00+00:00,P-002,APAC,stripe,true,200,355
2026-06-21T11:00:00+00:00,P-002,APAC,stripe,true,200,134
2026-06-21T11:00:00+00:00,P-002,APAC,braintree,true,200,351
2026-06-21T11:00:00+00:00,P-002,APAC,braintree,true,200,180
2026-06-21T11:00:00+00:00,P-002,APAC,braintree,true,200,163
2026-06-21T11:00:00+00:00,P-002,APAC,braintree,true,200,228
2026-06-21T11:00:00+00:00,P-002,APAC,braintree,true,200,377
2026-06-21T11:00:00+00:00,P-002,APAC,braintree,true,200,290
2026-06-21T11:00:00+00:00,P-003,LATAM,stripe,true,200,309
2026-06-21T11:00:00+00:00,P-003,LATAM,stripe,true,200,452
2026-06-21T11:00:00+00:00,P-003,LATAM,stripe,true,200,336
2026-06-21T11:00:00+00:00,P-003,LATAM,braintree,true,200,326
2026-06-21T11:00:00+00:00,P-003,LATAM,braintree,true,200,261
2026-06-21T11:00:00+00:00,P-003,LATAM,braintree,true,200,372
2026-06-21T11:00:00+00:00,P-003,LATAM,braintree,true,200,175
2026-06-21T12:00:00+00:00,P-001,EU,stripe,true,200,247
2026-06-21T12:00:00+00:00,P-001,EU,stripe,false,card_declined,1135
2026-06-21T12:00:00+00:00,P-001,EU,stripe,true,200,138
2026-06-21T12:00:00+00:00,P-001,EU,stripe,true,200,242
2026-06-21T12:00:00+00:00,P-001,EU,stripe,true,200,171
2026-06-21T12:00:00+00:00,P-001,EU,stripe,true,200,437
2026-06-21T12:00:00+00:00,P-001,EU,stripe,true,200,327
2026-06-21T12:00:00+00:00,P-001,EU,stripe,true,200,171
2026-06-21T12:00:00+00:00,P-001,EU,braintree,true,200,474
2026-06-21T12:00:00+00:00,P-001,EU,braintree,true,200,225
2026-06-21T12:00:00+00:00,P-001,EU,braintree,true,200,224
2026-06-21T12:00:00+00:00,P-001,EU,braintree,true,200,267
2026-06-21T12:00:00+00:00,P-002,APAC,stripe,true,200,121
2026-06-21T12:00:00+00:00,P-002,APAC,stripe,true,200,377
2026-06-21T12:00:00+00:00,P-002,APAC,stripe,true,200,438
2026-06-21T12:00:00+00:00,P-002,APAC,stripe,true,200,276
2026-06-21T12:00:00+00:00,P-002,APAC,stripe,true,200,472
2026-06-21T12:00:00+00:00,P-002,APAC,stripe,true,200,281
2026-06-21T12:00:00+00:00,P-002,APAC,stripe,true,200,205
2026-06-21T12:00:00+00:00,P-002,APAC,stripe,true,200,353
2026-06-21T12:00:00+00:00,P-002,APAC,braintree,false,avs_mismatch,1871
2026-06-21T12:00:00+00:00,P-002,APAC,braintree,true,200,130
2026-06-21T12:00:00+00:00,P-002,APAC,braintree,true,200,255
2026-06-21T12:00:00+00:00,P-002,APAC,braintree,true,200,207
2026-06-21T12:00:00+00:00,P-003,LATAM,stripe,true,200,124
2026-06-21T12:00:00+00:00,P-003,LATAM,stripe,true,200,362
2026-06-21T12:00:00+00:00,P-003,LATAM,stripe,true,200,370
2026-06-21T12:00:00+00:00,P-003,LATAM,stripe,true,200,361
2026-06-21T12:00:00+00:00,P-003,LATAM,stripe,true,200,128
2026-06-21T12:00:00+00:00,P-003,LATAM,stripe,true,200,268
2026-06-21T12:00:00+00:00,P-003,LATAM,stripe,true,200,388
2026-06-21T12:00:00+00:00,P-003,LATAM,stripe,true,200,195
2026-06-21T12:00:00+00:00,P-003,LATAM,braintree,true,200,291
2026-06-21T12:00:00+00:00,P-003,LATAM,braintree,true,200,299
2026-06-21T12:00:00+00:00,P-003,LATAM,braintree,false,gateway_unavailable,2258
2026-06-21T13:00:00+00:00,P-001,EU,stripe,true,200,354
2026-06-21T13:00:00+00:00,P-001,EU,stripe,true,200,300
2026-06-21T13:00:00+00:00,P-001,EU,stripe,true,200,290
2026-06-21T13:00:00+00:00,P-001,EU,stripe,true,200,459
2026-06-21T13:00:00+00:00,P-001,EU,stripe,true,200,425
2026-06-21T13:00:00+00:00,P-001,EU,stripe,true,200,258
2026-06-21T13:00:00+00:00,P-001,EU,braintree,true,200,447
2026-06-21T13:00:00+00:00,P-001,EU,braintree,true,200,330
2026-06-21T13:00:00+00:00,P-001,EU,braintree,true,200,457
2026-06-21T13:00:00+00:00,P-001,EU,braintree,false,gateway_unavailable,1919
2026-06-21T13:00:00+00:00,P-001,EU,braintree,true,200,415
2026-06-21T13:00:00+00:00,P-001,EU,braintree,true,200,340
2026-06-21T13:00:00+00:00,P-001,EU,braintree,true,200,165
2026-06-21T13:00:00+00:00,P-001,EU,braintree,true,200,313
2026-06-21T13:00:00+00:00,P-002,APAC,stripe,true,200,260
2026-06-21T13:00:00+00:00,P-002,APAC,stripe,true,200,467
2026-06-21T13:00:00+00:00,P-002,APAC,stripe,true,200,350
2026-06-21T13:00:00+00:00,P-002,APAC,stripe,false,3ds_failed,1258
2026-06-21T13:00:00+00:00,P-002,APAC,stripe,true,200,467
2026-06-21T13:00:00+00:00,P-002,APAC,stripe,true,200,289
2026-06-21T13:00:00+00:00,P-002,APAC,stripe,true,200,333
2026-06-21T13:00:00+00:00,P-002,APAC,stripe,true,200,261
2026-06-21T13:00:00+00:00,P-002,APAC,braintree,true,200,416
2026-06-21T13:00:00+00:00,P-002,APAC,braintree,true,200,295
2026-06-21T13:00:00+00:00,P-002,APAC,braintree,true,200,182
2026-06-21T13:00:00+00:00,P-002,APAC,braintree,true,200,352
2026-06-21T13:00:00+00:00,P-002,APAC,braintree,true,200,297
2026-06-21T13:00:00+00:00,P-003,LATAM,stripe,true,200,124
2026-06-21T13:00:00+00:00,P-003,LATAM,stripe,true,200,470
2026-06-21T13:00:00+00:00,P-003,LATAM,stripe,true,200,468
2026-06-21T13:00:00+00:00,P-003,LATAM,stripe,true,200,268
2026-06-21T13:00:00+00:00,P-003,LATAM,stripe,true,200,460
2026-06-21T13:00:00+00:00,P-003,LATAM,braintree,true,200,267
2026-06-21T13:00:00+00:00,P-003,LATAM,braintree,true,200,270
2026-06-21T13:00:00+00:00,P-003,LATAM,braintree,true,200,140
2026-06-21T13:00:00+00:00,P-003,LATAM,braintree,true,200,423
2026-06-21T14:00:00+00:00,P-001,EU,stripe,true,200,276
2026-06-21T14:00:00+00:00,P-001,EU,stripe,true,200,300
2026-06-21T14:00:00+00:00,P-001,EU,stripe,true,200,120
2026-06-21T14:00:00+00:00,P-001,EU,braintree,true,200,299
2026-06-21T14:00:00+00:00,P-001,EU,braintree,true,200,377
2026-06-21T14:00:00+00:00,P-001,EU,braintree,true,200,407
2026-06-21T14:00:00+00:00,P-002,APAC,stripe,false,3ds_failed,1454
2026-06-21T14:00:00+00:00,P-002,APAC,stripe,true,200,220
2026-06-21T14:00:00+00:00,P-002,APAC,stripe,true,200,161
2026-06-21T14:00:00+00:00,P-002,APAC,stripe,true,200,136
2026-06-21T14:00:00+00:00,P-002,APAC,braintree,false,processor_timeout,2289
2026-06-21T14:00:00+00:00,P-002,APAC,braintree,true,200,336
2026-06-21T14:00:00+00:00,P-002,APAC,braintree,true,200,170
2026-06-21T14:00:00+00:00,P-002,APAC,braintree,true,200,274
2026-06-21T14:00:00+00:00,P-002,APAC,braintree,true,200,208
2026-06-21T14:00:00+00:00,P-002,APAC,braintree,true,200,467
2026-06-21T14:00:00+00:00,P-003,LATAM,stripe,true,200,191
2026-06-21T14:00:00+00:00,P-003,LATAM,stripe,true,200,222
2026-06-21T14:00:00+00:00,P-003,LATAM,stripe,true,200,333
2026-06-21T14:00:00+00:00,P-003,LATAM,stripe,true,200,274
2026-06-21T14:00:00+00:00,P-003,LATAM,stripe,true,200,272
2026-06-21T14:00:00+00:00,P-003,LATAM,braintree,true,200,356
2026-06-21T14:00:00+00:00,P-003,LATAM,braintree,true,200,312
2026-06-21T14:00:00+00:00,P-003,LATAM,braintree,true,200,343
2026-06-21T14:00:00+00:00,P-003,LATAM,braintree,true,200,389
2026-06-21T14:00:00+00:00,P-003,LATAM,braintree,true,200,280
2026-06-21T14:00:00+00:00,P-003,LATAM,braintree,true,200,470
2026-06-21T14:00:00+00:00,P-003,LATAM,braintree,true,200,359
2026-06-21T15:00:00+00:00,P-001,EU,stripe,true,200,335
2026-06-21T15:00:00+00:00,P-001,EU,stripe,false,insufficient_funds,956
2026-06-21T15:00:00+00:00,P-001,EU,stripe,true,200,133
2026-06-21T15:00:00+00:00,P-001,EU,stripe,false,insufficient_funds,1081
2026-06-21T15:00:00+00:00,P-001,EU,stripe,true,200,434
2026-06-21T15:00:00+00:00,P-001,EU,braintree,true,200,417
2026-06-21T15:00:00+00:00,P-001,EU,braintree,true,200,185
2026-06-21T15:00:00+00:00,P-001,EU,braintree,true,200,409
2026-06-21T15:00:00+00:00,P-001,EU,braintree,true,200,147
2026-06-21T15:00:00+00:00,P-001,EU,braintree,true,200,321
2026-06-21T15:00:00+00:00,P-002,APAC,stripe,true,200,123
2026-06-21T15:00:00+00:00,P-002,APAC,stripe,true,200,385
2026-06-21T15:00:00+00:00,P-002,APAC,stripe,true,200,147
2026-06-21T15:00:00+00:00,P-002,APAC,stripe,true,200,258
2026-06-21T15:00:00+00:00,P-002,APAC,braintree,true,200,424
2026-06-21T15:00:00+00:00,P-002,APAC,braintree,true,200,268
2026-06-21T15:00:00+00:00,P-002,APAC,braintree,true,200,473
2026-06-21T15:00:00+00:00,P-002,APAC,braintree,true,200,151
2026-06-21T15:00:00+00:00,P-002,APAC,braintree,true,200,419
2026-06-21T15:00:00+00:00,P-002,APAC,braintree,true,200,147
2026-06-21T15:00:00+00:00,P-002,APAC,braintree,true,200,384
2026-06-21T15:00:00+00:00,P-002,APAC,braintree,true,200,373
2026-06-21T15:00:00+00:00,P-003,LATAM,stripe,true,200,465
2026-06-21T15:00:00+00:00,P-003,LATAM,stripe,true,200,199
2026-06-21T15:00:00+00:00,P-003,LATAM,stripe,true,200,279
2026-06-21T15:00:00+00:00,P-003,LATAM,stripe,true,200,123
2026-06-21T15:00:00+00:00,P-003,LATAM,braintree,true,200,222
2026-06-21T15:00:00+00:00,P-003,LATAM,braintree,true,200,120
2026-06-21T15:00:00+00:00,P-003,LATAM,braintree,true,200,181
2026-06-21T15:00:00+00:00,P-003,LATAM,braintree,true,200,246
2026-06-21T15:00:00+00:00,P-003,LATAM,braintree,true,200,362
2026-06-21T15:00:00+00:00,P-003,LATAM,braintree,true,200,378
2026-06-21T16:00:00+00:00,P-001,EU,stripe,true,200,182
2026-06-21T16:00:00+00:00,P-001,EU,stripe,true,200,367
2026-06-21T16:00:00+00:00,P-001,EU,stripe,false,card_declined,2019
2026-06-21T16:00:00+00:00,P-001,EU,stripe,true,200,433
2026-06-21T16:00:00+00:00,P-001,EU,stripe,true,200,456
2026-06-21T16:00:00+00:00,P-001,EU,stripe,true,200,341
2026-06-21T16:00:00+00:00,P-001,EU,braintree,true,200,214
2026-06-21T16:00:00+00:00,P-001,EU,braintree,true,200,456
2026-06-21T16:00:00+00:00,P-001,EU,braintree,true,200,381
2026-06-21T16:00:00+00:00,P-001,EU,braintree,true,200,399
2026-06-21T16:00:00+00:00,P-002,APAC,stripe,true,200,268
2026-06-21T16:00:00+00:00,P-002,APAC,stripe,true,200,171
2026-06-21T16:00:00+00:00,P-002,APAC,stripe,false,insufficient_funds,1652
2026-06-21T16:00:00+00:00,P-002,APAC,stripe,true,200,320
2026-06-21T16:00:00+00:00,P-002,APAC,braintree,true,200,174
2026-06-21T16:00:00+00:00,P-002,APAC,braintree,true,200,337
2026-06-21T16:00:00+00:00,P-002,APAC,braintree,true,200,265
2026-06-21T16:00:00+00:00,P-002,APAC,braintree,true,200,408
2026-06-21T16:00:00+00:00,P-002,APAC,braintree,true,200,417
2026-06-21T16:00:00+00:00,P-002,APAC,braintree,true,200,450
2026-06-21T16:00:00+00:00,P-003,LATAM,stripe,true,200,437
2026-06-21T16:00:00+00:00,P-003,LATAM,stripe,true,200,301
2026-06-21T16:00:00+00:00,P-003,LATAM,stripe,false,insufficient_funds,2380
2026-06-21T16:00:00+00:00,P-003,LATAM,stripe,true,200,124
2026-06-21T16:00:00+00:00,P-003,LATAM,stripe,false,insufficient_funds,1925
2026-06-21T16:00:00+00:00,P-003,LATAM,stripe,true,200,377
2026-06-21T16:00:00+00:00,P-003,LATAM,stripe,true,200,388
2026-06-21T16:00:00+00:00,P-003,LATAM,stripe,true,200,152
2026-06-21T16:00:00+00:00,P-003,LATAM,braintree,true,200,300
2026-06-21T16:00:00+00:00,P-003,LATAM,braintree,true,200,408
2026-06-21T16:00:00+00:00,P-003,LATAM,braintree,true,200,191
2026-06-21T16:00:00+00:00,P-003,LATAM,braintree,true,200,457
2026-06-21T17:00:00+00:00,P-001,EU,stripe,true,200,154
2026-06-21T17:00:00+00:00,P-001,EU,stripe,true,200,450
2026-06-21T17:00:00+00:00,P-001,EU,stripe,true,200,361
2026-06-21T17:00:00+00:00,P-001,EU,stripe,true,200,212
2026-06-21T17:00:00+00:00,P-001,EU,stripe,true,200,379
2026-06-21T17:00:00+00:00,P-001,EU,braintree,true,200,186
2026-06-21T17:00:00+00:00,P-001,EU,braintree,true,200,421
2026-06-21T17:00:00+00:00,P-001,EU,braintree,false,gateway_unavailable,2097
2026-06-21T17:00:00+00:00,P-001,EU,braintree,true,200,326
2026-06-21T17:00:00+00:00,P-001,EU,braintree,true,200,135
2026-06-21T17:00:00+00:00,P-001,EU,braintree,true,200,201
2026-06-21T17:00:00+00:00,P-001,EU,braintree,true,200,460
2026-06-21T17:00:00+00:00,P-001,EU,braintree,true,200,467
2026-06-21T17:00:00+00:00,P-002,APAC,stripe,true,200,238
2026-06-21T17:00:00+00:00,P-002,APAC,stripe,false,3ds_failed,1384
2026-06-21T17:00:00+00:00,P-002,APAC,stripe,true,200,209
2026-06-21T17:00:00+00:00,P-002,APAC,stripe,true,200,316
2026-06-21T17:00:00+00:00,P-002,APAC,stripe,true,200,335
2026-06-21T17:00:00+00:00,P-002,APAC,stripe,true,200,151
2026-06-21T17:00:00+00:00,P-002,APAC,braintree,true,200,139
2026-06-21T17:00:00+00:00,P-002,APAC,braintree,true,200,157
2026-06-21T17:00:00+00:00,P-002,APAC,braintree,true,200,311
2026-06-21T17:00:00+00:00,P-002,APAC,braintree,true,200,135
2026-06-21T17:00:00+00:00,P-002,APAC,braintree,true,200,284
2026-06-21T17:00:00+00:00,P-002,APAC,braintree,true,200,350
2026-06-21T17:00:00+00:00,P-002,APAC,braintree,true,200,446
2026-06-21T17:00:00+00:00,P-003,LATAM,stripe,true,200,220
2026-06-21T17:00:00+00:00,P-003,LATAM,stripe,true,200,344
2026-06-21T17:00:00+00:00,P-003,LATAM,stripe,true,200,235
2026-06-21T17:00:00+00:00,P-003,LATAM,stripe,true,200,202
2026-06-21T17:00:00+00:00,P-003,LATAM,stripe,true,200,390
2026-06-21T17:00:00+00:00,P-003,LATAM,stripe,true,200,218
2026-06-21T17:00:00+00:00,P-003,LATAM,stripe,true,200,132
2026-06-21T17:00:00+00:00,P-003,LATAM,braintree,false,processor_timeout,1316
2026-06-21T17:00:00+00:00,P-003,LATAM,braintree,true,200,191
2026-06-21T17:00:00+00:00,P-003,LATAM,braintree,true,200,304
2026-06-21T17:00:00+00:00,P-003,LATAM,braintree,true,200,410
2026-06-21T17:00:00+00:00,P-003,LATAM,braintree,true,200,156
2026-06-21T17:00:00+00:00,P-003,LATAM,braintree,true,200,469
2026-06-21T17:00:00+00:00,P-003,LATAM,braintree,true,200,448
2026-06-21T17:00:00+00:00,P-003,LATAM,braintree,true,200,217
2026-06-21T18:00:00+00:00,P-001,EU,stripe,true,200,362
2026-06-21T18:00:00+00:00,P-001,EU,stripe,true,200,302
2026-06-21T18:00:00+00:00,P-001,EU,stripe,true,200,406
2026-06-21T18:00:00+00:00,P-001,EU,stripe,true,200,154
2026-06-21T18:00:00+00:00,P-001,EU,braintree,true,200,312
2026-06-21T18:00:00+00:00,P-001,EU,braintree,true,200,411
2026-06-21T18:00:00+00:00,P-001,EU,braintree,true,200,384
2026-06-21T18:00:00+00:00,P-001,EU,braintree,true,200,180
2026-06-21T18:00:00+00:00,P-001,EU,braintree,true,200,146
2026-06-21T18:00:00+00:00,P-001,EU,braintree,true,200,289
2026-06-21T18:00:00+00:00,P-002,APAC,stripe,true,200,268
2026-06-21T18:00:00+00:00,P-002,APAC,stripe,true,200,248
2026-06-21T18:00:00+00:00,P-002,APAC,stripe,true,200,303
2026-06-21T18:00:00+00:00,P-002,APAC,braintree,true,200,200
2026-06-21T18:00:00+00:00,P-002,APAC,braintree,false,processor_timeout,1994
2026-06-21T18:00:00+00:00,P-002,APAC,braintree,true,200,385
2026-06-21T18:00:00+00:00,P-003,LATAM,stripe,true,200,324
2026-06-21T18:00:00+00:00,P-003,LATAM,stripe,true,200,399
2026-06-21T18:00:00+00:00,P-003,LATAM,stripe,true,200,176
2026-06-21T18:00:00+00:00,P-003,LATAM,stripe,true,200,254
2026-06-21T18:00:00+00:00,P-003,LATAM,stripe,true,200,136
2026-06-21T18:00:00+00:00,P-003,LATAM,stripe,true,200,253
2026-06-21T18:00:00+00:00,P-003,LATAM,stripe,true,200,150
2026-06-21T18:00:00+00:00,P-003,LATAM,braintree,true,200,288
2026-06-21T18:00:00+00:00,P-003,LATAM,braintree,true,200,459
2026-06-21T18:00:00+00:00,P-003,LATAM,braintree,true,200,151
2026-06-21T18:00:00+00:00,P-003,LATAM,braintree,true,200,157
2026-06-21T19:00:00+00:00,P-001,EU,stripe,true,200,479
2026-06-21T19:00:00+00:00,P-001,EU,stripe,true,200,138
2026-06-21T19:00:00+00:00,P-001,EU,stripe,true,200,156
2026-06-21T19:00:00+00:00,P-001,EU,stripe,true,200,426
2026-06-21T19:00:00+00:00,P-001,EU,stripe,true,200,161
2026-06-21T19:00:00+00:00,P-001,EU,stripe,true,200,365
2026-06-21T19:00:00+00:00,P-001,EU,stripe,true,200,258
2026-06-21T19:00:00+00:00,P-001,EU,braintree,true,200,138
2026-06-21T19:00:00+00:00,P-001,EU,braintree,true,200,235
2026-06-21T19:00:00+00:00,P-001,EU,braintree,true,200,340
2026-06-21T19:00:00+00:00,P-001,EU,braintree,true,200,236
2026-06-21T19:00:00+00:00,P-001,EU,braintree,true,200,148
2026-06-21T19:00:00+00:00,P-001,EU,braintree,true,200,220
2026-06-21T19:00:00+00:00,P-001,EU,braintree,true,200,314
2026-06-21T19:00:00+00:00,P-001,EU,braintree,true,200,129
2026-06-21T19:00:00+00:00,P-002,APAC,stripe,true,200,318
2026-06-21T19:00:00+00:00,P-002,APAC,stripe,true,200,476
2026-06-21T19:00:00+00:00,P-002,APAC,stripe,true,200,479
2026-06-21T19:00:00+00:00,P-002,APAC,stripe,true,200,190
2026-06-21T19:00:00+00:00,P-002,APAC,stripe,true,200,180
2026-06-21T19:00:00+00:00,P-002,APAC,stripe,true,200,308
2026-06-21T19:00:00+00:00,P-002,APAC,stripe,true,200,295
2026-06-21T19:00:00+00:00,P-002,APAC,braintree,true,200,241
2026-06-21T19:00:00+00:00,P-002,APAC,braintree,true,200,421
2026-06-21T19:00:00+00:00,P-002,APAC,braintree,true,200,331
2026-06-21T19:00:00+00:00,P-002,APAC,braintree,true,200,394
2026-06-21T19:00:00+00:00,P-002,APAC,braintree,true,200,127
2026-06-21T19:00:00+00:00,P-002,APAC,braintree,true,200,247
2026-06-21T19:00:00+00:00,P-003,LATAM,stripe,true,200,184
2026-06-21T19:00:00+00:00,P-003,LATAM,stripe,true,200,264
2026-06-21T19:00:00+00:00,P-003,LATAM,stripe,true,200,299
2026-06-21T19:00:00+00:00,P-003,LATAM,braintree,true,200,245
2026-06-21T19:00:00+00:00,P-003,LATAM,braintree,false,processor_timeout,2141
2026-06-21T19:00:00+00:00,P-003,LATAM,braintree,true,200,456
2026-06-21T19:00:00+00:00,P-003,LATAM,braintree,true,200,159
2026-06-21T19:00:00+00:00,P-003,LATAM,braintree,true,200,398
2026-06-21T19:00:00+00:00,P-003,LATAM,braintree,true,200,302
2026-06-21T19:00:00+00:00,P-003,LATAM,braintree,true,200,232
2026-06-21T20:00:00+00:00,P-001,EU,stripe,true,200,307
2026-06-21T20:00:00+00:00,P-001,EU,stripe,true,200,269
2026-06-21T20:00:00+00:00,P-001,EU,stripe,true,200,245
2026-06-21T20:00:00+00:00,P-001,EU,stripe,true,200,256
2026-06-21T20:00:00+00:00,P-001,EU,stripe,true,200,397
2026-06-21T20:00:00+00:00,P-001,EU,stripe,true,200,147
2026-06-21T20:00:00+00:00,P-001,EU,braintree,true,200,438
2026-06-21T20:00:00+00:00,P-001,EU,braintree,true,200,160
2026-06-21T20:00:00+00:00,P-001,EU,braintree,true,200,190
2026-06-21T20:00:00+00:00,P-001,EU,braintree,true,200,386
2026-06-21T20:00:00+00:00,P-001,EU,braintree,true,200,403
2026-06-21T20:00:00+00:00,P-002,APAC,stripe,true,200,192
2026-06-21T20:00:00+00:00,P-002,APAC,stripe,true,200,240
2026-06-21T20:00:00+00:00,P-002,APAC,stripe,true,200,452
2026-06-21T20:00:00+00:00,P-002,APAC,stripe,true,200,178
2026-06-21T20:00:00+00:00,P-002,APAC,braintree,true,200,137
2026-06-21T20:00:00+00:00,P-002,APAC,braintree,true,200,421
2026-06-21T20:00:00+00:00,P-002,APAC,braintree,true,200,163
2026-06-21T20:00:00+00:00,P-003,LATAM,stripe,true,200,432
2026-06-21T20:00:00+00:00,P-003,LATAM,stripe,true,200,129
2026-06-21T20:00:00+00:00,P-003,LATAM,stripe,true,200,316
2026-06-21T20:00:00+00:00,P-003,LATAM,braintree,true,200,225
2026-06-21T20:00:00+00:00,P-003,LATAM,braintree,true,200,457
2026-06-21T20:00:00+00:00,P-003,LATAM,braintree,true,200,146
2026-06-21T20:00:00+00:00,P-003,LATAM,braintree,true,200,136
2026-06-21T20:00:00+00:00,P-003,LATAM,braintree,true,200,298
2026-06-21T20:00:00+00:00,P-003,LATAM,braintree,false,avs_mismatch,2445
2026-06-21T21:00:00+00:00,P-001,EU,stripe,true,200,254
2026-06-21T21:00:00+00:00,P-001,EU,stripe,true,200,422
2026-06-21T21:00:00+00:00,P-001,EU,stripe,true,200,134
2026-06-21T21:00:00+00:00,P-001,EU,stripe,true,200,438
2026-06-21T21:00:00+00:00,P-001,EU,stripe,true,200,338
2026-06-21T21:00:00+00:00,P-001,EU,braintree,true,200,149
2026-06-21T21:00:00+00:00,P-001,EU,braintree,true,200,403
2026-06-21T21:00:00+00:00,P-001,EU,braintree,true,200,467
2026-06-21T21:00:00+00:00,P-001,EU,braintree,true,200,393
2026-06-21T21:00:00+00:00,P-001,EU,braintree,true,200,413
2026-06-21T21:00:00+00:00,P-001,EU,braintree,true,200,385
2026-06-21T21:00:00+00:00,P-001,EU,braintree,true,200,315
2026-06-21T21:00:00+00:00,P-001,EU,braintree,true,200,241
2026-06-21T21:00:00+00:00,P-002,APAC,stripe,true,200,263
2026-06-21T21:00:00+00:00,P-002,APAC,stripe,true,200,260
2026-06-21T21:00:00+00:00,P-002,APAC,stripe,true,200,247
2026-06-21T21:00:00+00:00,P-002,APAC,stripe,true,200,271
2026-06-21T21:00:00+00:00,P-002,APAC,braintree,true,200,139
2026-06-21T21:00:00+00:00,P-002,APAC,braintree,true,200,305
2026-06-21T21:00:00+00:00,P-002,APAC,braintree,true,200,248
2026-06-21T21:00:00+00:00,P-002,APAC,braintree,true,200,431
2026-06-21T21:00:00+00:00,P-002,APAC,braintree,true,200,277
2026-06-21T21:00:00+00:00,P-003,LATAM,stripe,true,200,255
2026-06-21T21:00:00+00:00,P-003,LATAM,stripe,true,200,347
2026-06-21T21:00:00+00:00,P-003,LATAM,stripe,true,200,345
2026-06-21T21:00:00+00:00,P-003,LATAM,stripe,true,200,138
2026-06-21T21:00:00+00:00,P-003,LATAM,stripe,false,insufficient_funds,2206
2026-06-21T21:00:00+00:00,P-003,LATAM,stripe,true,200,231
2026-06-21T21:00:00+00:00,P-003,LATAM,stripe,true,200,416
2026-06-21T21:00:00+00:00,P-003,LATAM,braintree,true,200,432
2026-06-21T21:00:00+00:00,P-003,LATAM,braintree,true,200,152
2026-06-21T21:00:00+00:00,P-003,LATAM,braintree,true,200,252
2026-06-21T22:00:00+00:00,P-001,EU,stripe,true,200,373
2026-06-21T22:00:00+00:00,P-001,EU,stripe,true,200,442
2026-06-21T22:00:00+00:00,P-001,EU,stripe,true,200,436
2026-06-21T22:00:00+00:00,P-001,EU,stripe,true,200,239
2026-06-21T22:00:00+00:00,P-001,EU,stripe,true,200,139
2026-06-21T22:00:00+00:00,P-001,EU,braintree,true,200,345
2026-06-21T22:00:00+00:00,P-001,EU,braintree,true,200,141
2026-06-21T22:00:00+00:00,P-001,EU,braintree,true,200,236
2026-06-21T22:00:00+00:00,P-001,EU,braintree,true,200,252
2026-06-21T22:00:00+00:00,P-002,APAC,stripe,true,200,300
2026-06-21T22:00:00+00:00,P-002,APAC,stripe,true,200,142
2026-06-21T22:00:00+00:00,P-002,APAC,stripe,true,200,299
2026-06-21T22:00:00+00:00,P-002,APAC,stripe,true,200,379
2026-06-21T22:00:00+00:00,P-002,APAC,stripe,true,200,381
2026-06-21T22:00:00+00:00,P-002,APAC,braintree,true,200,286
2026-06-21T22:00:00+00:00,P-002,APAC,braintree,true,200,468
2026-06-21T22:00:00+00:00,P-002,APAC,braintree,true,200,448
2026-06-21T22:00:00+00:00,P-003,LATAM,stripe,true,200,193
2026-06-21T22:00:00+00:00,P-003,LATAM,stripe,true,200,430
2026-06-21T22:00:00+00:00,P-003,LATAM,stripe,true,200,291
2026-06-21T22:00:00+00:00,P-003,LATAM,stripe,false,3ds_failed,1667
2026-06-21T22:00:00+00:00,P-003,LATAM,stripe,true,200,270
2026-06-21T22:00:00+00:00,P-003,LATAM,stripe,true,200,202
2026-06-21T22:00:00+00:00,P-003,LATAM,braintree,true,200,196
2026-06-21T22:00:00+00:00,P-003,LATAM,braintree,true,200,133
2026-06-21T22:00:00+00:00,P-003,LATAM,braintree,true,200,228
2026-06-21T22:00:00+00:00,P-003,LATAM,braintree,true,200,381
2026-06-21T22:00:00+00:00,P-003,LATAM,braintree,true,200,380
2026-06-21T23:00:00+00:00,P-001,EU,stripe,true,200,230
2026-06-21T23:00:00+00:00,P-001,EU,stripe,true,200,418
2026-06-21T23:00:00+00:00,P-001,EU,stripe,true,200,196
2026-06-21T23:00:00+00:00,P-001,EU,stripe,true,200,452
2026-06-21T23:00:00+00:00,P-001,EU,stripe,true,200,159
2026-06-21T23:00:00+00:00,P-001,EU,stripe,false,card_declined,2057
2026-06-21T23:00:00+00:00,P-001,EU,stripe,true,200,414
2026-06-21T23:00:00+00:00,P-001,EU,braintree,true,200,334
2026-06-21T23:00:00+00:00,P-001,EU,braintree,true,200,182
2026-06-21T23:00:00+00:00,P-001,EU,braintree,true,200,390
2026-06-21T23:00:00+00:00,P-001,EU,braintree,true,200,430
2026-06-21T23:00:00+00:00,P-001,EU,braintree,true,200,388
2026-06-21T23:00:00+00:00,P-001,EU,braintree,true,200,282
2026-06-21T23:00:00+00:00,P-001,EU,braintree,true,200,414
2026-06-21T23:00:00+00:00,P-001,EU,braintree,true,200,244
2026-06-21T23:00:00+00:00,P-002,APAC,stripe,true,200,305
2026-06-21T23:00:00+00:00,P-002,APAC,stripe,true,200,281
2026-06-21T23:00:00+00:00,P-002,APAC,stripe,true,200,179
2026-06-21T23:00:00+00:00,P-002,APAC,stripe,true,200,347
2026-06-21T23:00:00+00:00,P-002,APAC,stripe,true,200,329
2026-06-21T23:00:00+00:00,P-002,APAC,braintree,true,200,406
2026-06-21T23:00:00+00:00,P-002,APAC,braintree,true,200,305
2026-06-21T23:00:00+00:00,P-002,APAC,braintree,true,200,429
2026-06-21T23:00:00+00:00,P-002,APAC,braintree,true,200,334
2026-06-21T23:00:00+00:00,P-002,APAC,braintree,true,200,184
2026-06-21T23:00:00+00:00,P-003,LATAM,stripe,true,200,328
2026-06-21T23:00:00+00:00,P-003,LATAM,stripe,true,200,460
2026-06-21T23:00:00+00:00,P-003,LATAM,stripe,true,200,253
2026-06-21T23:00:00+00:00,P-003,LATAM,stripe,true,200,294
2026-06-21T23:00:00+00:00,P-003,LATAM,stripe,true,200,161
2026-06-21T23:00:00+00:00,P-003,LATAM,stripe,true,200,378
2026-06-21T23:00:00+00:00,P-003,LATAM,stripe,false,3ds_failed,1912
2026-06-21T23:00:00+00:00,P-003,LATAM,braintree,true,200,221
2026-06-21T23:00:00+00:00,P-003,LATAM,braintree,true,200,352
2026-06-21T23:00:00+00:00,P-003,LATAM,braintree,true,200,181
2026-06-21T23:00:00+00:00,P-003,LATAM,braintree,true,200,403
2026-06-21T23:00:00+00:00,P-003,LATAM,braintree,true,200,360
2026-06-21T23:00:00+00:00,P-003,LATAM,braintree,true,200,184
2026-06-21T23:00:00+00:00,P-003,LATAM,braintree,true,200,340
2026-06-21T23:00:00+00:00,P-003,LATAM,braintree,true,200,205
2026-06-22T00:00:00+00:00,P-001,EU,stripe,true,200,391
2026-06-22T00:00:00+00:00,P-001,EU,stripe,true,200,336
2026-06-22T00:00:00+00:00,P-001,EU,stripe,true,200,325
2026-06-22T00:00:00+00:00,P-001,EU,braintree,true,200,270
2026-06-22T00:00:00+00:00,P-001,EU,braintree,true,200,292
2026-06-22T00:00:00+00:00,P-001,EU,braintree,true,200,435
2026-06-22T00:00:00+00:00,P-001,EU,braintree,true,200,143
2026-06-22T00:00:00+00:00,P-001,EU,braintree,true,200,301
2026-06-22T00:00:00+00:00,P-001,EU,braintree,false,gateway_unavailable,2191
2026-06-22T00:00:00+00:00,P-001,EU,braintree,true,200,343
2026-06-22T00:00:00+00:00,P-001,EU,braintree,true,200,364
2026-06-22T00:00:00+00:00,P-002,APAC,stripe,true,200,213
2026-06-22T00:00:00+00:00,P-002,APAC,stripe,true,200,421
2026-06-22T00:00:00+00:00,P-002,APAC,stripe,true,200,380
2026-06-22T00:00:00+00:00,P-002,APAC,stripe,true,200,123
2026-06-22T00:00:00+00:00,P-002,APAC,stripe,true,200,309
2026-06-22T00:00:00+00:00,P-002,APAC,stripe,true,200,352
2026-06-22T00:00:00+00:00,P-002,APAC,stripe,true,200,344
2026-06-22T00:00:00+00:00,P-002,APAC,stripe,true,200,421
2026-06-22T00:00:00+00:00,P-002,APAC,braintree,false,processor_timeout,1375
2026-06-22T00:00:00+00:00,P-002,APAC,braintree,true,200,294
2026-06-22T00:00:00+00:00,P-002,APAC,braintree,true,200,385
2026-06-22T00:00:00+00:00,P-002,APAC,braintree,true,200,416
2026-06-22T00:00:00+00:00,P-002,APAC,braintree,true,200,338
2026-06-22T00:00:00+00:00,P-003,LATAM,stripe,true,200,283
2026-06-22T00:00:00+00:00,P-003,LATAM,stripe,true,200,193
2026-06-22T00:00:00+00:00,P-003,LATAM,stripe,true,200,227
2026-06-22T00:00:00+00:00,P-003,LATAM,stripe,true,200,262
2026-06-22T00:00:00+00:00,P-003,LATAM,stripe,true,200,435
2026-06-22T00:00:00+00:00,P-003,LATAM,braintree,true,200,265
2026-06-22T00:00:00+00:00,P-003,LATAM,braintree,true,200,267
2026-06-22T00:00:00+00:00,P-003,LATAM,braintree,true,200,344
2026-06-22T00:00:00+00:00,P-003,LATAM,braintree,true,200,206
2026-06-22T00:00:00+00:00,P-003,LATAM,braintree,true,200,252
2026-06-22T01:00:00+00:00,P-001,EU,stripe,true,200,238
2026-06-22T01:00:00+00:00,P-001,EU,stripe,true,200,192
2026-06-22T01:00:00+00:00,P-001,EU,stripe,true,200,402
2026-06-22T01:00:00+00:00,P-001,EU,stripe,true,200,206
2026-06-22T01:00:00+00:00,P-001,EU,stripe,true,200,140
2026-06-22T01:00:00+00:00,P-001,EU,stripe,false,3ds_failed,2001
2026-06-22T01:00:00+00:00,P-001,EU,stripe,true,200,123
2026-06-22T01:00:00+00:00,P-001,EU,braintree,true,200,133
2026-06-22T01:00:00+00:00,P-001,EU,braintree,true,200,264
2026-06-22T01:00:00+00:00,P-001,EU,braintree,false,avs_mismatch,1773
2026-06-22T01:00:00+00:00,P-001,EU,braintree,true,200,386
2026-06-22T01:00:00+00:00,P-001,EU,braintree,true,200,352
2026-06-22T01:00:00+00:00,P-001,EU,braintree,true,200,176
2026-06-22T01:00:00+00:00,P-002,APAC,stripe,true,200,181
2026-06-22T01:00:00+00:00,P-002,APAC,stripe,true,200,341
2026-06-22T01:00:00+00:00,P-002,APAC,stripe,true,200,164
2026-06-22T01:00:00+00:00,P-002,APAC,stripe,true,200,262
2026-06-22T01:00:00+00:00,P-002,APAC,stripe,true,200,179
2026-06-22T01:00:00+00:00,P-002,APAC,stripe,false,card_declined,2424
2026-06-22T01:00:00+00:00,P-002,APAC,stripe,true,200,158
2026-06-22T01:00:00+00:00,P-002,APAC,stripe,true,200,379
2026-06-22T01:00:00+00:00,P-002,APAC,braintree,true,200,442
2026-06-22T01:00:00+00:00,P-002,APAC,braintree,true,200,464
2026-06-22T01:00:00+00:00,P-002,APAC,braintree,true,200,472
2026-06-22T01:00:00+00:00,P-002,APAC,braintree,true,200,139
2026-06-22T01:00:00+00:00,P-002,APAC,braintree,true,200,386
2026-06-22T01:00:00+00:00,P-003,LATAM,stripe,true,200,405
2026-06-22T01:00:00+00:00,P-003,LATAM,stripe,true,200,440
2026-06-22T01:00:00+00:00,P-003,LATAM,stripe,true,200,444
2026-06-22T01:00:00+00:00,P-003,LATAM,stripe,true,200,245
2026-06-22T01:00:00+00:00,P-003,LATAM,stripe,true,200,312
2026-06-22T01:00:00+00:00,P-003,LATAM,braintree,true,200,255
2026-06-22T01:00:00+00:00,P-003,LATAM,braintree,true,200,368
2026-06-22T01:00:00+00:00,P-003,LATAM,braintree,true,200,374
2026-06-22T01:00:00+00:00,P-003,LATAM,braintree,true,200,221
2026-06-22T02:00:00+00:00,P-001,EU,stripe,true,200,384
2026-06-22T02:00:00+00:00,P-001,EU,stripe,true,200,229
2026-06-22T02:00:00+00:00,P-001,EU,stripe,true,200,154
2026-06-22T02:00:00+00:00,P-001,EU,stripe,true,200,432
2026-06-22T02:00:00+00:00,P-001,EU,stripe,true,200,211
2026-06-22T02:00:00+00:00,P-001,EU,stripe,true,200,472
2026-06-22T02:00:00+00:00,P-001,EU,stripe,true,200,314
2026-06-22T02:00:00+00:00,P-001,EU,stripe,true,200,240
2026-06-22T02:00:00+00:00,P-001,EU,braintree,true,200,391
2026-06-22T02:00:00+00:00,P-001,EU,braintree,true,200,212
2026-06-22T02:00:00+00:00,P-001,EU,braintree,true,200,238
2026-06-22T02:00:00+00:00,P-001,EU,braintree,true,200,462
2026-06-22T02:00:00+00:00,P-001,EU,braintree,true,200,442
2026-06-22T02:00:00+00:00,P-001,EU,braintree,true,200,302
2026-06-22T02:00:00+00:00,P-001,EU,braintree,true,200,271
2026-06-22T02:00:00+00:00,P-001,EU,braintree,true,200,177
2026-06-22T02:00:00+00:00,P-002,APAC,stripe,true,200,348
2026-06-22T02:00:00+00:00,P-002,APAC,stripe,true,200,459
2026-06-22T02:00:00+00:00,P-002,APAC,stripe,true,200,210
2026-06-22T02:00:00+00:00,P-002,APAC,stripe,true,200,283
2026-06-22T02:00:00+00:00,P-002,APAC,stripe,true,200,297
2026-06-22T02:00:00+00:00,P-002,APAC,braintree,true,200,185
2026-06-22T02:00:00+00:00,P-002,APAC,braintree,true,200,367
2026-06-22T02:00:00+00:00,P-002,APAC,braintree,true,200,370
2026-06-22T02:00:00+00:00,P-002,APAC,braintree,true,200,471
2026-06-22T02:00:00+00:00,P-002,APAC,braintree,true,200,268
2026-06-22T02:00:00+00:00,P-002,APAC,braintree,true,200,230
2026-06-22T02:00:00+00:00,P-002,APAC,braintree,true,200,329
2026-06-22T02:00:00+00:00,P-002,APAC,braintree,true,200,285
2026-06-22T02:00:00+00:00,P-003,LATAM,stripe,true,200,330
2026-06-22T02:00:00+00:00,P-003,LATAM,stripe,true,200,346
2026-06-22T02:00:00+00:00,P-003,LATAM,stripe,true,200,253
2026-06-22T02:00:00+00:00,P-003,LATAM,stripe,true,200,257
2026-06-22T02:00:00+00:00,P-003,LATAM,stripe,true,200,232
2026-06-22T02:00:00+00:00,P-003,LATAM,braintree,true,200,143
2026-06-22T02:00:00+00:00,P-003,LATAM,braintree,true,200,329
2026-06-22T02:00:00+00:00,P-003,LATAM,braintree,true,200,205
2026-06-22T02:00:00+00:00,P-003,LATAM,braintree,true,200,440
2026-06-22T02:00:00+00:00,P-003,LATAM,braintree,true,200,434
2026-06-22T03:00:00+00:00,P-001,EU,stripe,true,200,429
2026-06-22T03:00:00+00:00,P-001,EU,stripe,true,200,130
2026-06-22T03:00:00+00:00,P-001,EU,stripe,true,200,166
2026-06-22T03:00:00+00:00,P-001,EU,stripe,true,200,290
2026-06-22T03:00:00+00:00,P-001,EU,stripe,true,200,403
2026-06-22T03:00:00+00:00,P-001,EU,stripe,true,200,145
2026-06-22T03:00:00+00:00,P-001,EU,stripe,true,200,305
2026-06-22T03:00:00+00:00,P-001,EU,braintree,true,200,200
2026-06-22T03:00:00+00:00,P-001,EU,braintree,true,200,322
2026-06-22T03:00:00+00:00,P-001,EU,braintree,true,200,237
2026-06-22T03:00:00+00:00,P-001,EU,braintree,true,200,202
2026-06-22T03:00:00+00:00,P-001,EU,braintree,true,200,289
2026-06-22T03:00:00+00:00,P-001,EU,braintree,true,200,403
2026-06-22T03:00:00+00:00,P-001,EU,braintree,true,200,126
2026-06-22T03:00:00+00:00,P-002,APAC,stripe,true,200,389
2026-06-22T03:00:00+00:00,P-002,APAC,stripe,true,200,323
2026-06-22T03:00:00+00:00,P-002,APAC,stripe,true,200,141
2026-06-22T03:00:00+00:00,P-002,APAC,braintree,true,200,132
2026-06-22T03:00:00+00:00,P-002,APAC,braintree,true,200,472
2026-06-22T03:00:00+00:00,P-002,APAC,braintree,true,200,259
2026-06-22T03:00:00+00:00,P-002,APAC,braintree,true,200,313
2026-06-22T03:00:00+00:00,P-003,LATAM,stripe,true,200,258
2026-06-22T03:00:00+00:00,P-003,LATAM,stripe,true,200,159
2026-06-22T03:00:00+00:00,P-003,LATAM,stripe,true,200,480
2026-06-22T03:00:00+00:00,P-003,LATAM,stripe,true,200,332
2026-06-22T03:00:00+00:00,P-003,LATAM,stripe,true,200,397
2026-06-22T03:00:00+00:00,P-003,LATAM,stripe,true,200,197
2026-06-22T03:00:00+00:00,P-003,LATAM,stripe,true,200,421
2026-06-22T03:00:00+00:00,P-003,LATAM,stripe,true,200,219
2026-06-22T03:00:00+00:00,P-003,LATAM,braintree,true,200,285
2026-06-22T03:00:00+00:00,P-003,LATAM,braintree,true,200,131
2026-06-22T03:00:00+00:00,P-003,LATAM,braintree,true,200,354
2026-06-22T03:00:00+00:00,P-003,LATAM,braintree,true,200,255
2026-06-22T03:00:00+00:00,P-003,LATAM,braintree,false,avs_mismatch,1865
2026-06-22T03:00:00+00:00,P-003,LATAM,braintree,true,200,339
2026-06-22T03:00:00+00:00,P-003,LATAM,braintree,true,200,328
2026-06-22T04:00:00+00:00,P-001,EU,stripe,true,200,265
2026-06-22T04:00:00+00:00,P-001,EU,stripe,true,200,393
2026-06-22T04:00:00+00:00,P-001,EU,stripe,true,200,315
2026-06-22T04:00:00+00:00,P-001,EU,stripe,true,200,374
2026-06-22T04:00:00+00:00,P-001,EU,stripe,true,200,310
2026-06-22T04:00:00+00:00,P-001,EU,stripe,true,200,175
2026-06-22T04:00:00+00:00,P-001,EU,stripe,true,200,415
2026-06-22T04:00:00+00:00,P-001,EU,braintree,true,200,238
2026-06-22T04:00:00+00:00,P-001,EU,braintree,true,200,364
2026-06-22T04:00:00+00:00,P-001,EU,braintree,true,200,449
2026-06-22T04:00:00+00:00,P-002,APAC,stripe,true,200,442
2026-06-22T04:00:00+00:00,P-002,APAC,stripe,false,card_declined,2048
2026-06-22T04:00:00+00:00,P-002,APAC,stripe,true,200,370
2026-06-22T04:00:00+00:00,P-002,APAC,stripe,true,200,162
2026-06-22T04:00:00+00:00,P-002,APAC,stripe,true,200,435
2026-06-22T04:00:00+00:00,P-002,APAC,braintree,true,200,410
2026-06-22T04:00:00+00:00,P-002,APAC,braintree,true,200,150
2026-06-22T04:00:00+00:00,P-002,APAC,braintree,true,200,249
2026-06-22T04:00:00+00:00,P-002,APAC,braintree,true,200,292
2026-06-22T04:00:00+00:00,P-002,APAC,braintree,true,200,138
2026-06-22T04:00:00+00:00,P-002,APAC,braintree,true,200,409
2026-06-22T04:00:00+00:00,P-003,LATAM,stripe,true,200,122
2026-06-22T04:00:00+00:00,P-003,LATAM,stripe,true,200,227
2026-06-22T04:00:00+00:00,P-003,LATAM,stripe,true,200,370
2026-06-22T04:00:00+00:00,P-003,LATAM,stripe,true,200,280
2026-06-22T04:00:00+00:00,P-003,LATAM,stripe,false,card_declined,1559
2026-06-22T04:00:00+00:00,P-003,LATAM,stripe,true,200,367
2026-06-22T04:00:00+00:00,P-003,LATAM,stripe,true,200,161
2026-06-22T04:00:00+00:00,P-003,LATAM,braintree,true,200,159
2026-06-22T04:00:00+00:00,P-003,LATAM,braintree,true,200,126
2026-06-22T04:00:00+00:00,P-003,LATAM,braintree,true,200,182
2026-06-22T05:00:00+00:00,P-001,EU,stripe,true,200,178
2026-06-22T05:00:00+00:00,P-001,EU,stripe,true,200,337
2026-06-22T05:00:00+00:00,P-001,EU,stripe,true,200,440
2026-06-22T05:00:00+00:00,P-001,EU,stripe,true,200,369
2026-06-22T05:00:00+00:00,P-001,EU,braintree,true,200,400
2026-06-22T05:00:00+00:00,P-001,EU,braintree,true,200,124
2026-06-22T05:00:00+00:00,P-001,EU,braintree,true,200,342
2026-06-22T05:00:00+00:00,P-001,EU,braintree,false,avs_mismatch,2285
2026-06-22T05:00:00+00:00,P-002,APAC,stripe,true,200,434
2026-06-22T05:00:00+00:00,P-002,APAC,stripe,true,200,408
2026-06-22T05:00:00+00:00,P-002,APAC,stripe,true,200,192
2026-06-22T05:00:00+00:00,P-002,APAC,stripe,true,200,470
2026-06-22T05:00:00+00:00,P-002,APAC,stripe,true,200,434
2026-06-22T05:00:00+00:00,P-002,APAC,braintree,true,200,429
2026-06-22T05:00:00+00:00,P-002,APAC,braintree,true,200,356
2026-06-22T05:00:00+00:00,P-002,APAC,braintree,true,200,289
2026-06-22T05:00:00+00:00,P-002,APAC,braintree,true,200,189
2026-06-22T05:00:00+00:00,P-002,APAC,braintree,true,200,362
2026-06-22T05:00:00+00:00,P-002,APAC,braintree,true,200,333
2026-06-22T05:00:00+00:00,P-002,APAC,braintree,true,200,360
2026-06-22T05:00:00+00:00,P-002,APAC,braintree,true,200,122
2026-06-22T05:00:00+00:00,P-003,LATAM,stripe,true,200,222
2026-06-22T05:00:00+00:00,P-003,LATAM,stripe,true,200,395
2026-06-22T05:00:00+00:00,P-003,LATAM,stripe,true,200,168
2026-06-22T05:00:00+00:00,P-003,LATAM,stripe,true,200,359
2026-06-22T05:00:00+00:00,P-003,LATAM,stripe,true,200,154
2026-06-22T05:00:00+00:00,P-003,LATAM,braintree,true,200,235
2026-06-22T05:00:00+00:00,P-003,LATAM,braintree,true,200,127
2026-06-22T05:00:00+00:00,P-003,LATAM,braintree,true,200,260
2026-06-22T05:00:00+00:00,P-003,LATAM,braintree,true,200,338
2026-06-22T05:00:00+00:00,P-003,LATAM,braintree,true,200,276
2026-06-22T06:00:00+00:00,P-001,EU,stripe,true,200,326
2026-06-22T06:00:00+00:00,P-001,EU,stripe,true,200,407
2026-06-22T06:00:00+00:00,P-001,EU,stripe,true,200,457
2026-06-22T06:00:00+00:00,P-001,EU,stripe,true,200,423
2026-06-22T06:00:00+00:00,P-001,EU,stripe,true,200,230
2026-06-22T06:00:00+00:00,P-001,EU,braintree,true,200,408
2026-06-22T06:00:00+00:00,P-001,EU,braintree,true,200,387
2026-06-22T06:00:00+00:00,P-001,EU,braintree,true,200,316
2026-06-22T06:00:00+00:00,P-001,EU,braintree,true,200,423
2026-06-22T06:00:00+00:00,P-001,EU,braintree,true,200,435
2026-06-22T06:00:00+00:00,P-002,APAC,stripe,true,200,227
2026-06-22T06:00:00+00:00,P-002,APAC,stripe,true,200,238
2026-06-22T06:00:00+00:00,P-002,APAC,stripe,false,card_declined,2159
2026-06-22T06:00:00+00:00,P-002,APAC,stripe,true,200,204
2026-06-22T06:00:00+00:00,P-002,APAC,stripe,true,200,120
2026-06-22T06:00:00+00:00,P-002,APAC,stripe,true,200,146
2026-06-22T06:00:00+00:00,P-002,APAC,stripe,true,200,345
2026-06-22T06:00:00+00:00,P-002,APAC,stripe,true,200,361
2026-06-22T06:00:00+00:00,P-002,APAC,braintree,true,200,180
2026-06-22T06:00:00+00:00,P-002,APAC,braintree,true,200,321
2026-06-22T06:00:00+00:00,P-002,APAC,braintree,true,200,317
2026-06-22T06:00:00+00:00,P-002,APAC,braintree,true,200,301
2026-06-22T06:00:00+00:00,P-002,APAC,braintree,true,200,387
2026-06-22T06:00:00+00:00,P-003,LATAM,stripe,true,200,429
2026-06-22T06:00:00+00:00,P-003,LATAM,stripe,true,200,205
2026-06-22T06:00:00+00:00,P-003,LATAM,stripe,true,200,262
2026-06-22T06:00:00+00:00,P-003,LATAM,stripe,true,200,343
2026-06-22T06:00:00+00:00,P-003,LATAM,stripe,true,200,370
2026-06-22T06:00:00+00:00,P-003,LATAM,braintree,true,200,470
2026-06-22T06:00:00+00:00,P-003,LATAM,braintree,true,200,342
2026-06-22T06:00:00+00:00,P-003,LATAM,braintree,true,200,211
2026-06-22T06:00:00+00:00,P-003,LATAM,braintree,true,200,307
2026-06-22T06:00:00+00:00,P-003,LATAM,braintree,true,200,463
2026-06-22T06:00:00+00:00,P-003,LATAM,braintree,true,200,337
2026-06-22T06:00:00+00:00,P-003,LATAM,braintree,true,200,406
2026-06-22T06:00:00+00:00,P-003,LATAM,braintree,true,200,217
2026-06-22T07:00:00+00:00,P-001,EU,stripe,true,200,125
2026-06-22T07:00:00+00:00,P-001,EU,stripe,true,200,304
2026-06-22T07:00:00+00:00,P-001,EU,stripe,true,200,122
2026-06-22T07:00:00+00:00,P-001,EU,stripe,true,200,288
2026-06-22T07:00:00+00:00,P-001,EU,stripe,true,200,308
2026-06-22T07:00:00+00:00,P-001,EU,stripe,true,200,377
2026-06-22T07:00:00+00:00,P-001,EU,braintree,true,200,137
2026-06-22T07:00:00+00:00,P-001,EU,braintree,true,200,448
2026-06-22T07:00:00+00:00,P-001,EU,braintree,true,200,142
2026-06-22T07:00:00+00:00,P-002,APAC,stripe,true,200,260
2026-06-22T07:00:00+00:00,P-002,APAC,stripe,true,200,412
2026-06-22T07:00:00+00:00,P-002,APAC,stripe,true,200,361
2026-06-22T07:00:00+00:00,P-002,APAC,stripe,false,3ds_failed,1830
2026-06-22T07:00:00+00:00,P-002,APAC,stripe,true,200,362
2026-06-22T07:00:00+00:00,P-002,APAC,stripe,true,200,451
2026-06-22T07:00:00+00:00,P-002,APAC,stripe,true,200,173
2026-06-22T07:00:00+00:00,P-002,APAC,stripe,true,200,134
2026-06-22T07:00:00+00:00,P-002,APAC,braintree,true,200,198
2026-06-22T07:00:00+00:00,P-002,APAC,braintree,true,200,210
2026-06-22T07:00:00+00:00,P-002,APAC,braintree,true,200,187
2026-06-22T07:00:00+00:00,P-002,APAC,braintree,true,200,181
2026-06-22T07:00:00+00:00,P-002,APAC,braintree,true,200,446
2026-06-22T07:00:00+00:00,P-002,APAC,braintree,true,200,280
2026-06-22T07:00:00+00:00,P-002,APAC,braintree,true,200,398
2026-06-22T07:00:00+00:00,P-003,LATAM,stripe,false,card_declined,2241
2026-06-22T07:00:00+00:00,P-003,LATAM,stripe,true,200,128
2026-06-22T07:00:00+00:00,P-003,LATAM,stripe,true,200,464
2026-06-22T07:00:00+00:00,P-003,LATAM,stripe,true,200,282
2026-06-22T07:00:00+00:00,P-003,LATAM,stripe,true,200,206
2026-06-22T07:00:00+00:00,P-003,LATAM,braintree,true,200,307
2026-06-22T07:00:00+00:00,P-003,LATAM,braintree,true,200,460
2026-06-22T07:00:00+00:00,P-003,LATAM,braintree,true,200,461
2026-06-22T07:00:00+00:00,P-003,LATAM,braintree,true,200,153
2026-06-22T07:00:00+00:00,P-003,LATAM,braintree,true,200,376
2026-06-22T07:00:00+00:00,P-003,LATAM,braintree,true,200,256
2026-06-22T07:00:00+00:00,P-003,LATAM,braintree,true,200,347
2026-06-22T08:00:00+00:00,P-001,EU,stripe,true,200,221
2026-06-22T08:00:00+00:00,P-001,EU,stripe,true,200,329
2026-06-22T08:00:00+00:00,P-001,EU,stripe,true,200,121
2026-06-22T08:00:00+00:00,P-001,EU,braintree,true,200,299
2026-06-22T08:00:00+00:00,P-001,EU,braintree,true,200,358
2026-06-22T08:00:00+00:00,P-001,EU,braintree,true,200,476
2026-06-22T08:00:00+00:00,P-001,EU,braintree,true,200,357
2026-06-22T08:00:00+00:00,P-001,EU,braintree,true,200,166
2026-06-22T08:00:00+00:00,P-002,APAC,stripe,true,200,215
2026-06-22T08:00:00+00:00,P-002,APAC,stripe,true,200,440
2026-06-22T08:00:00+00:00,P-002,APAC,stripe,false,card_declined,921
2026-06-22T08:00:00+00:00,P-002,APAC,stripe,true,200,311
2026-06-22T08:00:00+00:00,P-002,APAC,braintree,true,200,246
2026-06-22T08:00:00+00:00,P-002,APAC,braintree,true,200,468
2026-06-22T08:00:00+00:00,P-002,APAC,braintree,true,200,217
2026-06-22T08:00:00+00:00,P-002,APAC,braintree,true,200,187
2026-06-22T08:00:00+00:00,P-002,APAC,braintree,true,200,314
2026-06-22T08:00:00+00:00,P-002,APAC,braintree,true,200,211
2026-06-22T08:00:00+00:00,P-003,LATAM,stripe,true,200,281
2026-06-22T08:00:00+00:00,P-003,LATAM,stripe,true,200,216
2026-06-22T08:00:00+00:00,P-003,LATAM,stripe,true,200,222
2026-06-22T08:00:00+00:00,P-003,LATAM,stripe,true,200,271
2026-06-22T08:00:00+00:00,P-003,LATAM,stripe,true,200,345
2026-06-22T08:00:00+00:00,P-003,LATAM,braintree,true,200,301
2026-06-22T08:00:00+00:00,P-003,LATAM,braintree,true,200,298
2026-06-22T08:00:00+00:00,P-003,LATAM,braintree,true,200,387
2026-06-22T08:00:00+00:00,P-003,LATAM,braintree,true,200,443
2026-06-22T08:00:00+00:00,P-003,LATAM,braintree,true,200,207
2026-06-22T09:00:00+00:00,P-001,EU,stripe,true,200,419
2026-06-22T09:00:00+00:00,P-001,EU,stripe,true,200,395
2026-06-22T09:00:00+00:00,P-001,EU,stripe,true,200,479
2026-06-22T09:00:00+00:00,P-001,EU,braintree,true,200,469
2026-06-22T09:00:00+00:00,P-001,EU,braintree,true,200,226
2026-06-22T09:00:00+00:00,P-001,EU,braintree,true,200,377
2026-06-22T09:00:00+00:00,P-001,EU,braintree,true,200,257
2026-06-22T09:00:00+00:00,P-001,EU,braintree,true,200,227
2026-06-22T09:00:00+00:00,P-001,EU,braintree,true,200,359
2026-06-22T09:00:00+00:00,P-002,APAC,stripe,true,200,179
2026-06-22T09:00:00+00:00,P-002,APAC,stripe,true,200,443
2026-06-22T09:00:00+00:00,P-002,APAC,stripe,true,200,191
2026-06-22T09:00:00+00:00,P-002,APAC,stripe,true,200,285
2026-06-22T09:00:00+00:00,P-002,APAC,stripe,true,200,313
2026-06-22T09:00:00+00:00,P-002,APAC,braintree,true,200,137
2026-06-22T09:00:00+00:00,P-002,APAC,braintree,true,200,173
2026-06-22T09:00:00+00:00,P-002,APAC,braintree,true,200,124
2026-06-22T09:00:00+00:00,P-002,APAC,braintree,true,200,363
2026-06-22T09:00:00+00:00,P-002,APAC,braintree,true,200,451
2026-06-22T09:00:00+00:00,P-002,APAC,braintree,true,200,215
2026-06-22T09:00:00+00:00,P-002,APAC,braintree,true,200,276
2026-06-22T09:00:00+00:00,P-002,APAC,braintree,true,200,399
2026-06-22T09:00:00+00:00,P-003,LATAM,stripe,true,200,344
2026-06-22T09:00:00+00:00,P-003,LATAM,stripe,true,200,353
2026-06-22T09:00:00+00:00,P-003,LATAM,stripe,true,200,475
2026-06-22T09:00:00+00:00,P-003,LATAM,stripe,true,200,324
2026-06-22T09:00:00+00:00,P-003,LATAM,braintree,true,200,249
2026-06-22T09:00:00+00:00,P-003,LATAM,braintree,true,200,427
2026-06-22T09:00:00+00:00,P-003,LATAM,braintree,true,200,467
2026-06-22T09:00:00+00:00,P-003,LATAM,braintree,true,200,140
2026-06-22T09:00:00+00:00,P-003,LATAM,braintree,false,processor_timeout,2462
2026-06-22T09:00:00+00:00,P-003,LATAM,braintree,false,avs_mismatch,1120
2026-06-22T10:00:00+00:00,P-001,EU,stripe,true,200,257
2026-06-22T10:00:00+00:00,P-001,EU,stripe,false,insufficient_funds,2114
2026-06-22T10:00:00+00:00,P-001,EU,stripe,true,200,382
2026-06-22T10:00:00+00:00,P-001,EU,stripe,true,200,273
2026-06-22T10:00:00+00:00,P-001,EU,stripe,true,200,477
2026-06-22T10:00:00+00:00,P-001,EU,stripe,true,200,221
2026-06-22T10:00:00+00:00,P-001,EU,braintree,true,200,186
2026-06-22T10:00:00+00:00,P-001,EU,braintree,true,200,147
2026-06-22T10:00:00+00:00,P-001,EU,braintree,false,gateway_unavailable,2468
2026-06-22T10:00:00+00:00,P-001,EU,braintree,true,200,297
2026-06-22T10:00:00+00:00,P-001,EU,braintree,true,200,204
2026-06-22T10:00:00+00:00,P-001,EU,braintree,true,200,457
2026-06-22T10:00:00+00:00,P-001,EU,braintree,true,200,208
2026-06-22T10:00:00+00:00,P-002,APAC,stripe,true,200,214
2026-06-22T10:00:00+00:00,P-002,APAC,stripe,true,200,224
2026-06-22T10:00:00+00:00,P-002,APAC,stripe,true,200,245
2026-06-22T10:00:00+00:00,P-002,APAC,stripe,true,200,404
2026-06-22T10:00:00+00:00,P-002,APAC,stripe,true,200,311
2026-06-22T10:00:00+00:00,P-002,APAC,braintree,true,200,296
2026-06-22T10:00:00+00:00,P-002,APAC,braintree,true,200,401
2026-06-22T10:00:00+00:00,P-002,APAC,braintree,true,200,477
2026-06-22T10:00:00+00:00,P-003,LATAM,stripe,true,200,462
2026-06-22T10:00:00+00:00,P-003,LATAM,stripe,true,200,357
2026-06-22T10:00:00+00:00,P-003,LATAM,stripe,true,200,169
2026-06-22T10:00:00+00:00,P-003,LATAM,stripe,true,200,282
2026-06-22T10:00:00+00:00,P-003,LATAM,braintree,true,200,287
2026-06-22T10:00:00+00:00,P-003,LATAM,braintree,true,200,465
2026-06-22T10:00:00+00:00,P-003,LATAM,braintree,true,200,337
2026-06-22T10:00:00+00:00,P-003,LATAM,braintree,true,200,393
2026-06-22T11:00:00+00:00,P-001,EU,stripe,true,200,462
2026-06-22T11:00:00+00:00,P-001,EU,stripe,true,200,420
2026-06-22T11:00:00+00:00,P-001,EU,stripe,true,200,431
2026-06-22T11:00:00+00:00,P-001,EU,braintree,true,200,308
2026-06-22T11:00:00+00:00,P-001,EU,braintree,true,200,376
2026-06-22T11:00:00+00:00,P-001,EU,braintree,true,200,432
2026-06-22T11:00:00+00:00,P-001,EU,braintree,true,200,323
2026-06-22T11:00:00+00:00,P-002,APAC,stripe,true,200,190
2026-06-22T11:00:00+00:00,P-002,APAC,stripe,true,200,142
2026-06-22T11:00:00+00:00,P-002,APAC,stripe,true,200,342
2026-06-22T11:00:00+00:00,P-002,APAC,braintree,true,200,454
2026-06-22T11:00:00+00:00,P-002,APAC,braintree,true,200,197
2026-06-22T11:00:00+00:00,P-002,APAC,braintree,true,200,318
2026-06-22T11:00:00+00:00,P-003,LATAM,stripe,true,200,137
2026-06-22T11:00:00+00:00,P-003,LATAM,stripe,true,200,335
2026-06-22T11:00:00+00:00,P-003,LATAM,stripe,true,200,323
2026-06-22T11:00:00+00:00,P-003,LATAM,stripe,true,200,174
2026-06-22T11:00:00+00:00,P-003,LATAM,stripe,true,200,162
2026-06-22T11:00:00+00:00,P-003,LATAM,stripe,true,200,171
2026-06-22T11:00:00+00:00,P-003,LATAM,stripe,true,200,327
2026-06-22T11:00:00+00:00,P-003,LATAM,stripe,true,200,126
2026-06-22T11:00:00+00:00,P-003,LATAM,braintree,true,200,414
2026-06-22T11:00:00+00:00,P-003,LATAM,braintree,true,200,471
2026-06-22T11:00:00+00:00,P-003,LATAM,braintree,true,200,368
2026-06-22T11:00:00+00:00,P-003,LATAM,braintree,true,200,463
2026-06-22T12:00:00+00:00,P-001,EU,stripe,true,200,147
2026-06-22T12:00:00+00:00,P-001,EU,stripe,true,200,252
2026-06-22T12:00:00+00:00,P-001,EU,stripe,true,200,179
2026-06-22T12:00:00+00:00,P-001,EU,stripe,true,200,350
2026-06-22T12:00:00+00:00,P-001,EU,stripe,true,200,362
2026-06-22T12:00:00+00:00,P-001,EU,stripe,true,200,393
2026-06-22T12:00:00+00:00,P-001,EU,braintree,true,200,211
2026-06-22T12:00:00+00:00,P-001,EU,braintree,false,avs_mismatch,2455
2026-06-22T12:00:00+00:00,P-001,EU,braintree,true,200,465
2026-06-22T12:00:00+00:00,P-001,EU,braintree,true,200,123
2026-06-22T12:00:00+00:00,P-001,EU,braintree,true,200,422
2026-06-22T12:00:00+00:00,P-002,APAC,stripe,true,200,434
2026-06-22T12:00:00+00:00,P-002,APAC,stripe,true,200,352
2026-06-22T12:00:00+00:00,P-002,APAC,stripe,true,200,357
2026-06-22T12:00:00+00:00,P-002,APAC,stripe,true,200,182
2026-06-22T12:00:00+00:00,P-002,APAC,stripe,true,200,355
2026-06-22T12:00:00+00:00,P-002,APAC,braintree,true,200,426
2026-06-22T12:00:00+00:00,P-002,APAC,braintree,true,200,249
2026-06-22T12:00:00+00:00,P-002,APAC,braintree,true,200,465
2026-06-22T12:00:00+00:00,P-002,APAC,braintree,true,200,132
2026-06-22T12:00:00+00:00,P-002,APAC,braintree,true,200,211
2026-06-22T12:00:00+00:00,P-003,LATAM,stripe,true,200,128
2026-06-22T12:00:00+00:00,P-003,LATAM,stripe,true,200,272
2026-06-22T12:00:00+00:00,P-003,LATAM,stripe,true,200,425
2026-06-22T12:00:00+00:00,P-003,LATAM,stripe,true,200,138
2026-06-22T12:00:00+00:00,P-003,LATAM,stripe,true,200,322
2026-06-22T12:00:00+00:00,P-003,LATAM,braintree,true,200,393
2026-06-22T12:00:00+00:00,P-003,LATAM,braintree,true,200,194
2026-06-22T12:00:00+00:00,P-003,LATAM,braintree,true,200,340
2026-06-22T12:00:00+00:00,P-003,LATAM,braintree,true,200,296
2026-06-22T13:00:00+00:00,P-001,EU,stripe,true,200,244
2026-06-22T13:00:00+00:00,P-001,EU,stripe,true,200,388
2026-06-22T13:00:00+00:00,P-001,EU,stripe,true,200,140
2026-06-22T13:00:00+00:00,P-001,EU,stripe,true,200,310
2026-06-22T13:00:00+00:00,P-001,EU,stripe,true,200,431
2026-06-22T13:00:00+00:00,P-001,EU,stripe,false,3ds_failed,1107
2026-06-22T13:00:00+00:00,P-001,EU,braintree,true,200,160
2026-06-22T13:00:00+00:00,P-001,EU,braintree,true,200,446
2026-06-22T13:00:00+00:00,P-001,EU,braintree,true,200,336
2026-06-22T13:00:00+00:00,P-001,EU,braintree,true,200,214
2026-06-22T13:00:00+00:00,P-001,EU,braintree,false,gateway_unavailable,2377
2026-06-22T13:00:00+00:00,P-001,EU,braintree,true,200,160
2026-06-22T13:00:00+00:00,P-002,APAC,stripe,false,card_declined,2069
2026-06-22T13:00:00+00:00,P-002,APAC,stripe,true,200,275
2026-06-22T13:00:00+00:00,P-002,APAC,stripe,true,200,396
2026-06-22T13:00:00+00:00,P-002,APAC,stripe,true,200,244
2026-06-22T13:00:00+00:00,P-002,APAC,stripe,true,200,145
2026-06-22T13:00:00+00:00,P-002,APAC,stripe,true,200,362
2026-06-22T13:00:00+00:00,P-002,APAC,braintree,true,200,343
2026-06-22T13:00:00+00:00,P-002,APAC,braintree,true,200,472
2026-06-22T13:00:00+00:00,P-002,APAC,braintree,true,200,261
2026-06-22T13:00:00+00:00,P-002,APAC,braintree,true,200,143
2026-06-22T13:00:00+00:00,P-003,LATAM,stripe,true,200,212
2026-06-22T13:00:00+00:00,P-003,LATAM,stripe,true,200,259
2026-06-22T13:00:00+00:00,P-003,LATAM,stripe,true,200,226
2026-06-22T13:00:00+00:00,P-003,LATAM,stripe,true,200,332
2026-06-22T13:00:00+00:00,P-003,LATAM,stripe,true,200,260
2026-06-22T13:00:00+00:00,P-003,LATAM,stripe,true,200,426
2026-06-22T13:00:00+00:00,P-003,LATAM,stripe,true,200,445
2026-06-22T13:00:00+00:00,P-003,LATAM,braintree,true,200,235
2026-06-22T13:00:00+00:00,P-003,LATAM,braintree,true,200,286
2026-06-22T13:00:00+00:00,P-003,LATAM,braintree,true,200,433
2026-06-22T13:00:00+00:00,P-003,LATAM,braintree,true,200,431
2026-06-22T13:00:00+00:00,P-003,LATAM,braintree,true,200,421
2026-06-22T14:00:00+00:00,P-001,EU,stripe,true,200,288
2026-06-22T14:00:00+00:00,P-001,EU,stripe,true,200,363
2026-06-22T14:00:00+00:00,P-001,EU,stripe,true,200,126
2026-06-22T14:00:00+00:00,P-001,EU,stripe,true,200,283
2026-06-22T14:00:00+00:00,P-001,EU,stripe,true,200,347
2026-06-22T14:00:00+00:00,P-001,EU,stripe,true,200,375
2026-06-22T14:00:00+00:00,P-001,EU,braintree,true,200,207
2026-06-22T14:00:00+00:00,P-001,EU,braintree,true,200,250
2026-06-22T14:00:00+00:00,P-001,EU,braintree,true,200,458
2026-06-22T14:00:00+00:00,P-001,EU,braintree,true,200,160
2026-06-22T14:00:00+00:00,P-002,APAC,stripe,true,200,296
2026-06-22T14:00:00+00:00,P-002,APAC,stripe,true,200,391
2026-06-22T14:00:00+00:00,P-002,APAC,stripe,true,200,269
2026-06-22T14:00:00+00:00,P-002,APAC,stripe,true,200,351
2026-06-22T14:00:00+00:00,P-002,APAC,stripe,true,200,135
2026-06-22T14:00:00+00:00,P-002,APAC,stripe,true,200,419
2026-06-22T14:00:00+00:00,P-002,APAC,stripe,true,200,300
2026-06-22T14:00:00+00:00,P-002,APAC,stripe,true,200,332
2026-06-22T14:00:00+00:00,P-002,APAC,braintree,true,200,265
2026-06-22T14:00:00+00:00,P-002,APAC,braintree,true,200,371
2026-06-22T14:00:00+00:00,P-002,APAC,braintree,false,gateway_unavailable,2000
2026-06-22T14:00:00+00:00,P-003,LATAM,stripe,true,200,183
2026-06-22T14:00:00+00:00,P-003,LATAM,stripe,true,200,231
2026-06-22T14:00:00+00:00,P-003,LATAM,stripe,true,200,176
2026-06-22T14:00:00+00:00,P-003,LATAM,stripe,true,200,211
2026-06-22T14:00:00+00:00,P-003,LATAM,braintree,true,200,325
2026-06-22T14:00:00+00:00,P-003,LATAM,braintree,true,200,300
2026-06-22T14:00:00+00:00,P-003,LATAM,braintree,true,200,334
2026-06-22T14:00:00+00:00,P-003,LATAM,braintree,true,200,262
2026-06-22T15:00:00+00:00,P-001,EU,stripe,true,200,442
2026-06-22T15:00:00+00:00,P-001,EU,stripe,true,200,471
2026-06-22T15:00:00+00:00,P-001,EU,stripe,false,3ds_failed,1550
2026-06-22T15:00:00+00:00,P-001,EU,stripe,true,200,392
2026-06-22T15:00:00+00:00,P-001,EU,stripe,true,200,326
2026-06-22T15:00:00+00:00,P-001,EU,braintree,true,200,266
2026-06-22T15:00:00+00:00,P-001,EU,braintree,true,200,350
2026-06-22T15:00:00+00:00,P-001,EU,braintree,true,200,210
2026-06-22T15:00:00+00:00,P-001,EU,braintree,true,200,121
2026-06-22T15:00:00+00:00,P-001,EU,braintree,true,200,291
2026-06-22T15:00:00+00:00,P-001,EU,braintree,true,200,455
2026-06-22T15:00:00+00:00,P-002,APAC,stripe,true,200,170
2026-06-22T15:00:00+00:00,P-002,APAC,stripe,true,200,454
2026-06-22T15:00:00+00:00,P-002,APAC,stripe,true,200,334
2026-06-22T15:00:00+00:00,P-002,APAC,stripe,true,200,445
2026-06-22T15:00:00+00:00,P-002,APAC,braintree,true,200,190
2026-06-22T15:00:00+00:00,P-002,APAC,braintree,true,200,377
2026-06-22T15:00:00+00:00,P-002,APAC,braintree,false,avs_mismatch,2068
2026-06-22T15:00:00+00:00,P-003,LATAM,stripe,true,200,131
2026-06-22T15:00:00+00:00,P-003,LATAM,stripe,true,200,247
2026-06-22T15:00:00+00:00,P-003,LATAM,stripe,true,200,440
2026-06-22T15:00:00+00:00,P-003,LATAM,stripe,true,200,166
2026-06-22T15:00:00+00:00,P-003,LATAM,stripe,false,card_declined,2421
2026-06-22T15:00:00+00:00,P-003,LATAM,stripe,true,200,454
2026-06-22T15:00:00+00:00,P-003,LATAM,stripe,true,200,381
2026-06-22T15:00:00+00:00,P-003,LATAM,stripe,true,200,202
2026-06-22T15:00:00+00:00,P-003,LATAM,braintree,true,200,242
2026-06-22T15:00:00+00:00,P-003,LATAM,braintree,true,200,222
2026-06-22T15:00:00+00:00,P-003,LATAM,braintree,true,200,270
2026-06-22T15:00:00+00:00,P-003,LATAM,braintree,true,200,135
2026-06-22T15:00:00+00:00,P-003,LATAM,braintree,true,200,356
2026-06-22T15:00:00+00:00,P-003,LATAM,braintree,true,200,470
2026-06-22T16:00:00+00:00,P-001,EU,stripe,true,200,243
2026-06-22T16:00:00+00:00,P-001,EU,stripe,true,200,356
2026-06-22T16:00:00+00:00,P-001,EU,stripe,true,200,176
2026-06-22T16:00:00+00:00,P-001,EU,stripe,true,200,289
2026-06-22T16:00:00+00:00,P-001,EU,stripe,true,200,201
2026-06-22T16:00:00+00:00,P-001,EU,stripe,true,200,155
2026-06-22T16:00:00+00:00,P-001,EU,stripe,true,200,136
2026-06-22T16:00:00+00:00,P-001,EU,braintree,true,200,386
2026-06-22T16:00:00+00:00,P-001,EU,braintree,false,gateway_unavailable,1044
2026-06-22T16:00:00+00:00,P-001,EU,braintree,true,200,253
2026-06-22T16:00:00+00:00,P-001,EU,braintree,true,200,395
2026-06-22T16:00:00+00:00,P-001,EU,braintree,true,200,430
2026-06-22T16:00:00+00:00,P-001,EU,braintree,true,200,393
2026-06-22T16:00:00+00:00,P-001,EU,braintree,true,200,344
2026-06-22T16:00:00+00:00,P-001,EU,braintree,true,200,150
2026-06-22T16:00:00+00:00,P-002,APAC,stripe,true,200,140
2026-06-22T16:00:00+00:00,P-002,APAC,stripe,true,200,381
2026-06-22T16:00:00+00:00,P-002,APAC,stripe,true,200,345
2026-06-22T16:00:00+00:00,P-002,APAC,stripe,true,200,183
2026-06-22T16:00:00+00:00,P-002,APAC,stripe,true,200,254
2026-06-22T16:00:00+00:00,P-002,APAC,braintree,true,200,177
2026-06-22T16:00:00+00:00,P-002,APAC,braintree,true,200,307
2026-06-22T16:00:00+00:00,P-002,APAC,braintree,true,200,293
2026-06-22T16:00:00+00:00,P-002,APAC,braintree,true,200,244
2026-06-22T16:00:00+00:00,P-002,APAC,braintree,true,200,227
2026-06-22T16:00:00+00:00,P-002,APAC,braintree,true,200,288
2026-06-22T16:00:00+00:00,P-002,APAC,braintree,true,200,157
2026-06-22T16:00:00+00:00,P-003,LATAM,stripe,true,200,371
2026-06-22T16:00:00+00:00,P-003,LATAM,stripe,true,200,253
2026-06-22T16:00:00+00:00,P-003,LATAM,stripe,true,200,472
2026-06-22T16:00:00+00:00,P-003,LATAM,stripe,true,200,350
2026-06-22T16:00:00+00:00,P-003,LATAM,stripe,true,200,410
2026-06-22T16:00:00+00:00,P-003,LATAM,stripe,true,200,138
2026-06-22T16:00:00+00:00,P-003,LATAM,braintree,true,200,267
2026-06-22T16:00:00+00:00,P-003,LATAM,braintree,true,200,309
2026-06-22T16:00:00+00:00,P-003,LATAM,braintree,true,200,269
2026-06-22T16:00:00+00:00,P-003,LATAM,braintree,true,200,201
2026-06-22T17:00:00+00:00,P-001,EU,stripe,true,200,363
2026-06-22T17:00:00+00:00,P-001,EU,stripe,true,200,464
2026-06-22T17:00:00+00:00,P-001,EU,stripe,true,200,475
2026-06-22T17:00:00+00:00,P-001,EU,stripe,true,200,431
2026-06-22T17:00:00+00:00,P-001,EU,stripe,true,200,316
2026-06-22T17:00:00+00:00,P-001,EU,stripe,true,200,236
2026-06-22T17:00:00+00:00,P-001,EU,stripe,true,200,228
2026-06-22T17:00:00+00:00,P-001,EU,braintree,true,200,419
2026-06-22T17:00:00+00:00,P-001,EU,braintree,true,200,306
2026-06-22T17:00:00+00:00,P-001,EU,braintree,true,200,384
2026-06-22T17:00:00+00:00,P-001,EU,braintree,true,200,436
2026-06-22T17:00:00+00:00,P-001,EU,braintree,true,200,296
2026-06-22T17:00:00+00:00,P-001,EU,braintree,true,200,420
2026-06-22T17:00:00+00:00,P-001,EU,braintree,true,200,280
2026-06-22T17:00:00+00:00,P-002,APAC,stripe,true,200,368
2026-06-22T17:00:00+00:00,P-002,APAC,stripe,true,200,388
2026-06-22T17:00:00+00:00,P-002,APAC,stripe,true,200,367
2026-06-22T17:00:00+00:00,P-002,APAC,stripe,true,200,127
2026-06-22T17:00:00+00:00,P-002,APAC,stripe,true,200,153
2026-06-22T17:00:00+00:00,P-002,APAC,stripe,true,200,278
2026-06-22T17:00:00+00:00,P-002,APAC,stripe,true,200,196
2026-06-22T17:00:00+00:00,P-002,APAC,braintree,true,200,181
2026-06-22T17:00:00+00:00,P-002,APAC,braintree,true,200,302
2026-06-22T17:00:00+00:00,P-002,APAC,braintree,true,200,411
2026-06-22T17:00:00+00:00,P-002,APAC,braintree,true,200,126
2026-06-22T17:00:00+00:00,P-002,APAC,braintree,true,200,388
2026-06-22T17:00:00+00:00,P-003,LATAM,stripe,true,200,306
2026-06-22T17:00:00+00:00,P-003,LATAM,stripe,true,200,324
2026-06-22T17:00:00+00:00,P-003,LATAM,stripe,true,200,288
2026-06-22T17:00:00+00:00,P-003,LATAM,stripe,true,200,258
2026-06-22T17:00:00+00:00,P-003,LATAM,braintree,false,avs_mismatch,2001
2026-06-22T17:00:00+00:00,P-003,LATAM,braintree,true,200,148
2026-06-22T17:00:00+00:00,P-003,LATAM,braintree,true,200,387
2026-06-22T17:00:00+00:00,P-003,LATAM,braintree,true,200,251
2026-06-22T17:00:00+00:00,P-003,LATAM,braintree,true,200,213
2026-06-22T17:00:00+00:00,P-003,LATAM,braintree,true,200,453
2026-06-22T17:00:00+00:00,P-003,LATAM,braintree,true,200,236
2026-06-22T18:00:00+00:00,P-001,EU,stripe,true,200,210
2026-06-22T18:00:00+00:00,P-001,EU,stripe,true,200,431
2026-06-22T18:00:00+00:00,P-001,EU,stripe,true,200,262
2026-06-22T18:00:00+00:00,P-001,EU,stripe,true,200,217
2026-06-22T18:00:00+00:00,P-001,EU,stripe,true,200,152
2026-06-22T18:00:00+00:00,P-001,EU,stripe,true,200,187
2026-06-22T18:00:00+00:00,P-001,EU,stripe,true,200,151
2026-06-22T18:00:00+00:00,P-001,EU,stripe,true,200,244
2026-06-22T18:00:00+00:00,P-001,EU,braintree,true,200,364
2026-06-22T18:00:00+00:00,P-001,EU,braintree,true,200,394
2026-06-22T18:00:00+00:00,P-001,EU,braintree,true,200,146
2026-06-22T18:00:00+00:00,P-001,EU,braintree,true,200,444
2026-06-22T18:00:00+00:00,P-001,EU,braintree,true,200,364
2026-06-22T18:00:00+00:00,P-001,EU,braintree,true,200,162
2026-06-22T18:00:00+00:00,P-001,EU,braintree,true,200,171
2026-06-22T18:00:00+00:00,P-002,APAC,stripe,true,200,426
2026-06-22T18:00:00+00:00,P-002,APAC,stripe,true,200,411
2026-06-22T18:00:00+00:00,P-002,APAC,stripe,true,200,340
2026-06-22T18:00:00+00:00,P-002,APAC,stripe,true,200,177
2026-06-22T18:00:00+00:00,P-002,APAC,stripe,true,200,346
2026-06-22T18:00:00+00:00,P-002,APAC,stripe,true,200,219
2026-06-22T18:00:00+00:00,P-002,APAC,stripe,true,200,445
2026-06-22T18:00:00+00:00,P-002,APAC,braintree,true,200,120
2026-06-22T18:00:00+00:00,P-002,APAC,braintree,true,200,328
2026-06-22T18:00:00+00:00,P-002,APAC,braintree,true,200,372
2026-06-22T18:00:00+00:00,P-002,APAC,braintree,true,200,288
2026-06-22T18:00:00+00:00,P-002,APAC,braintree,true,200,383
2026-06-22T18:00:00+00:00,P-002,APAC,braintree,true,200,450
2026-06-22T18:00:00+00:00,P-002,APAC,braintree,true,200,392
2026-06-22T18:00:00+00:00,P-003,LATAM,stripe,true,200,467
2026-06-22T18:00:00+00:00,P-003,LATAM,stripe,true,200,278
2026-06-22T18:00:00+00:00,P-003,LATAM,stripe,true,200,177
2026-06-22T18:00:00+00:00,P-003,LATAM,stripe,false,card_declined,1898
2026-06-22T18:00:00+00:00,P-003,LATAM,braintree,true,200,380
2026-06-22T18:00:00+00:00,P-003,LATAM,braintree,true,200,203
2026-06-22T18:00:00+00:00,P-003,LATAM,braintree,true,200,341
2026-06-22T19:00:00+00:00,P-001,EU,stripe,true,200,346
2026-06-22T19:00:00+00:00,P-001,EU,stripe,true,200,471
2026-06-22T19:00:00+00:00,P-001,EU,stripe,true,200,213
2026-06-22T19:00:00+00:00,P-001,EU,stripe,true,200,175
2026-06-22T19:00:00+00:00,P-001,EU,stripe,true,200,229
2026-06-22T19:00:00+00:00,P-001,EU,stripe,true,200,276
2026-06-22T19:00:00+00:00,P-001,EU,stripe,true,200,391
2026-06-22T19:00:00+00:00,P-001,EU,stripe,true,200,470
2026-06-22T19:00:00+00:00,P-001,EU,braintree,true,200,227
2026-06-22T19:00:00+00:00,P-001,EU,braintree,true,200,199
2026-06-22T19:00:00+00:00,P-001,EU,braintree,true,200,218
2026-06-22T19:00:00+00:00,P-001,EU,braintree,true,200,207
2026-06-22T19:00:00+00:00,P-001,EU,braintree,true,200,432
2026-06-22T19:00:00+00:00,P-002,APAC,stripe,true,200,384
2026-06-22T19:00:00+00:00,P-002,APAC,stripe,false,3ds_failed,2119
2026-06-22T19:00:00+00:00,P-002,APAC,stripe,true,200,257
2026-06-22T19:00:00+00:00,P-002,APAC,stripe,true,200,254
2026-06-22T19:00:00+00:00,P-002,APAC,stripe,true,200,275
2026-06-22T19:00:00+00:00,P-002,APAC,stripe,true,200,276
2026-06-22T19:00:00+00:00,P-002,APAC,stripe,true,200,301
2026-06-22T19:00:00+00:00,P-002,APAC,stripe,true,200,281
2026-06-22T19:00:00+00:00,P-002,APAC,braintree,true,200,408
2026-06-22T19:00:00+00:00,P-002,APAC,braintree,true,200,333
2026-06-22T19:00:00+00:00,P-002,APAC,braintree,true,200,326
2026-06-22T19:00:00+00:00,P-002,APAC,braintree,true,200,329
2026-06-22T19:00:00+00:00,P-002,APAC,braintree,true,200,191
2026-06-22T19:00:00+00:00,P-002,APAC,braintree,false,gateway_unavailable,939
2026-06-22T19:00:00+00:00,P-003,LATAM,stripe,true,200,458
2026-06-22T19:00:00+00:00,P-003,LATAM,stripe,true,200,270
2026-06-22T19:00:00+00:00,P-003,LATAM,stripe,true,200,132
2026-06-22T19:00:00+00:00,P-003,LATAM,stripe,true,200,315
2026-06-22T19:00:00+00:00,P-003,LATAM,stripe,true,200,406
2026-06-22T19:00:00+00:00,P-003,LATAM,stripe,true,200,230
2026-06-22T19:00:00+00:00,P-003,LATAM,stripe,true,200,345
2026-06-22T19:00:00+00:00,P-003,LATAM,stripe,true,200,174
2026-06-22T19:00:00+00:00,P-003,LATAM,braintree,true,200,286
2026-06-22T19:00:00+00:00,P-003,LATAM,braintree,true,200,423
2026-06-22T19:00:00+00:00,P-003,LATAM,braintree,true,200,143
2026-06-22T20:00:00+00:00,P-001,EU,stripe,true,200,369
2026-06-22T20:00:00+00:00,P-001,EU,stripe,true,200,430
2026-06-22T20:00:00+00:00,P-001,EU,stripe,true,200,150
2026-06-22T20:00:00+00:00,P-001,EU,stripe,true,200,447
2026-06-22T20:00:00+00:00,P-001,EU,stripe,true,200,395
2026-06-22T20:00:00+00:00,P-001,EU,stripe,true,200,265
2026-06-22T20:00:00+00:00,P-001,EU,stripe,true,200,188
2026-06-22T20:00:00+00:00,P-001,EU,stripe,true,200,157
2026-06-22T20:00:00+00:00,P-001,EU,braintree,false,avs_mismatch,1747
2026-06-22T20:00:00+00:00,P-001,EU,braintree,true,200,197
2026-06-22T20:00:00+00:00,P-001,EU,braintree,true,200,413
2026-06-22T20:00:00+00:00,P-001,EU,braintree,true,200,165
2026-06-22T20:00:00+00:00,P-001,EU,braintree,true,200,287
2026-06-22T20:00:00+00:00,P-002,APAC,stripe,true,200,458
2026-06-22T20:00:00+00:00,P-002,APAC,stripe,true,200,391
2026-06-22T20:00:00+00:00,P-002,APAC,stripe,true,200,473
2026-06-22T20:00:00+00:00,P-002,APAC,stripe,true,200,154
2026-06-22T20:00:00+00:00,P-002,APAC,stripe,true,200,478
2026-06-22T20:00:00+00:00,P-002,APAC,stripe,true,200,280
2026-06-22T20:00:00+00:00,P-002,APAC,stripe,false,insufficient_funds,2482
2026-06-22T20:00:00+00:00,P-002,APAC,braintree,true,200,229
2026-06-22T20:00:00+00:00,P-002,APAC,braintree,true,200,359
2026-06-22T20:00:00+00:00,P-002,APAC,braintree,true,200,305
2026-06-22T20:00:00+00:00,P-002,APAC,braintree,true,200,466
2026-06-22T20:00:00+00:00,P-002,APAC,braintree,false,gateway_unavailable,1422
2026-06-22T20:00:00+00:00,P-002,APAC,braintree,true,200,131
2026-06-22T20:00:00+00:00,P-003,LATAM,stripe,true,200,330
2026-06-22T20:00:00+00:00,P-003,LATAM,stripe,true,200,369
2026-06-22T20:00:00+00:00,P-003,LATAM,stripe,true,200,390
2026-06-22T20:00:00+00:00,P-003,LATAM,stripe,true,200,382
2026-06-22T20:00:00+00:00,P-003,LATAM,braintree,true,200,343
2026-06-22T20:00:00+00:00,P-003,LATAM,braintree,false,avs_mismatch,1569
2026-06-22T20:00:00+00:00,P-003,LATAM,braintree,true,200,371
2026-06-22T20:00:00+00:00,P-003,LATAM,braintree,true,200,290
2026-06-22T20:00:00+00:00,P-003,LATAM,braintree,true,200,158
2026-06-22T21:00:00+00:00,P-001,EU,stripe,true,200,405
2026-06-22T21:00:00+00:00,P-001,EU,stripe,true,200,392
2026-06-22T21:00:00+00:00,P-001,EU,stripe,true,200,382
2026-06-22T21:00:00+00:00,P-001,EU,stripe,true,200,164
2026-06-22T21:00:00+00:00,P-001,EU,stripe,true,200,359
2026-06-22T21:00:00+00:00,P-001,EU,stripe,true,200,217
2026-06-22T21:00:00+00:00,P-001,EU,stripe,true,200,470
2026-06-22T21:00:00+00:00,P-001,EU,braintree,true,200,358
2026-06-22T21:00:00+00:00,P-001,EU,braintree,true,200,197
2026-06-22T21:00:00+00:00,P-001,EU,braintree,true,200,157
2026-06-22T21:00:00+00:00,P-001,EU,braintree,true,200,414
2026-06-22T21:00:00+00:00,P-001,EU,braintree,true,200,390
2026-06-22T21:00:00+00:00,P-001,EU,braintree,true,200,341
2026-06-22T21:00:00+00:00,P-002,APAC,stripe,true,200,270
2026-06-22T21:00:00+00:00,P-002,APAC,stripe,true,200,319
2026-06-22T21:00:00+00:00,P-002,APAC,stripe,true,200,235
2026-06-22T21:00:00+00:00,P-002,APAC,braintree,true,200,252
2026-06-22T21:00:00+00:00,P-002,APAC,braintree,true,200,419
2026-06-22T21:00:00+00:00,P-002,APAC,braintree,true,200,287
2026-06-22T21:00:00+00:00,P-002,APAC,braintree,true,200,454
2026-06-22T21:00:00+00:00,P-002,APAC,braintree,true,200,414
2026-06-22T21:00:00+00:00,P-003,LATAM,stripe,true,200,415
2026-06-22T21:00:00+00:00,P-003,LATAM,stripe,true,200,195
2026-06-22T21:00:00+00:00,P-003,LATAM,stripe,true,200,212
2026-06-22T21:00:00+00:00,P-003,LATAM,stripe,true,200,393
2026-06-22T21:00:00+00:00,P-003,LATAM,stripe,true,200,140
2026-06-22T21:00:00+00:00,P-003,LATAM,braintree,true,200,155
2026-06-22T21:00:00+00:00,P-003,LATAM,braintree,true,200,281
2026-06-22T21:00:00+00:00,P-003,LATAM,braintree,true,200,456
2026-06-22T21:00:00+00:00,P-003,LATAM,braintree,true,200,275
2026-06-22T22:00:00+00:00,P-001,EU,stripe,true,200,258
2026-06-22T22:00:00+00:00,P-001,EU,stripe,true,200,231
2026-06-22T22:00:00+00:00,P-001,EU,stripe,true,200,133
2026-06-22T22:00:00+00:00,P-001,EU,stripe,true,200,345
2026-06-22T22:00:00+00:00,P-001,EU,braintree,true,200,312
2026-06-22T22:00:00+00:00,P-001,EU,braintree,true,200,226
2026-06-22T22:00:00+00:00,P-001,EU,braintree,true,200,348
2026-06-22T22:00:00+00:00,P-002,APAC,stripe,true,200,225
2026-06-22T22:00:00+00:00,P-002,APAC,stripe,true,200,422
2026-06-22T22:00:00+00:00,P-002,APAC,stripe,true,200,167
2026-06-22T22:00:00+00:00,P-002,APAC,stripe,false,3ds_failed,2084
2026-06-22T22:00:00+00:00,P-002,APAC,stripe,true,200,182
2026-06-22T22:00:00+00:00,P-002,APAC,stripe,true,200,227
2026-06-22T22:00:00+00:00,P-002,APAC,braintree,false,avs_mismatch,2138
2026-06-22T22:00:00+00:00,P-002,APAC,braintree,true,200,282
2026-06-22T22:00:00+00:00,P-002,APAC,braintree,true,200,227
2026-06-22T22:00:00+00:00,P-003,LATAM,stripe,true,200,304
2026-06-22T22:00:00+00:00,P-003,LATAM,stripe,true,200,380
2026-06-22T22:00:00+00:00,P-003,LATAM,stripe,true,200,353
2026-06-22T22:00:00+00:00,P-003,LATAM,braintree,true,200,335
2026-06-22T22:00:00+00:00,P-003,LATAM,braintree,true,200,171
2026-06-22T22:00:00+00:00,P-003,LATAM,braintree,true,200,278
2026-06-22T23:00:00+00:00,P-001,EU,stripe,true,200,453
2026-06-22T23:00:00+00:00,P-001,EU,stripe,true,200,479
2026-06-22T23:00:00+00:00,P-001,EU,stripe,true,200,449
2026-06-22T23:00:00+00:00,P-001,EU,braintree,true,200,128
2026-06-22T23:00:00+00:00,P-001,EU,braintree,false,gateway_unavailable,2394
2026-06-22T23:00:00+00:00,P-001,EU,braintree,true,200,285
2026-06-22T23:00:00+00:00,P-001,EU,braintree,true,200,247
2026-06-22T23:00:00+00:00,P-001,EU,braintree,true,200,124
2026-06-22T23:00:00+00:00,P-001,EU,braintree,true,200,199
2026-06-22T23:00:00+00:00,P-002,APAC,stripe,true,200,139
2026-06-22T23:00:00+00:00,P-002,APAC,stripe,true,200,227
2026-06-22T23:00:00+00:00,P-002,APAC,stripe,true,200,458
2026-06-22T23:00:00+00:00,P-002,APAC,stripe,true,200,436
2026-06-22T23:00:00+00:00,P-002,APAC,braintree,true,200,334
2026-06-22T23:00:00+00:00,P-002,APAC,braintree,true,200,385
2026-06-22T23:00:00+00:00,P-002,APAC,braintree,false,avs_mismatch,2269
2026-06-22T23:00:00+00:00,P-002,APAC,braintree,true,200,176
2026-06-22T23:00:00+00:00,P-002,APAC,braintree,true,200,135
2026-06-22T23:00:00+00:00,P-002,APAC,braintree,true,200,276
2026-06-22T23:00:00+00:00,P-003,LATAM,stripe,true,200,255
2026-06-22T23:00:00+00:00,P-003,LATAM,stripe,true,200,134
2026-06-22T23:00:00+00:00,P-003,LATAM,stripe,true,200,289
2026-06-22T23:00:00+00:00,P-003,LATAM,stripe,true,200,360
2026-06-22T23:00:00+00:00,P-003,LATAM,stripe,true,200,193
2026-06-22T23:00:00+00:00,P-003,LATAM,stripe,true,200,143
2026-06-22T23:00:00+00:00,P-003,LATAM,braintree,true,200,426
2026-06-22T23:00:00+00:00,P-003,LATAM,braintree,true,200,206
2026-06-22T23:00:00+00:00,P-003,LATAM,braintree,true,200,127
2026-06-22T23:00:00+00:00,P-003,LATAM,braintree,true,200,234
2026-06-22T23:00:00+00:00,P-003,LATAM,braintree,true,200,153
2026-06-22T23:00:00+00:00,P-003,LATAM,braintree,true,200,363
2026-06-22T23:00:00+00:00,P-003,LATAM,braintree,true,200,332
2026-06-23T00:00:00+00:00,P-001,EU,stripe,true,200,428
2026-06-23T00:00:00+00:00,P-001,EU,stripe,true,200,120
2026-06-23T00:00:00+00:00,P-001,EU,stripe,true,200,360
2026-06-23T00:00:00+00:00,P-001,EU,stripe,true,200,251
2026-06-23T00:00:00+00:00,P-001,EU,stripe,true,200,456
2026-06-23T00:00:00+00:00,P-001,EU,stripe,true,200,434
2026-06-23T00:00:00+00:00,P-001,EU,stripe,true,200,169
2026-06-23T00:00:00+00:00,P-001,EU,braintree,true,200,412
2026-06-23T00:00:00+00:00,P-001,EU,braintree,true,200,232
2026-06-23T00:00:00+00:00,P-001,EU,braintree,true,200,193
2026-06-23T00:00:00+00:00,P-001,EU,braintree,true,200,162
2026-06-23T00:00:00+00:00,P-001,EU,braintree,false,avs_mismatch,1727
2026-06-23T00:00:00+00:00,P-001,EU,braintree,true,200,434
2026-06-23T00:00:00+00:00,P-002,APAC,stripe,true,200,248
2026-06-23T00:00:00+00:00,P-002,APAC,stripe,true,200,457
2026-06-23T00:00:00+00:00,P-002,APAC,stripe,true,200,356
2026-06-23T00:00:00+00:00,P-002,APAC,braintree,true,200,384
2026-06-23T00:00:00+00:00,P-002,APAC,braintree,true,200,256
2026-06-23T00:00:00+00:00,P-002,APAC,braintree,true,200,187
2026-06-23T00:00:00+00:00,P-002,APAC,braintree,true,200,311
2026-06-23T00:00:00+00:00,P-002,APAC,braintree,true,200,416
2026-06-23T00:00:00+00:00,P-002,APAC,braintree,true,200,137
2026-06-23T00:00:00+00:00,P-002,APAC,braintree,true,200,317
2026-06-23T00:00:00+00:00,P-002,APAC,braintree,true,200,221
2026-06-23T00:00:00+00:00,P-003,LATAM,stripe,true,200,444
2026-06-23T00:00:00+00:00,P-003,LATAM,stripe,true,200,241
2026-06-23T00:00:00+00:00,P-003,LATAM,stripe,true,200,285
2026-06-23T00:00:00+00:00,P-003,LATAM,stripe,true,200,366
2026-06-23T00:00:00+00:00,P-003,LATAM,braintree,true,200,216
2026-06-23T00:00:00+00:00,P-003,LATAM,braintree,true,200,415
2026-06-23T00:00:00+00:00,P-003,LATAM,braintree,true,200,229
2026-06-23T00:00:00+00:00,P-003,LATAM,braintree,true,200,254
2026-06-23T00:00:00+00:00,P-003,LATAM,braintree,true,200,180
2026-06-23T00:00:00+00:00,P-003,LATAM,braintree,true,200,455
2026-06-23T01:00:00+00:00,P-001,EU,stripe,true,200,292
2026-06-23T01:00:00+00:00,P-001,EU,stripe,false,card_declined,1422
2026-06-23T01:00:00+00:00,P-001,EU,stripe,true,200,369
2026-06-23T01:00:00+00:00,P-001,EU,stripe,true,200,353
2026-06-23T01:00:00+00:00,P-001,EU,stripe,true,200,462
2026-06-23T01:00:00+00:00,P-001,EU,stripe,true,200,385
2026-06-23T01:00:00+00:00,P-001,EU,stripe,true,200,307
2026-06-23T01:00:00+00:00,P-001,EU,braintree,false,avs_mismatch,1158
2026-06-23T01:00:00+00:00,P-001,EU,braintree,true,200,354
2026-06-23T01:00:00+00:00,P-001,EU,braintree,false,processor_timeout,2027
2026-06-23T01:00:00+00:00,P-001,EU,braintree,false,processor_timeout,1611
2026-06-23T01:00:00+00:00,P-001,EU,braintree,true,200,343
2026-06-23T01:00:00+00:00,P-001,EU,braintree,false,processor_timeout,1933
2026-06-23T01:00:00+00:00,P-002,APAC,stripe,true,200,381
2026-06-23T01:00:00+00:00,P-002,APAC,stripe,true,200,468
2026-06-23T01:00:00+00:00,P-002,APAC,stripe,true,200,128
2026-06-23T01:00:00+00:00,P-002,APAC,stripe,true,200,301
2026-06-23T01:00:00+00:00,P-002,APAC,braintree,true,200,197
2026-06-23T01:00:00+00:00,P-002,APAC,braintree,true,200,391
2026-06-23T01:00:00+00:00,P-002,APAC,braintree,true,200,392
2026-06-23T01:00:00+00:00,P-002,APAC,braintree,true,200,237
2026-06-23T01:00:00+00:00,P-002,APAC,braintree,true,200,391
2026-06-23T01:00:00+00:00,P-002,APAC,braintree,true,200,201
2026-06-23T01:00:00+00:00,P-002,APAC,braintree,true,200,204
2026-06-23T01:00:00+00:00,P-003,LATAM,stripe,true,200,436
2026-06-23T01:00:00+00:00,P-003,LATAM,stripe,true,200,197
2026-06-23T01:00:00+00:00,P-003,LATAM,stripe,true,200,432
2026-06-23T01:00:00+00:00,P-003,LATAM,stripe,true,200,223
2026-06-23T01:00:00+00:00,P-003,LATAM,stripe,true,200,325
2026-06-23T01:00:00+00:00,P-003,LATAM,stripe,true,200,387
2026-06-23T01:00:00+00:00,P-003,LATAM,stripe,false,insufficient_funds,1858
2026-06-23T01:00:00+00:00,P-003,LATAM,stripe,true,200,273
2026-06-23T01:00:00+00:00,P-003,LATAM,braintree,true,200,404
2026-06-23T01:00:00+00:00,P-003,LATAM,braintree,true,200,226
2026-06-23T01:00:00+00:00,P-003,LATAM,braintree,true,200,433
2026-06-23T02:00:00+00:00,P-001,EU,stripe,false,card_declined,2446
2026-06-23T02:00:00+00:00,P-001,EU,stripe,true,200,193
2026-06-23T02:00:00+00:00,P-001,EU,stripe,true,200,202
2026-06-23T02:00:00+00:00,P-001,EU,stripe,true,200,244
2026-06-23T02:00:00+00:00,P-001,EU,stripe,true,200,201
2026-06-23T02:00:00+00:00,P-001,EU,stripe,true,200,320
2026-06-23T02:00:00+00:00,P-001,EU,stripe,true,200,247
2026-06-23T02:00:00+00:00,P-001,EU,braintree,true,200,261
2026-06-23T02:00:00+00:00,P-001,EU,braintree,true,200,325
2026-06-23T02:00:00+00:00,P-001,EU,braintree,true,200,419
2026-06-23T02:00:00+00:00,P-001,EU,braintree,false,processor_timeout,1321
2026-06-23T02:00:00+00:00,P-001,EU,braintree,true,200,464
2026-06-23T02:00:00+00:00,P-002,APAC,stripe,true,200,125
2026-06-23T02:00:00+00:00,P-002,APAC,stripe,true,200,386
2026-06-23T02:00:00+00:00,P-002,APAC,stripe,true,200,172
2026-06-23T02:00:00+00:00,P-002,APAC,stripe,true,200,426
2026-06-23T02:00:00+00:00,P-002,APAC,stripe,true,200,458
2026-06-23T02:00:00+00:00,P-002,APAC,braintree,true,200,183
2026-06-23T02:00:00+00:00,P-002,APAC,braintree,true,200,432
2026-06-23T02:00:00+00:00,P-002,APAC,braintree,true,200,156
2026-06-23T02:00:00+00:00,P-002,APAC,braintree,true,200,294
2026-06-23T02:00:00+00:00,P-002,APAC,braintree,true,200,140
2026-06-23T02:00:00+00:00,P-002,APAC,braintree,true,200,250
2026-06-23T02:00:00+00:00,P-003,LATAM,stripe,true,200,338
2026-06-23T02:00:00+00:00,P-003,LATAM,stripe,true,200,474
2026-06-23T02:00:00+00:00,P-003,LATAM,stripe,true,200,369
2026-06-23T02:00:00+00:00,P-003,LATAM,braintree,true,200,172
2026-06-23T02:00:00+00:00,P-003,LATAM,braintree,true,200,428
2026-06-23T02:00:00+00:00,P-003,LATAM,braintree,false,gateway_unavailable,1394
2026-06-23T02:00:00+00:00,P-003,LATAM,braintree,true,200,460
2026-06-23T02:00:00+00:00,P-003,LATAM,braintree,true,200,479
2026-06-23T03:00:00+00:00,P-001,EU,stripe,true,200,446
2026-06-23T03:00:00+00:00,P-001,EU,stripe,true,200,263
2026-06-23T03:00:00+00:00,P-001,EU,stripe,true,200,261
2026-06-23T03:00:00+00:00,P-001,EU,stripe,true,200,447
2026-06-23T03:00:00+00:00,P-001,EU,stripe,true,200,334
2026-06-23T03:00:00+00:00,P-001,EU,stripe,true,200,248
2026-06-23T03:00:00+00:00,P-001,EU,braintree,true,200,171
2026-06-23T03:00:00+00:00,P-001,EU,braintree,false,gateway_unavailable,1397
2026-06-23T03:00:00+00:00,P-001,EU,braintree,false,processor_timeout,2110
2026-06-23T03:00:00+00:00,P-001,EU,braintree,true,200,256
2026-06-23T03:00:00+00:00,P-001,EU,braintree,true,200,369
2026-06-23T03:00:00+00:00,P-002,APAC,stripe,true,200,409
2026-06-23T03:00:00+00:00,P-002,APAC,stripe,true,200,385
2026-06-23T03:00:00+00:00,P-002,APAC,stripe,true,200,461
2026-06-23T03:00:00+00:00,P-002,APAC,stripe,true,200,428
2026-06-23T03:00:00+00:00,P-002,APAC,stripe,true,200,449
2026-06-23T03:00:00+00:00,P-002,APAC,stripe,false,3ds_failed,1094
2026-06-23T03:00:00+00:00,P-002,APAC,stripe,true,200,242
2026-06-23T03:00:00+00:00,P-002,APAC,braintree,true,200,429
2026-06-23T03:00:00+00:00,P-002,APAC,braintree,true,200,321
2026-06-23T03:00:00+00:00,P-002,APAC,braintree,true,200,140
2026-06-23T03:00:00+00:00,P-002,APAC,braintree,true,200,345
2026-06-23T03:00:00+00:00,P-002,APAC,braintree,true,200,413
2026-06-23T03:00:00+00:00,P-003,LATAM,stripe,true,200,324
2026-06-23T03:00:00+00:00,P-003,LATAM,stripe,true,200,441
2026-06-23T03:00:00+00:00,P-003,LATAM,stripe,true,200,341
2026-06-23T03:00:00+00:00,P-003,LATAM,stripe,true,200,133
2026-06-23T03:00:00+00:00,P-003,LATAM,stripe,true,200,212
2026-06-23T03:00:00+00:00,P-003,LATAM,stripe,true,200,288
2026-06-23T03:00:00+00:00,P-003,LATAM,stripe,true,200,331
2026-06-23T03:00:00+00:00,P-003,LATAM,braintree,true,200,249
2026-06-23T03:00:00+00:00,P-003,LATAM,braintree,true,200,469
2026-06-23T03:00:00+00:00,P-003,LATAM,braintree,true,200,247
2026-06-23T04:00:00+00:00,P-001,EU,stripe,true,200,144
2026-06-23T04:00:00+00:00,P-001,EU,stripe,true,200,477
2026-06-23T04:00:00+00:00,P-001,EU,stripe,false,insufficient_funds,2474
2026-06-23T04:00:00+00:00,P-001,EU,stripe,true,200,227
2026-06-23T04:00:00+00:00,P-001,EU,stripe,true,200,400
2026-06-23T04:00:00+00:00,P-001,EU,braintree,true,200,325
2026-06-23T04:00:00+00:00,P-001,EU,braintree,false,processor_timeout,1923
2026-06-23T04:00:00+00:00,P-001,EU,braintree,false,gateway_unavailable,1620
2026-06-23T04:00:00+00:00,P-001,EU,braintree,false,avs_mismatch,1366
2026-06-23T04:00:00+00:00,P-001,EU,braintree,true,200,276
2026-06-23T04:00:00+00:00,P-001,EU,braintree,true,200,166
2026-06-23T04:00:00+00:00,P-001,EU,braintree,false,gateway_unavailable,2173
2026-06-23T04:00:00+00:00,P-001,EU,braintree,true,200,215
2026-06-23T04:00:00+00:00,P-002,APAC,stripe,true,200,368
2026-06-23T04:00:00+00:00,P-002,APAC,stripe,true,200,344
2026-06-23T04:00:00+00:00,P-002,APAC,stripe,true,200,201
2026-06-23T04:00:00+00:00,P-002,APAC,stripe,false,insufficient_funds,932
2026-06-23T04:00:00+00:00,P-002,APAC,stripe,true,200,417
2026-06-23T04:00:00+00:00,P-002,APAC,stripe,true,200,379
2026-06-23T04:00:00+00:00,P-002,APAC,braintree,true,200,271
2026-06-23T04:00:00+00:00,P-002,APAC,braintree,true,200,395
2026-06-23T04:00:00+00:00,P-002,APAC,braintree,true,200,436
2026-06-23T04:00:00+00:00,P-002,APAC,braintree,true,200,221
2026-06-23T04:00:00+00:00,P-002,APAC,braintree,true,200,426
2026-06-23T04:00:00+00:00,P-002,APAC,braintree,true,200,459
2026-06-23T04:00:00+00:00,P-002,APAC,braintree,true,200,254
2026-06-23T04:00:00+00:00,P-002,APAC,braintree,true,200,294
2026-06-23T04:00:00+00:00,P-003,LATAM,stripe,true,200,188
2026-06-23T04:00:00+00:00,P-003,LATAM,stripe,true,200,173
2026-06-23T04:00:00+00:00,P-003,LATAM,stripe,true,200,270
2026-06-23T04:00:00+00:00,P-003,LATAM,stripe,true,200,162
2026-06-23T04:00:00+00:00,P-003,LATAM,stripe,true,200,235
2026-06-23T04:00:00+00:00,P-003,LATAM,stripe,true,200,140
2026-06-23T04:00:00+00:00,P-003,LATAM,stripe,true,200,199
2026-06-23T04:00:00+00:00,P-003,LATAM,braintree,false,processor_timeout,1912
2026-06-23T04:00:00+00:00,P-003,LATAM,braintree,true,200,475
2026-06-23T04:00:00+00:00,P-003,LATAM,braintree,false,processor_timeout,1362
2026-06-23T04:00:00+00:00,P-003,LATAM,braintree,true,200,230
2026-06-23T04:00:00+00:00,P-003,LATAM,braintree,true,200,271
2026-06-23T04:00:00+00:00,P-003,LATAM,braintree,true,200,130
2026-06-23T04:00:00+00:00,P-003,LATAM,braintree,true,200,367
2026-06-23T04:00:00+00:00,P-003,LATAM,braintree,true,200,332
2026-06-23T05:00:00+00:00,P-001,EU,stripe,true,200,410
2026-06-23T05:00:00+00:00,P-001,EU,stripe,true,200,215
2026-06-23T05:00:00+00:00,P-001,EU,stripe,true,200,417
2026-06-23T05:00:00+00:00,P-001,EU,stripe,true,200,414
2026-06-23T05:00:00+00:00,P-001,EU,stripe,true,200,318
2026-06-23T05:00:00+00:00,P-001,EU,stripe,true,200,306
2026-06-23T05:00:00+00:00,P-001,EU,stripe,true,200,254
2026-06-23T05:00:00+00:00,P-001,EU,braintree,true,200,240
2026-06-23T05:00:00+00:00,P-001,EU,braintree,true,200,302
2026-06-23T05:00:00+00:00,P-001,EU,braintree,true,200,474
2026-06-23T05:00:00+00:00,P-001,EU,braintree,true,200,479
2026-06-23T05:00:00+00:00,P-001,EU,braintree,true,200,395
2026-06-23T05:00:00+00:00,P-001,EU,braintree,false,processor_timeout,1939
2026-06-23T05:00:00+00:00,P-002,APAC,stripe,true,200,280
2026-06-23T05:00:00+00:00,P-002,APAC,stripe,true,200,429
2026-06-23T05:00:00+00:00,P-002,APAC,stripe,true,200,298
2026-06-23T05:00:00+00:00,P-002,APAC,stripe,true,200,450
2026-06-23T05:00:00+00:00,P-002,APAC,stripe,false,card_declined,1852
2026-06-23T05:00:00+00:00,P-002,APAC,stripe,true,200,147
2026-06-23T05:00:00+00:00,P-002,APAC,stripe,true,200,344
2026-06-23T05:00:00+00:00,P-002,APAC,stripe,true,200,343
2026-06-23T05:00:00+00:00,P-002,APAC,braintree,false,processor_timeout,945
2026-06-23T05:00:00+00:00,P-002,APAC,braintree,true,200,406
2026-06-23T05:00:00+00:00,P-002,APAC,braintree,true,200,297
2026-06-23T05:00:00+00:00,P-003,LATAM,stripe,true,200,195
2026-06-23T05:00:00+00:00,P-003,LATAM,stripe,true,200,301
2026-06-23T05:00:00+00:00,P-003,LATAM,stripe,true,200,261
2026-06-23T05:00:00+00:00,P-003,LATAM,stripe,true,200,134
2026-06-23T05:00:00+00:00,P-003,LATAM,stripe,true,200,371
2026-06-23T05:00:00+00:00,P-003,LATAM,stripe,true,200,188
2026-06-23T05:00:00+00:00,P-003,LATAM,braintree,true,200,351
2026-06-23T05:00:00+00:00,P-003,LATAM,braintree,true,200,476
2026-06-23T05:00:00+00:00,P-003,LATAM,braintree,true,200,289
2026-06-23T05:00:00+00:00,P-003,LATAM,braintree,true,200,380
2026-06-23T05:00:00+00:00,P-003,LATAM,braintree,false,processor_timeout,2469
2026-06-23T05:00:00+00:00,P-003,LATAM,braintree,true,200,468
2026-06-23T06:00:00+00:00,P-001,EU,stripe,true,200,123
2026-06-23T06:00:00+00:00,P-001,EU,stripe,false,card_declined,2358
2026-06-23T06:00:00+00:00,P-001,EU,stripe,true,200,420
2026-06-23T06:00:00+00:00,P-001,EU,stripe,true,200,156
2026-06-23T06:00:00+00:00,P-001,EU,stripe,true,200,391
2026-06-23T06:00:00+00:00,P-001,EU,stripe,true,200,202
2026-06-23T06:00:00+00:00,P-001,EU,stripe,true,200,247
2026-06-23T06:00:00+00:00,P-001,EU,braintree,false,processor_timeout,1271
2026-06-23T06:00:00+00:00,P-001,EU,braintree,true,200,373
2026-06-23T06:00:00+00:00,P-001,EU,braintree,false,gateway_unavailable,1082
2026-06-23T06:00:00+00:00,P-001,EU,braintree,true,200,326
2026-06-23T06:00:00+00:00,P-001,EU,braintree,false,avs_mismatch,1693
2026-06-23T06:00:00+00:00,P-001,EU,braintree,false,gateway_unavailable,2326
2026-06-23T06:00:00+00:00,P-001,EU,braintree,true,200,295
2026-06-23T06:00:00+00:00,P-002,APAC,stripe,true,200,301
2026-06-23T06:00:00+00:00,P-002,APAC,stripe,true,200,340
2026-06-23T06:00:00+00:00,P-002,APAC,stripe,true,200,375
2026-06-23T06:00:00+00:00,P-002,APAC,stripe,true,200,253
2026-06-23T06:00:00+00:00,P-002,APAC,braintree,true,200,299
2026-06-23T06:00:00+00:00,P-002,APAC,braintree,false,avs_mismatch,1067
2026-06-23T06:00:00+00:00,P-002,APAC,braintree,true,200,168
2026-06-23T06:00:00+00:00,P-002,APAC,braintree,true,200,130
2026-06-23T06:00:00+00:00,P-002,APAC,braintree,true,200,151
2026-06-23T06:00:00+00:00,P-002,APAC,braintree,false,processor_timeout,2298
2026-06-23T06:00:00+00:00,P-003,LATAM,stripe,true,200,120
2026-06-23T06:00:00+00:00,P-003,LATAM,stripe,false,3ds_failed,925
2026-06-23T06:00:00+00:00,P-003,LATAM,stripe,true,200,316
2026-06-23T06:00:00+00:00,P-003,LATAM,stripe,true,200,410
2026-06-23T06:00:00+00:00,P-003,LATAM,stripe,true,200,155
2026-06-23T06:00:00+00:00,P-003,LATAM,braintree,true,200,437
2026-06-23T06:00:00+00:00,P-003,LATAM,braintree,true,200,394
2026-06-23T06:00:00+00:00,P-003,LATAM,braintree,true,200,296
2026-06-23T06:00:00+00:00,P-003,LATAM,braintree,true,200,469
2026-06-23T07:00:00+00:00,P-001,EU,stripe,true,200,413
2026-06-23T07:00:00+00:00,P-001,EU,stripe,true,200,345
2026-06-23T07:00:00+00:00,P-001,EU,stripe,true,200,210
2026-06-23T07:00:00+00:00,P-001,EU,stripe,true,200,347
2026-06-23T07:00:00+00:00,P-001,EU,braintree,false,avs_mismatch,1146
2026-06-23T07:00:00+00:00,P-001,EU,braintree,false,gateway_unavailable,1496
2026-06-23T07:00:00+00:00,P-001,EU,braintree,true,200,469
2026-06-23T07:00:00+00:00,P-002,APAC,stripe,true,200,205
2026-06-23T07:00:00+00:00,P-002,APAC,stripe,true,200,374
2026-06-23T07:00:00+00:00,P-002,APAC,stripe,true,200,199
2026-06-23T07:00:00+00:00,P-002,APAC,stripe,false,insufficient_funds,1831
2026-06-23T07:00:00+00:00,P-002,APAC,braintree,true,200,319
2026-06-23T07:00:00+00:00,P-002,APAC,braintree,true,200,179
2026-06-23T07:00:00+00:00,P-002,APAC,braintree,true,200,153
2026-06-23T07:00:00+00:00,P-002,APAC,braintree,true,200,307
2026-06-23T07:00:00+00:00,P-002,APAC,braintree,true,200,371
2026-06-23T07:00:00+00:00,P-002,APAC,braintree,true,200,326
2026-06-23T07:00:00+00:00,P-002,APAC,braintree,true,200,150
2026-06-23T07:00:00+00:00,P-002,APAC,braintree,true,200,365
2026-06-23T07:00:00+00:00,P-003,LATAM,stripe,true,200,422
2026-06-23T07:00:00+00:00,P-003,LATAM,stripe,true,200,386
2026-06-23T07:00:00+00:00,P-003,LATAM,stripe,true,200,455
2026-06-23T07:00:00+00:00,P-003,LATAM,stripe,true,200,389
2026-06-23T07:00:00+00:00,P-003,LATAM,stripe,true,200,479
2026-06-23T07:00:00+00:00,P-003,LATAM,stripe,true,200,321
2026-06-23T07:00:00+00:00,P-003,LATAM,stripe,true,200,449
2026-06-23T07:00:00+00:00,P-003,LATAM,stripe,true,200,284
2026-06-23T07:00:00+00:00,P-003,LATAM,braintree,true,200,221
2026-06-23T07:00:00+00:00,P-003,LATAM,braintree,true,200,440
2026-06-23T07:00:00+00:00,P-003,LATAM,braintree,true,200,342
2026-06-23T07:00:00+00:00,P-003,LATAM,braintree,true,200,371
2026-06-23T08:00:00+00:00,P-001,EU,stripe,true,200,284
2026-06-23T08:00:00+00:00,P-001,EU,stripe,true,200,432
2026-06-23T08:00:00+00:00,P-001,EU,stripe,true,200,374
2026-06-23T08:00:00+00:00,P-001,EU,braintree,false,avs_mismatch,1012
2026-06-23T08:00:00+00:00,P-001,EU,braintree,true,200,141
2026-06-23T08:00:00+00:00,P-001,EU,braintree,true,200,165
2026-06-23T08:00:00+00:00,P-001,EU,braintree,true,200,420
2026-06-23T08:00:00+00:00,P-001,EU,braintree,false,avs_mismatch,2011
2026-06-23T08:00:00+00:00,P-002,APAC,stripe,true,200,144
2026-06-23T08:00:00+00:00,P-002,APAC,stripe,true,200,144
2026-06-23T08:00:00+00:00,P-002,APAC,stripe,false,insufficient_funds,1285
2026-06-23T08:00:00+00:00,P-002,APAC,stripe,true,200,395
2026-06-23T08:00:00+00:00,P-002,APAC,braintree,true,200,470
2026-06-23T08:00:00+00:00,P-002,APAC,braintree,true,200,380
2026-06-23T08:00:00+00:00,P-002,APAC,braintree,true,200,211
2026-06-23T08:00:00+00:00,P-003,LATAM,stripe,true,200,477
2026-06-23T08:00:00+00:00,P-003,LATAM,stripe,true,200,229
2026-06-23T08:00:00+00:00,P-003,LATAM,stripe,true,200,215
2026-06-23T08:00:00+00:00,P-003,LATAM,stripe,true,200,283
2026-06-23T08:00:00+00:00,P-003,LATAM,stripe,true,200,224
2026-06-23T08:00:00+00:00,P-003,LATAM,stripe,true,200,412
2026-06-23T08:00:00+00:00,P-003,LATAM,stripe,true,200,127
2026-06-23T08:00:00+00:00,P-003,LATAM,braintree,true,200,225
2026-06-23T08:00:00+00:00,P-003,LATAM,braintree,true,200,179
2026-06-23T08:00:00+00:00,P-003,LATAM,braintree,true,200,122
2026-06-23T09:00:00+00:00,P-001,EU,stripe,true,200,289
2026-06-23T09:00:00+00:00,P-001,EU,stripe,false,insufficient_funds,1367
2026-06-23T09:00:00+00:00,P-001,EU,stripe,true,200,325
2026-06-23T09:00:00+00:00,P-001,EU,stripe,true,200,192
2026-06-23T09:00:00+00:00,P-001,EU,braintree,true,200,462
2026-06-23T09:00:00+00:00,P-001,EU,braintree,true,200,336
2026-06-23T09:00:00+00:00,P-001,EU,braintree,false,avs_mismatch,2182
2026-06-23T09:00:00+00:00,P-001,EU,braintree,true,200,454
2026-06-23T09:00:00+00:00,P-001,EU,braintree,false,gateway_unavailable,1738
2026-06-23T09:00:00+00:00,P-001,EU,braintree,false,gateway_unavailable,1747
2026-06-23T09:00:00+00:00,P-001,EU,braintree,true,200,217
2026-06-23T09:00:00+00:00,P-002,APAC,stripe,true,200,125
2026-06-23T09:00:00+00:00,P-002,APAC,stripe,true,200,322
2026-06-23T09:00:00+00:00,P-002,APAC,stripe,true,200,349
2026-06-23T09:00:00+00:00,P-002,APAC,stripe,true,200,473
2026-06-23T09:00:00+00:00,P-002,APAC,stripe,true,200,446
2026-06-23T09:00:00+00:00,P-002,APAC,stripe,true,200,201
2026-06-23T09:00:00+00:00,P-002,APAC,braintree,true,200,394
2026-06-23T09:00:00+00:00,P-002,APAC,braintree,true,200,251
2026-06-23T09:00:00+00:00,P-002,APAC,braintree,false,avs_mismatch,2323
2026-06-23T09:00:00+00:00,P-002,APAC,braintree,true,200,394
2026-06-23T09:00:00+00:00,P-002,APAC,braintree,true,200,411
2026-06-23T09:00:00+00:00,P-002,APAC,braintree,true,200,181
2026-06-23T09:00:00+00:00,P-003,LATAM,stripe,true,200,223
2026-06-23T09:00:00+00:00,P-003,LATAM,stripe,false,3ds_failed,1919
2026-06-23T09:00:00+00:00,P-003,LATAM,stripe,true,200,385
2026-06-23T09:00:00+00:00,P-003,LATAM,stripe,false,insufficient_funds,1880
2026-06-23T09:00:00+00:00,P-003,LATAM,stripe,true,200,237
2026-06-23T09:00:00+00:00,P-003,LATAM,stripe,true,200,318
2026-06-23T09:00:00+00:00,P-003,LATAM,braintree,true,200,475
2026-06-23T09:00:00+00:00,P-003,LATAM,braintree,true,200,243
2026-06-23T09:00:00+00:00,P-003,LATAM,braintree,true,200,309
2026-06-23T09:00:00+00:00,P-003,LATAM,braintree,true,200,193
2026-06-23T10:00:00+00:00,P-001,EU,stripe,true,200,141
2026-06-23T10:00:00+00:00,P-001,EU,stripe,true,200,377
2026-06-23T10:00:00+00:00,P-001,EU,stripe,true,200,216
2026-06-23T10:00:00+00:00,P-001,EU,stripe,true,200,282
2026-06-23T10:00:00+00:00,P-001,EU,stripe,true,200,127
2026-06-23T10:00:00+00:00,P-001,EU,stripe,true,200,294
2026-06-23T10:00:00+00:00,P-001,EU,braintree,false,gateway_unavailable,1846
2026-06-23T10:00:00+00:00,P-001,EU,braintree,true,200,449
2026-06-23T10:00:00+00:00,P-001,EU,braintree,true,200,314
2026-06-23T10:00:00+00:00,P-001,EU,braintree,true,200,269
2026-06-23T10:00:00+00:00,P-001,EU,braintree,true,200,235
2026-06-23T10:00:00+00:00,P-002,APAC,stripe,true,200,291
2026-06-23T10:00:00+00:00,P-002,APAC,stripe,true,200,344
2026-06-23T10:00:00+00:00,P-002,APAC,stripe,true,200,345
2026-06-23T10:00:00+00:00,P-002,APAC,stripe,true,200,245
2026-06-23T10:00:00+00:00,P-002,APAC,braintree,true,200,405
2026-06-23T10:00:00+00:00,P-002,APAC,braintree,true,200,400
2026-06-23T10:00:00+00:00,P-002,APAC,braintree,false,processor_timeout,1128
2026-06-23T10:00:00+00:00,P-002,APAC,braintree,true,200,329
2026-06-23T10:00:00+00:00,P-002,APAC,braintree,true,200,128
2026-06-23T10:00:00+00:00,P-002,APAC,braintree,true,200,206
2026-06-23T10:00:00+00:00,P-002,APAC,braintree,true,200,284
2026-06-23T10:00:00+00:00,P-003,LATAM,stripe,true,200,173
2026-06-23T10:00:00+00:00,P-003,LATAM,stripe,true,200,123
2026-06-23T10:00:00+00:00,P-003,LATAM,stripe,true,200,408
2026-06-23T10:00:00+00:00,P-003,LATAM,stripe,true,200,318
2026-06-23T10:00:00+00:00,P-003,LATAM,stripe,true,200,181
2026-06-23T10:00:00+00:00,P-003,LATAM,braintree,true,200,138
2026-06-23T10:00:00+00:00,P-003,LATAM,braintree,true,200,157
2026-06-23T10:00:00+00:00,P-003,LATAM,braintree,true,200,363
2026-06-23T10:00:00+00:00,P-003,LATAM,braintree,false,avs_mismatch,1690
2026-06-23T11:00:00+00:00,P-001,EU,stripe,true,200,318
2026-06-23T11:00:00+00:00,P-001,EU,stripe,true,200,241
2026-06-23T11:00:00+00:00,P-001,EU,stripe,true,200,433
2026-06-23T11:00:00+00:00,P-001,EU,stripe,true,200,445
2026-06-23T11:00:00+00:00,P-001,EU,stripe,true,200,198
2026-06-23T11:00:00+00:00,P-001,EU,braintree,true,200,304
2026-06-23T11:00:00+00:00,P-001,EU,braintree,true,200,266
2026-06-23T11:00:00+00:00,P-001,EU,braintree,false,processor_timeout,1695
2026-06-23T11:00:00+00:00,P-001,EU,braintree,false,processor_timeout,1653
2026-06-23T11:00:00+00:00,P-001,EU,braintree,false,gateway_unavailable,1514
2026-06-23T11:00:00+00:00,P-001,EU,braintree,true,200,355
2026-06-23T11:00:00+00:00,P-002,APAC,stripe,true,200,397
2026-06-23T11:00:00+00:00,P-002,APAC,stripe,true,200,325
2026-06-23T11:00:00+00:00,P-002,APAC,stripe,true,200,440
2026-06-23T11:00:00+00:00,P-002,APAC,stripe,true,200,327
2026-06-23T11:00:00+00:00,P-002,APAC,stripe,true,200,333
2026-06-23T11:00:00+00:00,P-002,APAC,stripe,true,200,351
2026-06-23T11:00:00+00:00,P-002,APAC,braintree,false,gateway_unavailable,1644
2026-06-23T11:00:00+00:00,P-002,APAC,braintree,true,200,460
2026-06-23T11:00:00+00:00,P-002,APAC,braintree,true,200,391
2026-06-23T11:00:00+00:00,P-002,APAC,braintree,true,200,231
2026-06-23T11:00:00+00:00,P-002,APAC,braintree,true,200,411
2026-06-23T11:00:00+00:00,P-002,APAC,braintree,true,200,457
2026-06-23T11:00:00+00:00,P-003,LATAM,stripe,true,200,357
2026-06-23T11:00:00+00:00,P-003,LATAM,stripe,true,200,329
2026-06-23T11:00:00+00:00,P-003,LATAM,stripe,true,200,277
2026-06-23T11:00:00+00:00,P-003,LATAM,stripe,true,200,192
2026-06-23T11:00:00+00:00,P-003,LATAM,stripe,true,200,397
2026-06-23T11:00:00+00:00,P-003,LATAM,stripe,true,200,273
2026-06-23T11:00:00+00:00,P-003,LATAM,stripe,true,200,439
2026-06-23T11:00:00+00:00,P-003,LATAM,braintree,true,200,231
2026-06-23T11:00:00+00:00,P-003,LATAM,braintree,true,200,200
2026-06-23T11:00:00+00:00,P-003,LATAM,braintree,true,200,384
2026-06-23T11:00:00+00:00,P-003,LATAM,braintree,true,200,346
2026-06-23T11:00:00+00:00,P-003,LATAM,braintree,true,200,225
2026-06-23T11:00:00+00:00,P-003,LATAM,braintree,true,200,461
2026-06-23T12:00:00+00:00,P-001,EU,stripe,true,200,468
2026-06-23T12:00:00+00:00,P-001,EU,stripe,true,200,199
2026-06-23T12:00:00+00:00,P-001,EU,stripe,true,200,414
2026-06-23T12:00:00+00:00,P-001,EU,stripe,true,200,221
2026-06-23T12:00:00+00:00,P-001,EU,braintree,true,200,359
2026-06-23T12:00:00+00:00,P-001,EU,braintree,true,200,186
2026-06-23T12:00:00+00:00,P-001,EU,braintree,false,gateway_unavailable,1547
2026-06-23T12:00:00+00:00,P-001,EU,braintree,false,avs_mismatch,1986
2026-06-23T12:00:00+00:00,P-002,APAC,stripe,true,200,138
2026-06-23T12:00:00+00:00,P-002,APAC,stripe,true,200,153
2026-06-23T12:00:00+00:00,P-002,APAC,stripe,true,200,124
2026-06-23T12:00:00+00:00,P-002,APAC,stripe,true,200,147
2026-06-23T12:00:00+00:00,P-002,APAC,stripe,true,200,166
2026-06-23T12:00:00+00:00,P-002,APAC,stripe,true,200,302
2026-06-23T12:00:00+00:00,P-002,APAC,stripe,true,200,197
2026-06-23T12:00:00+00:00,P-002,APAC,stripe,false,insufficient_funds,1035
2026-06-23T12:00:00+00:00,P-002,APAC,braintree,true,200,281
2026-06-23T12:00:00+00:00,P-002,APAC,braintree,true,200,348
2026-06-23T12:00:00+00:00,P-002,APAC,braintree,true,200,480
2026-06-23T12:00:00+00:00,P-002,APAC,braintree,true,200,275
2026-06-23T12:00:00+00:00,P-002,APAC,braintree,true,200,407
2026-06-23T12:00:00+00:00,P-003,LATAM,stripe,true,200,197
2026-06-23T12:00:00+00:00,P-003,LATAM,stripe,true,200,180
2026-06-23T12:00:00+00:00,P-003,LATAM,stripe,true,200,436
2026-06-23T12:00:00+00:00,P-003,LATAM,stripe,true,200,407
2026-06-23T12:00:00+00:00,P-003,LATAM,braintree,true,200,478
2026-06-23T12:00:00+00:00,P-003,LATAM,braintree,false,avs_mismatch,1410
2026-06-23T12:00:00+00:00,P-003,LATAM,braintree,false,avs_mismatch,1200
2026-06-23T12:00:00+00:00,P-003,LATAM,braintree,true,200,169
2026-06-23T12:00:00+00:00,P-003,LATAM,braintree,true,200,189
2026-06-23T12:00:00+00:00,P-003,LATAM,braintree,true,200,362
2026-06-23T12:00:00+00:00,P-003,LATAM,braintree,true,200,207
2026-06-23T13:00:00+00:00,P-001,EU,stripe,true,200,305
2026-06-23T13:00:00+00:00,P-001,EU,stripe,true,200,419
2026-06-23T13:00:00+00:00,P-001,EU,stripe,true,200,349
2026-06-23T13:00:00+00:00,P-001,EU,braintree,false,avs_mismatch,2060
2026-06-23T13:00:00+00:00,P-001,EU,braintree,true,200,293
2026-06-23T13:00:00+00:00,P-001,EU,braintree,false,gateway_unavailable,1041
2026-06-23T13:00:00+00:00,P-002,APAC,stripe,true,200,273
2026-06-23T13:00:00+00:00,P-002,APAC,stripe,true,200,196
2026-06-23T13:00:00+00:00,P-002,APAC,stripe,true,200,462
2026-06-23T13:00:00+00:00,P-002,APAC,stripe,true,200,444
2026-06-23T13:00:00+00:00,P-002,APAC,braintree,true,200,162
2026-06-23T13:00:00+00:00,P-002,APAC,braintree,true,200,373
2026-06-23T13:00:00+00:00,P-002,APAC,braintree,true,200,422
2026-06-23T13:00:00+00:00,P-002,APAC,braintree,true,200,206
2026-06-23T13:00:00+00:00,P-002,APAC,braintree,true,200,249
2026-06-23T13:00:00+00:00,P-003,LATAM,stripe,true,200,386
2026-06-23T13:00:00+00:00,P-003,LATAM,stripe,true,200,132
2026-06-23T13:00:00+00:00,P-003,LATAM,stripe,true,200,205
2026-06-23T13:00:00+00:00,P-003,LATAM,stripe,true,200,242
2026-06-23T13:00:00+00:00,P-003,LATAM,braintree,true,200,349
2026-06-23T13:00:00+00:00,P-003,LATAM,braintree,false,gateway_unavailable,982
2026-06-23T13:00:00+00:00,P-003,LATAM,braintree,true,200,456
2026-06-23T13:00:00+00:00,P-003,LATAM,braintree,true,200,161
2026-06-23T13:00:00+00:00,P-003,LATAM,braintree,true,200,136
2026-06-23T13:00:00+00:00,P-003,LATAM,braintree,true,200,439
2026-06-23T13:00:00+00:00,P-003,LATAM,braintree,true,200,413
2026-06-23T13:00:00+00:00,P-003,LATAM,braintree,true,200,314
2026-06-23T14:00:00+00:00,P-001,EU,stripe,true,200,314
2026-06-23T14:00:00+00:00,P-001,EU,stripe,true,200,475
2026-06-23T14:00:00+00:00,P-001,EU,stripe,true,200,476
2026-06-23T14:00:00+00:00,P-001,EU,stripe,true,200,307
2026-06-23T14:00:00+00:00,P-001,EU,braintree,false,gateway_unavailable,1733
2026-06-23T14:00:00+00:00,P-001,EU,braintree,false,processor_timeout,1609
2026-06-23T14:00:00+00:00,P-001,EU,braintree,false,avs_mismatch,1295
2026-06-23T14:00:00+00:00,P-001,EU,braintree,true,200,256
2026-06-23T14:00:00+00:00,P-001,EU,braintree,true,200,350
2026-06-23T14:00:00+00:00,P-001,EU,braintree,false,processor_timeout,2264
2026-06-23T14:00:00+00:00,P-001,EU,braintree,false,avs_mismatch,1132
2026-06-23T14:00:00+00:00,P-002,APAC,stripe,true,200,174
2026-06-23T14:00:00+00:00,P-002,APAC,stripe,true,200,210
2026-06-23T14:00:00+00:00,P-002,APAC,stripe,true,200,198
2026-06-23T14:00:00+00:00,P-002,APAC,braintree,true,200,164
2026-06-23T14:00:00+00:00,P-002,APAC,braintree,true,200,124
2026-06-23T14:00:00+00:00,P-002,APAC,braintree,true,200,294
2026-06-23T14:00:00+00:00,P-002,APAC,braintree,true,200,436
2026-06-23T14:00:00+00:00,P-002,APAC,braintree,true,200,418
2026-06-23T14:00:00+00:00,P-002,APAC,braintree,true,200,355
2026-06-23T14:00:00+00:00,P-002,APAC,braintree,true,200,289
2026-06-23T14:00:00+00:00,P-003,LATAM,stripe,true,200,182
2026-06-23T14:00:00+00:00,P-003,LATAM,stripe,true,200,191
2026-06-23T14:00:00+00:00,P-003,LATAM,stripe,true,200,161
2026-06-23T14:00:00+00:00,P-003,LATAM,stripe,true,200,166
2026-06-23T14:00:00+00:00,P-003,LATAM,stripe,true,200,471
2026-06-23T14:00:00+00:00,P-003,LATAM,stripe,true,200,145
2026-06-23T14:00:00+00:00,P-003,LATAM,stripe,true,200,318
2026-06-23T14:00:00+00:00,P-003,LATAM,stripe,true,200,391
2026-06-23T14:00:00+00:00,P-003,LATAM,braintree,true,200,221
2026-06-23T14:00:00+00:00,P-003,LATAM,braintree,true,200,373
2026-06-23T14:00:00+00:00,P-003,LATAM,braintree,true,200,215
2026-06-23T14:00:00+00:00,P-003,LATAM,braintree,true,200,466
2026-06-23T15:00:00+00:00,P-001,EU,stripe,true,200,151
2026-06-23T15:00:00+00:00,P-001,EU,stripe,true,200,379
2026-06-23T15:00:00+00:00,P-001,EU,stripe,true,200,210
2026-06-23T15:00:00+00:00,P-001,EU,stripe,false,insufficient_funds,1194
2026-06-23T15:00:00+00:00,P-001,EU,stripe,true,200,414
2026-06-23T15:00:00+00:00,P-001,EU,stripe,false,3ds_failed,1153
2026-06-23T15:00:00+00:00,P-001,EU,stripe,true,200,158
2026-06-23T15:00:00+00:00,P-001,EU,braintree,true,200,284
2026-06-23T15:00:00+00:00,P-001,EU,braintree,false,processor_timeout,1232
2026-06-23T15:00:00+00:00,P-001,EU,braintree,true,200,423
2026-06-23T15:00:00+00:00,P-001,EU,braintree,true,200,331
2026-06-23T15:00:00+00:00,P-002,APAC,stripe,true,200,231
2026-06-23T15:00:00+00:00,P-002,APAC,stripe,true,200,296
2026-06-23T15:00:00+00:00,P-002,APAC,stripe,true,200,391
2026-06-23T15:00:00+00:00,P-002,APAC,stripe,true,200,469
2026-06-23T15:00:00+00:00,P-002,APAC,stripe,true,200,202
2026-06-23T15:00:00+00:00,P-002,APAC,stripe,true,200,152
2026-06-23T15:00:00+00:00,P-002,APAC,stripe,true,200,150
2026-06-23T15:00:00+00:00,P-002,APAC,braintree,true,200,340
2026-06-23T15:00:00+00:00,P-002,APAC,braintree,true,200,348
2026-06-23T15:00:00+00:00,P-002,APAC,braintree,true,200,465
2026-06-23T15:00:00+00:00,P-002,APAC,braintree,true,200,421
2026-06-23T15:00:00+00:00,P-002,APAC,braintree,true,200,305
2026-06-23T15:00:00+00:00,P-002,APAC,braintree,true,200,430
2026-06-23T15:00:00+00:00,P-002,APAC,braintree,true,200,153
2026-06-23T15:00:00+00:00,P-003,LATAM,stripe,true,200,283
2026-06-23T15:00:00+00:00,P-003,LATAM,stripe,true,200,365
2026-06-23T15:00:00+00:00,P-003,LATAM,stripe,true,200,273
2026-06-23T15:00:00+00:00,P-003,LATAM,stripe,true,200,280
2026-06-23T15:00:00+00:00,P-003,LATAM,stripe,true,200,217
2026-06-23T15:00:00+00:00,P-003,LATAM,stripe,true,200,207
2026-06-23T15:00:00+00:00,P-003,LATAM,stripe,true,200,300
2026-06-23T15:00:00+00:00,P-003,LATAM,braintree,true,200,356
2026-06-23T15:00:00+00:00,P-003,LATAM,braintree,true,200,326
2026-06-23T15:00:00+00:00,P-003,LATAM,braintree,true,200,357
2026-06-23T15:00:00+00:00,P-003,LATAM,braintree,true,200,192
2026-06-23T15:00:00+00:00,P-003,LATAM,braintree,true,200,317
2026-06-23T15:00:00+00:00,P-003,LATAM,braintree,true,200,132
2026-06-23T16:00:00+00:00,P-001,EU,stripe,true,200,315
2026-06-23T16:00:00+00:00,P-001,EU,stripe,false,3ds_failed,1205
2026-06-23T16:00:00+00:00,P-001,EU,stripe,true,200,127
2026-06-23T16:00:00+00:00,P-001,EU,stripe,true,200,458
2026-06-23T16:00:00+00:00,P-001,EU,braintree,true,200,214
2026-06-23T16:00:00+00:00,P-001,EU,braintree,true,200,128
2026-06-23T16:00:00+00:00,P-001,EU,braintree,true,200,196
2026-06-23T16:00:00+00:00,P-001,EU,braintree,true,200,221
2026-06-23T16:00:00+00:00,P-002,APAC,stripe,true,200,201
2026-06-23T16:00:00+00:00,P-002,APAC,stripe,true,200,401
2026-06-23T16:00:00+00:00,P-002,APAC,stripe,true,200,217
2026-06-23T16:00:00+00:00,P-002,APAC,braintree,true,200,375
2026-06-23T16:00:00+00:00,P-002,APAC,braintree,true,200,201
2026-06-23T16:00:00+00:00,P-002,APAC,braintree,true,200,460
2026-06-23T16:00:00+00:00,P-002,APAC,braintree,true,200,174
2026-06-23T16:00:00+00:00,P-002,APAC,braintree,true,200,285
2026-06-23T16:00:00+00:00,P-002,APAC,braintree,true,200,431
2026-06-23T16:00:00+00:00,P-003,LATAM,stripe,true,200,385
2026-06-23T16:00:00+00:00,P-003,LATAM,stripe,true,200,230
2026-06-23T16:00:00+00:00,P-003,LATAM,stripe,true,200,126
2026-06-23T16:00:00+00:00,P-003,LATAM,stripe,false,3ds_failed,1224
2026-06-23T16:00:00+00:00,P-003,LATAM,stripe,true,200,279
2026-06-23T16:00:00+00:00,P-003,LATAM,braintree,true,200,433
2026-06-23T16:00:00+00:00,P-003,LATAM,braintree,true,200,186
2026-06-23T16:00:00+00:00,P-003,LATAM,braintree,true,200,294
2026-06-23T16:00:00+00:00,P-003,LATAM,braintree,true,200,472
2026-06-23T16:00:00+00:00,P-003,LATAM,braintree,true,200,309
2026-06-23T16:00:00+00:00,P-003,LATAM,braintree,true,200,362
2026-06-23T16:00:00+00:00,P-003,LATAM,braintree,true,200,348
2026-06-23T16:00:00+00:00,P-003,LATAM,braintree,true,200,246
2026-06-23T17:00:00+00:00,P-001,EU,stripe,true,200,472
2026-06-23T17:00:00+00:00,P-001,EU,stripe,true,200,280
2026-06-23T17:00:00+00:00,P-001,EU,stripe,true,200,363
2026-06-23T17:00:00+00:00,P-001,EU,stripe,true,200,404
2026-06-23T17:00:00+00:00,P-001,EU,braintree,false,gateway_unavailable,2330
2026-06-23T17:00:00+00:00,P-001,EU,braintree,true,200,185
2026-06-23T17:00:00+00:00,P-001,EU,braintree,false,avs_mismatch,2072
2026-06-23T17:00:00+00:00,P-001,EU,braintree,false,processor_timeout,2350
2026-06-23T17:00:00+00:00,P-001,EU,braintree,false,processor_timeout,1410
2026-06-23T17:00:00+00:00,P-002,APAC,stripe,true,200,129
2026-06-23T17:00:00+00:00,P-002,APAC,stripe,true,200,168
2026-06-23T17:00:00+00:00,P-002,APAC,stripe,true,200,195
2026-06-23T17:00:00+00:00,P-002,APAC,stripe,true,200,161
2026-06-23T17:00:00+00:00,P-002,APAC,stripe,true,200,356
2026-06-23T17:00:00+00:00,P-002,APAC,stripe,true,200,256
2026-06-23T17:00:00+00:00,P-002,APAC,braintree,true,200,218
2026-06-23T17:00:00+00:00,P-002,APAC,braintree,true,200,261
2026-06-23T17:00:00+00:00,P-002,APAC,braintree,true,200,306
2026-06-23T17:00:00+00:00,P-003,LATAM,stripe,true,200,234
2026-06-23T17:00:00+00:00,P-003,LATAM,stripe,true,200,287
2026-06-23T17:00:00+00:00,P-003,LATAM,stripe,true,200,437
2026-06-23T17:00:00+00:00,P-003,LATAM,braintree,true,200,259
2026-06-23T17:00:00+00:00,P-003,LATAM,braintree,false,gateway_unavailable,1543
2026-06-23T17:00:00+00:00,P-003,LATAM,braintree,true,200,394
2026-06-23T17:00:00+00:00,P-003,LATAM,braintree,true,200,450
2026-06-23T17:00:00+00:00,P-003,LATAM,braintree,true,200,425
2026-06-23T17:00:00+00:00,P-003,LATAM,braintree,true,200,271
2026-06-23T18:00:00+00:00,P-001,EU,stripe,true,200,219
2026-06-23T18:00:00+00:00,P-001,EU,stripe,true,200,378
2026-06-23T18:00:00+00:00,P-001,EU,stripe,true,200,312
2026-06-23T18:00:00+00:00,P-001,EU,stripe,true,200,125
2026-06-23T18:00:00+00:00,P-001,EU,stripe,true,200,224
2026-06-23T18:00:00+00:00,P-001,EU,stripe,true,200,132
2026-06-23T18:00:00+00:00,P-001,EU,stripe,true,200,449
2026-06-23T18:00:00+00:00,P-001,EU,stripe,true,200,160
2026-06-23T18:00:00+00:00,P-001,EU,braintree,true,200,195
2026-06-23T18:00:00+00:00,P-001,EU,braintree,true,200,315
2026-06-23T18:00:00+00:00,P-001,EU,braintree,false,avs_mismatch,1809
2026-06-23T18:00:00+00:00,P-001,EU,braintree,false,processor_timeout,1460
2026-06-23T18:00:00+00:00,P-001,EU,braintree,true,200,221
2026-06-23T18:00:00+00:00,P-002,APAC,stripe,true,200,265
2026-06-23T18:00:00+00:00,P-002,APAC,stripe,true,200,185
2026-06-23T18:00:00+00:00,P-002,APAC,stripe,true,200,128
2026-06-23T18:00:00+00:00,P-002,APAC,stripe,true,200,287
2026-06-23T18:00:00+00:00,P-002,APAC,stripe,true,200,308
2026-06-23T18:00:00+00:00,P-002,APAC,stripe,true,200,312
2026-06-23T18:00:00+00:00,P-002,APAC,stripe,true,200,441
2026-06-23T18:00:00+00:00,P-002,APAC,stripe,true,200,285
2026-06-23T18:00:00+00:00,P-002,APAC,braintree,true,200,433
2026-06-23T18:00:00+00:00,P-002,APAC,braintree,true,200,137
2026-06-23T18:00:00+00:00,P-002,APAC,braintree,true,200,285
2026-06-23T18:00:00+00:00,P-002,APAC,braintree,true,200,411
2026-06-23T18:00:00+00:00,P-002,APAC,braintree,true,200,381
2026-06-23T18:00:00+00:00,P-002,APAC,braintree,true,200,187
2026-06-23T18:00:00+00:00,P-003,LATAM,stripe,true,200,154
2026-06-23T18:00:00+00:00,P-003,LATAM,stripe,true,200,172
2026-06-23T18:00:00+00:00,P-003,LATAM,stripe,true,200,240
2026-06-23T18:00:00+00:00,P-003,LATAM,stripe,true,200,304
2026-06-23T18:00:00+00:00,P-003,LATAM,stripe,false,insufficient_funds,1066
2026-06-23T18:00:00+00:00,P-003,LATAM,stripe,true,200,155
2026-06-23T18:00:00+00:00,P-003,LATAM,braintree,true,200,151
2026-06-23T18:00:00+00:00,P-003,LATAM,braintree,true,200,448
2026-06-23T18:00:00+00:00,P-003,LATAM,braintree,true,200,475
2026-06-23T18:00:00+00:00,P-003,LATAM,braintree,true,200,165
2026-06-23T18:00:00+00:00,P-003,LATAM,braintree,true,200,349
2026-06-23T18:00:00+00:00,P-003,LATAM,braintree,true,200,253
2026-06-23T19:00:00+00:00,P-001,EU,stripe,true,200,450
2026-06-23T19:00:00+00:00,P-001,EU,stripe,true,200,132
2026-06-23T19:00:00+00:00,P-001,EU,stripe,true,200,477
2026-06-23T19:00:00+00:00,P-001,EU,stripe,true,200,141
2026-06-23T19:00:00+00:00,P-001,EU,braintree,true,200,239
2026-06-23T19:00:00+00:00,P-001,EU,braintree,false,processor_timeout,1925
2026-06-23T19:00:00+00:00,P-001,EU,braintree,true,200,318
2026-06-23T19:00:00+00:00,P-002,APAC,stripe,true,200,129
2026-06-23T19:00:00+00:00,P-002,APAC,stripe,true,200,268
2026-06-23T19:00:00+00:00,P-002,APAC,stripe,true,200,462
2026-06-23T19:00:00+00:00,P-002,APAC,stripe,true,200,332
2026-06-23T19:00:00+00:00,P-002,APAC,stripe,true,200,140
2026-06-23T19:00:00+00:00,P-002,APAC,stripe,true,200,138
2026-06-23T19:00:00+00:00,P-002,APAC,stripe,true,200,418
2026-06-23T19:00:00+00:00,P-002,APAC,stripe,true,200,298
2026-06-23T19:00:00+00:00,P-002,APAC,braintree,true,200,308
2026-06-23T19:00:00+00:00,P-002,APAC,braintree,true,200,204
2026-06-23T19:00:00+00:00,P-002,APAC,braintree,true,200,197
2026-06-23T19:00:00+00:00,P-002,APAC,braintree,true,200,441
2026-06-23T19:00:00+00:00,P-002,APAC,braintree,true,200,264
2026-06-23T19:00:00+00:00,P-002,APAC,braintree,true,200,311
2026-06-23T19:00:00+00:00,P-002,APAC,braintree,true,200,201
2026-06-23T19:00:00+00:00,P-002,APAC,braintree,true,200,431
2026-06-23T19:00:00+00:00,P-003,LATAM,stripe,true,200,287
2026-06-23T19:00:00+00:00,P-003,LATAM,stripe,true,200,321
2026-06-23T19:00:00+00:00,P-003,LATAM,stripe,true,200,266
2026-06-23T19:00:00+00:00,P-003,LATAM,stripe,true,200,348
2026-06-23T19:00:00+00:00,P-003,LATAM,stripe,true,200,453
2026-06-23T19:00:00+00:00,P-003,LATAM,braintree,true,200,327
2026-06-23T19:00:00+00:00,P-003,LATAM,braintree,true,200,177
2026-06-23T19:00:00+00:00,P-003,LATAM,braintree,true,200,174
2026-06-23T19:00:00+00:00,P-003,LATAM,braintree,true,200,225
2026-06-23T19:00:00+00:00,P-003,LATAM,braintree,true,200,411
2026-06-23T19:00:00+00:00,P-003,LATAM,braintree,true,200,272
2026-06-23T19:00:00+00:00,P-003,LATAM,braintree,true,200,465
2026-06-23T19:00:00+00:00,P-003,LATAM,braintree,true,200,423
2026-06-23T20:00:00+00:00,P-001,EU,stripe,true,200,147
2026-06-23T20:00:00+00:00,P-001,EU,stripe,true,200,237
2026-06-23T20:00:00+00:00,P-001,EU,stripe,true,200,249
2026-06-23T20:00:00+00:00,P-001,EU,stripe,true,200,132
2026-06-23T20:00:00+00:00,P-001,EU,stripe,true,200,230
2026-06-23T20:00:00+00:00,P-001,EU,braintree,false,processor_timeout,1923
2026-06-23T20:00:00+00:00,P-001,EU,braintree,false,gateway_unavailable,2374
2026-06-23T20:00:00+00:00,P-001,EU,braintree,true,200,320
2026-06-23T20:00:00+00:00,P-001,EU,braintree,false,processor_timeout,1906
2026-06-23T20:00:00+00:00,P-002,APAC,stripe,true,200,266
2026-06-23T20:00:00+00:00,P-002,APAC,stripe,true,200,461
2026-06-23T20:00:00+00:00,P-002,APAC,stripe,true,200,247
2026-06-23T20:00:00+00:00,P-002,APAC,stripe,true,200,174
2026-06-23T20:00:00+00:00,P-002,APAC,stripe,true,200,135
2026-06-23T20:00:00+00:00,P-002,APAC,stripe,true,200,125
2026-06-23T20:00:00+00:00,P-002,APAC,braintree,false,gateway_unavailable,1811
2026-06-23T20:00:00+00:00,P-002,APAC,braintree,true,200,410
2026-06-23T20:00:00+00:00,P-002,APAC,braintree,false,processor_timeout,1009
2026-06-23T20:00:00+00:00,P-002,APAC,braintree,true,200,450
2026-06-23T20:00:00+00:00,P-002,APAC,braintree,true,200,336
2026-06-23T20:00:00+00:00,P-003,LATAM,stripe,true,200,158
2026-06-23T20:00:00+00:00,P-003,LATAM,stripe,true,200,454
2026-06-23T20:00:00+00:00,P-003,LATAM,stripe,true,200,137
2026-06-23T20:00:00+00:00,P-003,LATAM,stripe,true,200,274
2026-06-23T20:00:00+00:00,P-003,LATAM,stripe,true,200,353
2026-06-23T20:00:00+00:00,P-003,LATAM,stripe,true,200,224
2026-06-23T20:00:00+00:00,P-003,LATAM,stripe,true,200,445
2026-06-23T20:00:00+00:00,P-003,LATAM,stripe,true,200,469
2026-06-23T20:00:00+00:00,P-003,LATAM,braintree,true,200,363
2026-06-23T20:00:00+00:00,P-003,LATAM,braintree,true,200,177
2026-06-23T20:00:00+00:00,P-003,LATAM,braintree,true,200,240
2026-06-23T21:00:00+00:00,P-001,EU,stripe,true,200,416
2026-06-23T21:00:00+00:00,P-001,EU,stripe,true,200,259
2026-06-23T21:00:00+00:00,P-001,EU,stripe,true,200,479
2026-06-23T21:00:00+00:00,P-001,EU,stripe,true,200,152
2026-06-23T21:00:00+00:00,P-001,EU,stripe,true,200,198
2026-06-23T21:00:00+00:00,P-001,EU,stripe,true,200,323
2026-06-23T21:00:00+00:00,P-001,EU,braintree,true,200,139
2026-06-23T21:00:00+00:00,P-001,EU,braintree,true,200,358
2026-06-23T21:00:00+00:00,P-001,EU,braintree,true,200,126
2026-06-23T21:00:00+00:00,P-001,EU,braintree,false,processor_timeout,2244
2026-06-23T21:00:00+00:00,P-001,EU,braintree,true,200,263
2026-06-23T21:00:00+00:00,P-001,EU,braintree,false,avs_mismatch,1881
2026-06-23T21:00:00+00:00,P-001,EU,braintree,true,200,256
2026-06-23T21:00:00+00:00,P-001,EU,braintree,true,200,259
2026-06-23T21:00:00+00:00,P-002,APAC,stripe,true,200,349
2026-06-23T21:00:00+00:00,P-002,APAC,stripe,true,200,452
2026-06-23T21:00:00+00:00,P-002,APAC,stripe,true,200,408
2026-06-23T21:00:00+00:00,P-002,APAC,stripe,true,200,342
2026-06-23T21:00:00+00:00,P-002,APAC,braintree,false,gateway_unavailable,1374
2026-06-23T21:00:00+00:00,P-002,APAC,braintree,true,200,144
2026-06-23T21:00:00+00:00,P-002,APAC,braintree,true,200,165
2026-06-23T21:00:00+00:00,P-002,APAC,braintree,true,200,353
2026-06-23T21:00:00+00:00,P-002,APAC,braintree,true,200,398
2026-06-23T21:00:00+00:00,P-002,APAC,braintree,true,200,457
2026-06-23T21:00:00+00:00,P-002,APAC,braintree,true,200,402
2026-06-23T21:00:00+00:00,P-003,LATAM,stripe,true,200,447
2026-06-23T21:00:00+00:00,P-003,LATAM,stripe,true,200,209
2026-06-23T21:00:00+00:00,P-003,LATAM,stripe,true,200,310
2026-06-23T21:00:00+00:00,P-003,LATAM,stripe,true,200,297
2026-06-23T21:00:00+00:00,P-003,LATAM,stripe,true,200,195
2026-06-23T21:00:00+00:00,P-003,LATAM,stripe,true,200,373
2026-06-23T21:00:00+00:00,P-003,LATAM,stripe,true,200,328
2026-06-23T21:00:00+00:00,P-003,LATAM,braintree,false,processor_timeout,2133
2026-06-23T21:00:00+00:00,P-003,LATAM,braintree,true,200,190
2026-06-23T21:00:00+00:00,P-003,LATAM,braintree,true,200,303
2026-06-23T21:00:00+00:00,P-003,LATAM,braintree,true,200,350
2026-06-23T21:00:00+00:00,P-003,LATAM,braintree,true,200,468
2026-06-23T22:00:00+00:00,P-001,EU,stripe,true,200,295
2026-06-23T22:00:00+00:00,P-001,EU,stripe,true,200,440
2026-06-23T22:00:00+00:00,P-001,EU,stripe,true,200,294
2026-06-23T22:00:00+00:00,P-001,EU,stripe,true,200,201
2026-06-23T22:00:00+00:00,P-001,EU,braintree,true,200,225
2026-06-23T22:00:00+00:00,P-001,EU,braintree,false,gateway_unavailable,1067
2026-06-23T22:00:00+00:00,P-001,EU,braintree,false,processor_timeout,1926
2026-06-23T22:00:00+00:00,P-001,EU,braintree,true,200,386
2026-06-23T22:00:00+00:00,P-001,EU,braintree,true,200,122
2026-06-23T22:00:00+00:00,P-001,EU,braintree,true,200,401
2026-06-23T22:00:00+00:00,P-001,EU,braintree,false,processor_timeout,2414
2026-06-23T22:00:00+00:00,P-002,APAC,stripe,true,200,291
2026-06-23T22:00:00+00:00,P-002,APAC,stripe,true,200,286
2026-06-23T22:00:00+00:00,P-002,APAC,stripe,true,200,311
2026-06-23T22:00:00+00:00,P-002,APAC,stripe,true,200,322
2026-06-23T22:00:00+00:00,P-002,APAC,braintree,true,200,321
2026-06-23T22:00:00+00:00,P-002,APAC,braintree,true,200,299
2026-06-23T22:00:00+00:00,P-002,APAC,braintree,true,200,472
2026-06-23T22:00:00+00:00,P-002,APAC,braintree,true,200,174
2026-06-23T22:00:00+00:00,P-002,APAC,braintree,true,200,449
2026-06-23T22:00:00+00:00,P-002,APAC,braintree,true,200,475
2026-06-23T22:00:00+00:00,P-002,APAC,braintree,true,200,216
2026-06-23T22:00:00+00:00,P-003,LATAM,stripe,true,200,378
2026-06-23T22:00:00+00:00,P-003,LATAM,stripe,true,200,373
2026-06-23T22:00:00+00:00,P-003,LATAM,stripe,true,200,156
2026-06-23T22:00:00+00:00,P-003,LATAM,stripe,true,200,276
2026-06-23T22:00:00+00:00,P-003,LATAM,stripe,true,200,327
2026-06-23T22:00:00+00:00,P-003,LATAM,stripe,true,200,227
2026-06-23T22:00:00+00:00,P-003,LATAM,stripe,true,200,169
2026-06-23T22:00:00+00:00,P-003,LATAM,stripe,false,card_declined,948
2026-06-23T22:00:00+00:00,P-003,LATAM,braintree,true,200,181
2026-06-23T22:00:00+00:00,P-003,LATAM,braintree,true,200,468
2026-06-23T22:00:00+00:00,P-003,LATAM,braintree,true,200,249
2026-06-23T23:00:00+00:00,P-001,EU,stripe,false,insufficient_funds,1632
2026-06-23T23:00:00+00:00,P-001,EU,stripe,true,200,125
2026-06-23T23:00:00+00:00,P-001,EU,stripe,true,200,273
2026-06-23T23:00:00+00:00,P-001,EU,stripe,true,200,311
2026-06-23T23:00:00+00:00,P-001,EU,stripe,true,200,339
2026-06-23T23:00:00+00:00,P-001,EU,stripe,true,200,364
2026-06-23T23:00:00+00:00,P-001,EU,braintree,false,processor_timeout,2290
2026-06-23T23:00:00+00:00,P-001,EU,braintree,true,200,136
2026-06-23T23:00:00+00:00,P-001,EU,braintree,true,200,299
2026-06-23T23:00:00+00:00,P-001,EU,braintree,true,200,478
2026-06-23T23:00:00+00:00,P-001,EU,braintree,true,200,316
2026-06-23T23:00:00+00:00,P-001,EU,braintree,false,processor_timeout,1765
2026-06-23T23:00:00+00:00,P-001,EU,braintree,false,avs_mismatch,1618
2026-06-23T23:00:00+00:00,P-001,EU,braintree,false,avs_mismatch,1904
2026-06-23T23:00:00+00:00,P-002,APAC,stripe,true,200,369
2026-06-23T23:00:00+00:00,P-002,APAC,stripe,true,200,164
2026-06-23T23:00:00+00:00,P-002,APAC,stripe,true,200,398
2026-06-23T23:00:00+00:00,P-002,APAC,braintree,true,200,443
2026-06-23T23:00:00+00:00,P-002,APAC,braintree,true,200,352
2026-06-23T23:00:00+00:00,P-002,APAC,braintree,true,200,292
2026-06-23T23:00:00+00:00,P-003,LATAM,stripe,true,200,360
2026-06-23T23:00:00+00:00,P-003,LATAM,stripe,true,200,278
2026-06-23T23:00:00+00:00,P-003,LATAM,stripe,true,200,480
2026-06-23T23:00:00+00:00,P-003,LATAM,stripe,true,200,230
2026-06-23T23:00:00+00:00,P-003,LATAM,braintree,true,200,125
2026-06-23T23:00:00+00:00,P-003,LATAM,braintree,true,200,423
2026-06-23T23:00:00+00:00,P-003,LATAM,braintree,true,200,134
2026-06-23T23:00:00+00:00,P-003,LATAM,braintree,false,gateway_unavailable,1041
2026-06-23T23:00:00+00:00,P-003,LATAM,braintree,true,200,357
2026-06-23T23:00:00+00:00,P-003,LATAM,braintree,true,200,409
2026-06-23T23:00:00+00:00,P-003,LATAM,braintree,true,200,394
2026-06-24T00:00:00+00:00,P-001,EU,stripe,true,200,249
2026-06-24T00:00:00+00:00,P-001,EU,stripe,true,200,477
2026-06-24T00:00:00+00:00,P-001,EU,stripe,true,200,209
2026-06-24T00:00:00+00:00,P-001,EU,stripe,true,200,270
2026-06-24T00:00:00+00:00,P-001,EU,stripe,true,200,140
2026-06-24T00:00:00+00:00,P-001,EU,stripe,true,200,289
2026-06-24T00:00:00+00:00,P-001,EU,stripe,true,200,471
2026-06-24T00:00:00+00:00,P-001,EU,stripe,true,200,159
2026-06-24T00:00:00+00:00,P-001,EU,braintree,true,200,247
2026-06-24T00:00:00+00:00,P-001,EU,braintree,true,200,454
2026-06-24T00:00:00+00:00,P-001,EU,braintree,false,gateway_unavailable,989
2026-06-24T00:00:00+00:00,P-001,EU,braintree,true,200,234
2026-06-24T00:00:00+00:00,P-002,APAC,stripe,true,200,418
2026-06-24T00:00:00+00:00,P-002,APAC,stripe,true,200,237
2026-06-24T00:00:00+00:00,P-002,APAC,stripe,true,200,478
2026-06-24T00:00:00+00:00,P-002,APAC,stripe,true,200,179
2026-06-24T00:00:00+00:00,P-002,APAC,stripe,true,200,191
2026-06-24T00:00:00+00:00,P-002,APAC,braintree,true,200,429
2026-06-24T00:00:00+00:00,P-002,APAC,braintree,true,200,344
2026-06-24T00:00:00+00:00,P-002,APAC,braintree,true,200,477
2026-06-24T00:00:00+00:00,P-002,APAC,braintree,true,200,388
2026-06-24T00:00:00+00:00,P-003,LATAM,stripe,true,200,398
2026-06-24T00:00:00+00:00,P-003,LATAM,stripe,true,200,362
2026-06-24T00:00:00+00:00,P-003,LATAM,stripe,true,200,343
2026-06-24T00:00:00+00:00,P-003,LATAM,stripe,true,200,336
2026-06-24T00:00:00+00:00,P-003,LATAM,stripe,true,200,164
2026-06-24T00:00:00+00:00,P-003,LATAM,stripe,true,200,460
2026-06-24T00:00:00+00:00,P-003,LATAM,stripe,true,200,325
2026-06-24T00:00:00+00:00,P-003,LATAM,stripe,true,200,244
2026-06-24T00:00:00+00:00,P-003,LATAM,braintree,true,200,202
2026-06-24T00:00:00+00:00,P-003,LATAM,braintree,true,200,215
2026-06-24T00:00:00+00:00,P-003,LATAM,braintree,true,200,348
2026-06-24T00:00:00+00:00,P-003,LATAM,braintree,true,200,399
2026-06-24T01:00:00+00:00,P-001,EU,stripe,true,200,364
2026-06-24T01:00:00+00:00,P-001,EU,stripe,true,200,456
2026-06-24T01:00:00+00:00,P-001,EU,stripe,true,200,331
2026-06-24T01:00:00+00:00,P-001,EU,stripe,true,200,140
2026-06-24T01:00:00+00:00,P-001,EU,stripe,true,200,195
2026-06-24T01:00:00+00:00,P-001,EU,braintree,true,200,479
2026-06-24T01:00:00+00:00,P-001,EU,braintree,true,200,310
2026-06-24T01:00:00+00:00,P-001,EU,braintree,true,200,126
2026-06-24T01:00:00+00:00,P-001,EU,braintree,true,200,460
2026-06-24T01:00:00+00:00,P-001,EU,braintree,true,200,391
2026-06-24T01:00:00+00:00,P-002,APAC,stripe,true,200,190
2026-06-24T01:00:00+00:00,P-002,APAC,stripe,true,200,244
2026-06-24T01:00:00+00:00,P-002,APAC,stripe,true,200,229
2026-06-24T01:00:00+00:00,P-002,APAC,braintree,true,200,364
2026-06-24T01:00:00+00:00,P-002,APAC,braintree,true,200,170
2026-06-24T01:00:00+00:00,P-002,APAC,braintree,true,200,403
2026-06-24T01:00:00+00:00,P-002,APAC,braintree,true,200,397
2026-06-24T01:00:00+00:00,P-003,LATAM,stripe,true,200,185
2026-06-24T01:00:00+00:00,P-003,LATAM,stripe,true,200,194
2026-06-24T01:00:00+00:00,P-003,LATAM,stripe,true,200,154
2026-06-24T01:00:00+00:00,P-003,LATAM,braintree,true,200,157
2026-06-24T01:00:00+00:00,P-003,LATAM,braintree,true,200,246
2026-06-24T01:00:00+00:00,P-003,LATAM,braintree,true,200,331
2026-06-24T01:00:00+00:00,P-003,LATAM,braintree,true,200,305
2026-06-24T01:00:00+00:00,P-003,LATAM,braintree,false,gateway_unavailable,1732
2026-06-24T01:00:00+00:00,P-003,LATAM,braintree,true,200,341
2026-06-24T02:00:00+00:00,P-001,EU,stripe,true,200,322
2026-06-24T02:00:00+00:00,P-001,EU,stripe,true,200,463
2026-06-24T02:00:00+00:00,P-001,EU,stripe,true,200,311
2026-06-24T02:00:00+00:00,P-001,EU,braintree,true,200,235
2026-06-24T02:00:00+00:00,P-001,EU,braintree,false,processor_timeout,1881
2026-06-24T02:00:00+00:00,P-001,EU,braintree,false,avs_mismatch,1732
2026-06-24T02:00:00+00:00,P-001,EU,braintree,false,avs_mismatch,1222
2026-06-24T02:00:00+00:00,P-001,EU,braintree,true,200,386
2026-06-24T02:00:00+00:00,P-001,EU,braintree,true,200,158
2026-06-24T02:00:00+00:00,P-002,APAC,stripe,true,200,333
2026-06-24T02:00:00+00:00,P-002,APAC,stripe,true,200,163
2026-06-24T02:00:00+00:00,P-002,APAC,stripe,true,200,194
2026-06-24T02:00:00+00:00,P-002,APAC,stripe,true,200,140
2026-06-24T02:00:00+00:00,P-002,APAC,stripe,true,200,321
2026-06-24T02:00:00+00:00,P-002,APAC,stripe,true,200,452
2026-06-24T02:00:00+00:00,P-002,APAC,braintree,true,200,394
2026-06-24T02:00:00+00:00,P-002,APAC,braintree,true,200,277
2026-06-24T02:00:00+00:00,P-002,APAC,braintree,true,200,360
2026-06-24T02:00:00+00:00,P-002,APAC,braintree,true,200,317
2026-06-24T02:00:00+00:00,P-002,APAC,braintree,true,200,472
2026-06-24T02:00:00+00:00,P-003,LATAM,stripe,true,200,469
2026-06-24T02:00:00+00:00,P-003,LATAM,stripe,true,200,458
2026-06-24T02:00:00+00:00,P-003,LATAM,stripe,true,200,190
2026-06-24T02:00:00+00:00,P-003,LATAM,stripe,true,200,166
2026-06-24T02:00:00+00:00,P-003,LATAM,stripe,true,200,295
2026-06-24T02:00:00+00:00,P-003,LATAM,stripe,true,200,435
2026-06-24T02:00:00+00:00,P-003,LATAM,stripe,true,200,248
2026-06-24T02:00:00+00:00,P-003,LATAM,braintree,true,200,258
2026-06-24T02:00:00+00:00,P-003,LATAM,braintree,true,200,424
2026-06-24T02:00:00+00:00,P-003,LATAM,braintree,true,200,280
2026-06-24T02:00:00+00:00,P-003,LATAM,braintree,true,200,285
2026-06-24T02:00:00+00:00,P-003,LATAM,braintree,true,200,409
2026-06-24T02:00:00+00:00,P-003,LATAM,braintree,true,200,276
2026-06-24T02:00:00+00:00,P-003,LATAM,braintree,true,200,291
2026-06-24T02:00:00+00:00,P-003,LATAM,braintree,true,200,330
2026-06-24T03:00:00+00:00,P-001,EU,stripe,true,200,337
2026-06-24T03:00:00+00:00,P-001,EU,stripe,true,200,216
2026-06-24T03:00:00+00:00,P-001,EU,stripe,true,200,191
2026-06-24T03:00:00+00:00,P-001,EU,stripe,true,200,472
2026-06-24T03:00:00+00:00,P-001,EU,stripe,true,200,471
2026-06-24T03:00:00+00:00,P-001,EU,braintree,true,200,397
2026-06-24T03:00:00+00:00,P-001,EU,braintree,false,processor_timeout,1847
2026-06-24T03:00:00+00:00,P-001,EU,braintree,false,processor_timeout,1140
2026-06-24T03:00:00+00:00,P-001,EU,braintree,false,gateway_unavailable,2207
2026-06-24T03:00:00+00:00,P-001,EU,braintree,true,200,426
2026-06-24T03:00:00+00:00,P-001,EU,braintree,false,gateway_unavailable,1274
2026-06-24T03:00:00+00:00,P-001,EU,braintree,false,gateway_unavailable,1667
2026-06-24T03:00:00+00:00,P-001,EU,braintree,true,200,367
2026-06-24T03:00:00+00:00,P-002,APAC,stripe,true,200,410
2026-06-24T03:00:00+00:00,P-002,APAC,stripe,true,200,294
2026-06-24T03:00:00+00:00,P-002,APAC,stripe,true,200,430
2026-06-24T03:00:00+00:00,P-002,APAC,stripe,true,200,183
2026-06-24T03:00:00+00:00,P-002,APAC,stripe,false,3ds_failed,1705
2026-06-24T03:00:00+00:00,P-002,APAC,stripe,true,200,216
2026-06-24T03:00:00+00:00,P-002,APAC,stripe,true,200,250
2026-06-24T03:00:00+00:00,P-002,APAC,stripe,true,200,352
2026-06-24T03:00:00+00:00,P-002,APAC,braintree,true,200,261
2026-06-24T03:00:00+00:00,P-002,APAC,braintree,true,200,335
2026-06-24T03:00:00+00:00,P-002,APAC,braintree,true,200,146
2026-06-24T03:00:00+00:00,P-002,APAC,braintree,false,avs_mismatch,1902
2026-06-24T03:00:00+00:00,P-002,APAC,braintree,true,200,363
2026-06-24T03:00:00+00:00,P-002,APAC,braintree,true,200,280
2026-06-24T03:00:00+00:00,P-002,APAC,braintree,true,200,212
2026-06-24T03:00:00+00:00,P-003,LATAM,stripe,true,200,147
2026-06-24T03:00:00+00:00,P-003,LATAM,stripe,true,200,155
2026-06-24T03:00:00+00:00,P-003,LATAM,stripe,true,200,400
2026-06-24T03:00:00+00:00,P-003,LATAM,braintree,true,200,169
2026-06-24T03:00:00+00:00,P-003,LATAM,braintree,true,200,471
2026-06-24T03:00:00+00:00,P-003,LATAM,braintree,true,200,140
2026-06-24T03:00:00+00:00,P-003,LATAM,braintree,true,200,410
2026-06-24T03:00:00+00:00,P-003,LATAM,braintree,true,200,177
2026-06-24T03:00:00+00:00,P-003,LATAM,braintree,true,200,439
2026-06-24T03:00:00+00:00,P-003,LATAM,braintree,true,200,265
2026-06-24T04:00:00+00:00,P-001,EU,stripe,true,200,232
2026-06-24T04:00:00+00:00,P-001,EU,stripe,true,200,412
2026-06-24T04:00:00+00:00,P-001,EU,stripe,true,200,402
2026-06-24T04:00:00+00:00,P-001,EU,stripe,true,200,241
2026-06-24T04:00:00+00:00,P-001,EU,stripe,true,200,403
2026-06-24T04:00:00+00:00,P-001,EU,stripe,true,200,232
2026-06-24T04:00:00+00:00,P-001,EU,braintree,false,gateway_unavailable,1316
2026-06-24T04:00:00+00:00,P-001,EU,braintree,true,200,128
2026-06-24T04:00:00+00:00,P-001,EU,braintree,false,processor_timeout,2069
2026-06-24T04:00:00+00:00,P-001,EU,braintree,false,gateway_unavailable,1895
2026-06-24T04:00:00+00:00,P-002,APAC,stripe,true,200,328
2026-06-24T04:00:00+00:00,P-002,APAC,stripe,true,200,355
2026-06-24T04:00:00+00:00,P-002,APAC,stripe,true,200,208
2026-06-24T04:00:00+00:00,P-002,APAC,braintree,true,200,121
2026-06-24T04:00:00+00:00,P-002,APAC,braintree,true,200,277
2026-06-24T04:00:00+00:00,P-002,APAC,braintree,true,200,427
2026-06-24T04:00:00+00:00,P-002,APAC,braintree,true,200,348
2026-06-24T04:00:00+00:00,P-003,LATAM,stripe,true,200,161
2026-06-24T04:00:00+00:00,P-003,LATAM,stripe,true,200,347
2026-06-24T04:00:00+00:00,P-003,LATAM,stripe,true,200,316
2026-06-24T04:00:00+00:00,P-003,LATAM,stripe,true,200,314
2026-06-24T04:00:00+00:00,P-003,LATAM,braintree,true,200,259
2026-06-24T04:00:00+00:00,P-003,LATAM,braintree,true,200,464
2026-06-24T04:00:00+00:00,P-003,LATAM,braintree,true,200,388
2026-06-24T05:00:00+00:00,P-001,EU,stripe,true,200,375
2026-06-24T05:00:00+00:00,P-001,EU,stripe,true,200,318
2026-06-24T05:00:00+00:00,P-001,EU,stripe,true,200,430
2026-06-24T05:00:00+00:00,P-001,EU,stripe,true,200,193
2026-06-24T05:00:00+00:00,P-001,EU,stripe,true,200,427
2026-06-24T05:00:00+00:00,P-001,EU,braintree,false,processor_timeout,1727
2026-06-24T05:00:00+00:00,P-001,EU,braintree,true,200,280
2026-06-24T05:00:00+00:00,P-001,EU,braintree,true,200,260
2026-06-24T05:00:00+00:00,P-001,EU,braintree,true,200,268
2026-06-24T05:00:00+00:00,P-001,EU,braintree,false,gateway_unavailable,2129
2026-06-24T05:00:00+00:00,P-001,EU,braintree,false,processor_timeout,2305
2026-06-24T05:00:00+00:00,P-001,EU,braintree,false,processor_timeout,2221
2026-06-24T05:00:00+00:00,P-001,EU,braintree,false,gateway_unavailable,2360
2026-06-24T05:00:00+00:00,P-002,APAC,stripe,true,200,296
2026-06-24T05:00:00+00:00,P-002,APAC,stripe,true,200,130
2026-06-24T05:00:00+00:00,P-002,APAC,stripe,true,200,348
2026-06-24T05:00:00+00:00,P-002,APAC,braintree,true,200,250
2026-06-24T05:00:00+00:00,P-002,APAC,braintree,true,200,257
2026-06-24T05:00:00+00:00,P-002,APAC,braintree,true,200,253
2026-06-24T05:00:00+00:00,P-002,APAC,braintree,true,200,206
2026-06-24T05:00:00+00:00,P-002,APAC,braintree,true,200,419
2026-06-24T05:00:00+00:00,P-002,APAC,braintree,true,200,426
2026-06-24T05:00:00+00:00,P-003,LATAM,stripe,true,200,138
2026-06-24T05:00:00+00:00,P-003,LATAM,stripe,false,insufficient_funds,998
2026-06-24T05:00:00+00:00,P-003,LATAM,stripe,true,200,166
2026-06-24T05:00:00+00:00,P-003,LATAM,stripe,true,200,201
2026-06-24T05:00:00+00:00,P-003,LATAM,stripe,true,200,476
2026-06-24T05:00:00+00:00,P-003,LATAM,stripe,true,200,248
2026-06-24T05:00:00+00:00,P-003,LATAM,stripe,true,200,250
2026-06-24T05:00:00+00:00,P-003,LATAM,braintree,true,200,192
2026-06-24T05:00:00+00:00,P-003,LATAM,braintree,true,200,262
2026-06-24T05:00:00+00:00,P-003,LATAM,braintree,true,200,215
2026-06-24T05:00:00+00:00,P-003,LATAM,braintree,true,200,279
2026-06-24T05:00:00+00:00,P-003,LATAM,braintree,true,200,154
2026-06-24T05:00:00+00:00,P-003,LATAM,braintree,true,200,167
2026-06-24T06:00:00+00:00,P-001,EU,stripe,true,200,455
2026-06-24T06:00:00+00:00,P-001,EU,stripe,true,200,210
2026-06-24T06:00:00+00:00,P-001,EU,stripe,true,200,360
2026-06-24T06:00:00+00:00,P-001,EU,stripe,true,200,205
2026-06-24T06:00:00+00:00,P-001,EU,stripe,true,200,220
2026-06-24T06:00:00+00:00,P-001,EU,stripe,true,200,159
2026-06-24T06:00:00+00:00,P-001,EU,stripe,true,200,171
2026-06-24T06:00:00+00:00,P-001,EU,braintree,false,processor_timeout,1993
2026-06-24T06:00:00+00:00,P-001,EU,braintree,true,200,356
2026-06-24T06:00:00+00:00,P-001,EU,braintree,false,gateway_unavailable,2381
2026-06-24T06:00:00+00:00,P-001,EU,braintree,true,200,393
2026-06-24T06:00:00+00:00,P-001,EU,braintree,false,processor_timeout,917
2026-06-24T06:00:00+00:00,P-002,APAC,stripe,true,200,259
2026-06-24T06:00:00+00:00,P-002,APAC,stripe,true,200,130
2026-06-24T06:00:00+00:00,P-002,APAC,stripe,true,200,149
2026-06-24T06:00:00+00:00,P-002,APAC,stripe,true,200,205
2026-06-24T06:00:00+00:00,P-002,APAC,stripe,true,200,199
2026-06-24T06:00:00+00:00,P-002,APAC,braintree,true,200,431
2026-06-24T06:00:00+00:00,P-002,APAC,braintree,true,200,413
2026-06-24T06:00:00+00:00,P-002,APAC,braintree,true,200,356
2026-06-24T06:00:00+00:00,P-002,APAC,braintree,true,200,209
2026-06-24T06:00:00+00:00,P-003,LATAM,stripe,true,200,247
2026-06-24T06:00:00+00:00,P-003,LATAM,stripe,true,200,430
2026-06-24T06:00:00+00:00,P-003,LATAM,stripe,true,200,154
2026-06-24T06:00:00+00:00,P-003,LATAM,stripe,false,card_declined,901
2026-06-24T06:00:00+00:00,P-003,LATAM,stripe,true,200,390
2026-06-24T06:00:00+00:00,P-003,LATAM,stripe,true,200,466
2026-06-24T06:00:00+00:00,P-003,LATAM,stripe,true,200,401
2026-06-24T06:00:00+00:00,P-003,LATAM,stripe,true,200,326
2026-06-24T06:00:00+00:00,P-003,LATAM,braintree,true,200,451
2026-06-24T06:00:00+00:00,P-003,LATAM,braintree,false,gateway_unavailable,2140
2026-06-24T06:00:00+00:00,P-003,LATAM,braintree,true,200,327
2026-06-24T06:00:00+00:00,P-003,LATAM,braintree,true,200,388
2026-06-24T06:00:00+00:00,P-003,LATAM,braintree,false,processor_timeout,1930
2026-06-24T06:00:00+00:00,P-003,LATAM,braintree,true,200,184
2026-06-24T06:00:00+00:00,P-003,LATAM,braintree,true,200,225
2026-06-24T07:00:00+00:00,P-001,EU,stripe,true,200,308
2026-06-24T07:00:00+00:00,P-001,EU,stripe,true,200,179
2026-06-24T07:00:00+00:00,P-001,EU,stripe,true,200,331
2026-06-24T07:00:00+00:00,P-001,EU,braintree,true,200,311
2026-06-24T07:00:00+00:00,P-001,EU,braintree,true,200,369
2026-06-24T07:00:00+00:00,P-001,EU,braintree,true,200,128
2026-06-24T07:00:00+00:00,P-001,EU,braintree,true,200,446
2026-06-24T07:00:00+00:00,P-001,EU,braintree,false,gateway_unavailable,2109
2026-06-24T07:00:00+00:00,P-001,EU,braintree,false,avs_mismatch,1186
2026-06-24T07:00:00+00:00,P-002,APAC,stripe,true,200,322
2026-06-24T07:00:00+00:00,P-002,APAC,stripe,true,200,128
2026-06-24T07:00:00+00:00,P-002,APAC,stripe,true,200,344
2026-06-24T07:00:00+00:00,P-002,APAC,stripe,true,200,324
2026-06-24T07:00:00+00:00,P-002,APAC,stripe,true,200,358
2026-06-24T07:00:00+00:00,P-002,APAC,stripe,true,200,224
2026-06-24T07:00:00+00:00,P-002,APAC,stripe,true,200,332
2026-06-24T07:00:00+00:00,P-002,APAC,stripe,false,card_declined,1198
2026-06-24T07:00:00+00:00,P-002,APAC,braintree,true,200,271
2026-06-24T07:00:00+00:00,P-002,APAC,braintree,true,200,299
2026-06-24T07:00:00+00:00,P-002,APAC,braintree,true,200,317
2026-06-24T07:00:00+00:00,P-002,APAC,braintree,true,200,341
2026-06-24T07:00:00+00:00,P-002,APAC,braintree,true,200,270
2026-06-24T07:00:00+00:00,P-002,APAC,braintree,true,200,382
2026-06-24T07:00:00+00:00,P-002,APAC,braintree,true,200,140
2026-06-24T07:00:00+00:00,P-002,APAC,braintree,false,gateway_unavailable,1038
2026-06-24T07:00:00+00:00,P-003,LATAM,stripe,true,200,278
2026-06-24T07:00:00+00:00,P-003,LATAM,stripe,true,200,204
2026-06-24T07:00:00+00:00,P-003,LATAM,stripe,true,200,171
2026-06-24T07:00:00+00:00,P-003,LATAM,stripe,true,200,407
2026-06-24T07:00:00+00:00,P-003,LATAM,stripe,true,200,132
2026-06-24T07:00:00+00:00,P-003,LATAM,braintree,true,200,386
2026-06-24T07:00:00+00:00,P-003,LATAM,braintree,true,200,349
2026-06-24T07:00:00+00:00,P-003,LATAM,braintree,true,200,433
2026-06-24T07:00:00+00:00,P-003,LATAM,braintree,true,200,438
2026-06-24T07:00:00+00:00,P-003,LATAM,braintree,true,200,308
2026-06-24T07:00:00+00:00,P-003,LATAM,braintree,true,200,384
2026-06-24T07:00:00+00:00,P-003,LATAM,braintree,true,200,344
2026-06-24T08:00:00+00:00,P-001,EU,stripe,true,200,383
2026-06-24T08:00:00+00:00,P-001,EU,stripe,true,200,400
2026-06-24T08:00:00+00:00,P-001,EU,stripe,true,200,409
2026-06-24T08:00:00+00:00,P-001,EU,stripe,true,200,198
2026-06-24T08:00:00+00:00,P-001,EU,stripe,true,200,313
2026-06-24T08:00:00+00:00,P-001,EU,stripe,true,200,345
2026-06-24T08:00:00+00:00,P-001,EU,braintree,false,gateway_unavailable,1194
2026-06-24T08:00:00+00:00,P-001,EU,braintree,true,200,220
2026-06-24T08:00:00+00:00,P-001,EU,braintree,true,200,316
2026-06-24T08:00:00+00:00,P-001,EU,braintree,true,200,232
2026-06-24T08:00:00+00:00,P-001,EU,braintree,true,200,275
2026-06-24T08:00:00+00:00,P-001,EU,braintree,true,200,188
2026-06-24T08:00:00+00:00,P-001,EU,braintree,true,200,411
2026-06-24T08:00:00+00:00,P-001,EU,braintree,true,200,197
2026-06-24T08:00:00+00:00,P-002,APAC,stripe,true,200,250
2026-06-24T08:00:00+00:00,P-002,APAC,stripe,false,card_declined,901
2026-06-24T08:00:00+00:00,P-002,APAC,stripe,false,card_declined,976
2026-06-24T08:00:00+00:00,P-002,APAC,stripe,true,200,367
2026-06-24T08:00:00+00:00,P-002,APAC,stripe,true,200,232
2026-06-24T08:00:00+00:00,P-002,APAC,stripe,true,200,204
2026-06-24T08:00:00+00:00,P-002,APAC,braintree,true,200,160
2026-06-24T08:00:00+00:00,P-002,APAC,braintree,true,200,295
2026-06-24T08:00:00+00:00,P-002,APAC,braintree,true,200,310
2026-06-24T08:00:00+00:00,P-002,APAC,braintree,true,200,252
2026-06-24T08:00:00+00:00,P-002,APAC,braintree,true,200,400
2026-06-24T08:00:00+00:00,P-002,APAC,braintree,true,200,289
2026-06-24T08:00:00+00:00,P-002,APAC,braintree,true,200,287
2026-06-24T08:00:00+00:00,P-002,APAC,braintree,true,200,461
2026-06-24T08:00:00+00:00,P-003,LATAM,stripe,true,200,421
2026-06-24T08:00:00+00:00,P-003,LATAM,stripe,true,200,262
2026-06-24T08:00:00+00:00,P-003,LATAM,stripe,true,200,245
2026-06-24T08:00:00+00:00,P-003,LATAM,stripe,true,200,131
2026-06-24T08:00:00+00:00,P-003,LATAM,stripe,true,200,259
2026-06-24T08:00:00+00:00,P-003,LATAM,stripe,true,200,380
2026-06-24T08:00:00+00:00,P-003,LATAM,stripe,true,200,327
2026-06-24T08:00:00+00:00,P-003,LATAM,stripe,true,200,422
2026-06-24T08:00:00+00:00,P-003,LATAM,braintree,true,200,251
2026-06-24T08:00:00+00:00,P-003,LATAM,braintree,true,200,195
2026-06-24T08:00:00+00:00,P-003,LATAM,braintree,true,200,232
2026-06-24T08:00:00+00:00,P-003,LATAM,braintree,true,200,247
2026-06-24T08:00:00+00:00,P-003,LATAM,braintree,true,200,198
2026-06-24T09:00:00+00:00,P-001,EU,stripe,true,200,378
2026-06-24T09:00:00+00:00,P-001,EU,stripe,true,200,324
2026-06-24T09:00:00+00:00,P-001,EU,stripe,true,200,289
2026-06-24T09:00:00+00:00,P-001,EU,braintree,true,200,203
2026-06-24T09:00:00+00:00,P-001,EU,braintree,false,avs_mismatch,1035
2026-06-24T09:00:00+00:00,P-001,EU,braintree,false,processor_timeout,1792
2026-06-24T09:00:00+00:00,P-001,EU,braintree,true,200,341
2026-06-24T09:00:00+00:00,P-001,EU,braintree,true,200,362
2026-06-24T09:00:00+00:00,P-002,APAC,stripe,true,200,309
2026-06-24T09:00:00+00:00,P-002,APAC,stripe,true,200,240
2026-06-24T09:00:00+00:00,P-002,APAC,stripe,true,200,371
2026-06-24T09:00:00+00:00,P-002,APAC,braintree,true,200,327
2026-06-24T09:00:00+00:00,P-002,APAC,braintree,true,200,240
2026-06-24T09:00:00+00:00,P-002,APAC,braintree,true,200,432
2026-06-24T09:00:00+00:00,P-002,APAC,braintree,true,200,292
2026-06-24T09:00:00+00:00,P-002,APAC,braintree,true,200,287
2026-06-24T09:00:00+00:00,P-002,APAC,braintree,true,200,162
2026-06-24T09:00:00+00:00,P-003,LATAM,stripe,true,200,124
2026-06-24T09:00:00+00:00,P-003,LATAM,stripe,true,200,339
2026-06-24T09:00:00+00:00,P-003,LATAM,stripe,true,200,167
2026-06-24T09:00:00+00:00,P-003,LATAM,braintree,true,200,146
2026-06-24T09:00:00+00:00,P-003,LATAM,braintree,true,200,210
2026-06-24T09:00:00+00:00,P-003,LATAM,braintree,true,200,269
2026-06-24T09:00:00+00:00,P-003,LATAM,braintree,false,gateway_unavailable,2290
2026-06-24T09:00:00+00:00,P-003,LATAM,braintree,true,200,478
2026-06-24T09:00:00+00:00,P-003,LATAM,braintree,true,200,412
2026-06-24T09:00:00+00:00,P-003,LATAM,braintree,true,200,204
2026-06-24T09:00:00+00:00,P-003,LATAM,braintree,true,200,289
2026-06-24T10:00:00+00:00,P-001,EU,stripe,true,200,418
2026-06-24T10:00:00+00:00,P-001,EU,stripe,true,200,140
2026-06-24T10:00:00+00:00,P-001,EU,stripe,true,200,218
2026-06-24T10:00:00+00:00,P-001,EU,braintree,false,gateway_unavailable,1120
2026-06-24T10:00:00+00:00,P-001,EU,braintree,true,200,269
2026-06-24T10:00:00+00:00,P-001,EU,braintree,false,avs_mismatch,1046
2026-06-24T10:00:00+00:00,P-001,EU,braintree,false,gateway_unavailable,1183
2026-06-24T10:00:00+00:00,P-002,APAC,stripe,true,200,253
2026-06-24T10:00:00+00:00,P-002,APAC,stripe,true,200,478
2026-06-24T10:00:00+00:00,P-002,APAC,stripe,true,200,374
2026-06-24T10:00:00+00:00,P-002,APAC,braintree,true,200,265
2026-06-24T10:00:00+00:00,P-002,APAC,braintree,true,200,293
2026-06-24T10:00:00+00:00,P-002,APAC,braintree,true,200,475
2026-06-24T10:00:00+00:00,P-002,APAC,braintree,true,200,351
2026-06-24T10:00:00+00:00,P-002,APAC,braintree,true,200,380
2026-06-24T10:00:00+00:00,P-002,APAC,braintree,true,200,454
2026-06-24T10:00:00+00:00,P-002,APAC,braintree,true,200,325
2026-06-24T10:00:00+00:00,P-003,LATAM,stripe,true,200,240
2026-06-24T10:00:00+00:00,P-003,LATAM,stripe,true,200,278
2026-06-24T10:00:00+00:00,P-003,LATAM,stripe,true,200,227
2026-06-24T10:00:00+00:00,P-003,LATAM,stripe,true,200,196
2026-06-24T10:00:00+00:00,P-003,LATAM,stripe,true,200,138
2026-06-24T10:00:00+00:00,P-003,LATAM,stripe,true,200,420
2026-06-24T10:00:00+00:00,P-003,LATAM,braintree,true,200,349
2026-06-24T10:00:00+00:00,P-003,LATAM,braintree,true,200,157
2026-06-24T10:00:00+00:00,P-003,LATAM,braintree,true,200,290
2026-06-24T11:00:00+00:00,P-001,EU,stripe,true,200,242
2026-06-24T11:00:00+00:00,P-001,EU,stripe,true,200,342
2026-06-24T11:00:00+00:00,P-001,EU,stripe,true,200,449
2026-06-24T11:00:00+00:00,P-001,EU,stripe,true,200,463
2026-06-24T11:00:00+00:00,P-001,EU,stripe,true,200,420
2026-06-24T11:00:00+00:00,P-001,EU,stripe,true,200,227
2026-06-24T11:00:00+00:00,P-001,EU,stripe,true,200,455
2026-06-24T11:00:00+00:00,P-001,EU,stripe,true,200,200
2026-06-24T11:00:00+00:00,P-001,EU,braintree,true,200,153
2026-06-24T11:00:00+00:00,P-001,EU,braintree,true,200,249
2026-06-24T11:00:00+00:00,P-001,EU,braintree,true,200,374
2026-06-24T11:00:00+00:00,P-001,EU,braintree,true,200,323
2026-06-24T11:00:00+00:00,P-001,EU,braintree,false,gateway_unavailable,1820
2026-06-24T11:00:00+00:00,P-001,EU,braintree,true,200,287
2026-06-24T11:00:00+00:00,P-002,APAC,stripe,false,insufficient_funds,2248
2026-06-24T11:00:00+00:00,P-002,APAC,stripe,true,200,410
2026-06-24T11:00:00+00:00,P-002,APAC,stripe,true,200,214
2026-06-24T11:00:00+00:00,P-002,APAC,stripe,true,200,204
2026-06-24T11:00:00+00:00,P-002,APAC,stripe,false,insufficient_funds,1090
2026-06-24T11:00:00+00:00,P-002,APAC,stripe,true,200,291
2026-06-24T11:00:00+00:00,P-002,APAC,stripe,true,200,191
2026-06-24T11:00:00+00:00,P-002,APAC,stripe,true,200,429
2026-06-24T11:00:00+00:00,P-002,APAC,braintree,false,processor_timeout,2376
2026-06-24T11:00:00+00:00,P-002,APAC,braintree,true,200,139
2026-06-24T11:00:00+00:00,P-002,APAC,braintree,true,200,443
2026-06-24T11:00:00+00:00,P-002,APAC,braintree,true,200,295
2026-06-24T11:00:00+00:00,P-002,APAC,braintree,true,200,310
2026-06-24T11:00:00+00:00,P-002,APAC,braintree,true,200,173
2026-06-24T11:00:00+00:00,P-003,LATAM,stripe,true,200,376
2026-06-24T11:00:00+00:00,P-003,LATAM,stripe,true,200,195
2026-06-24T11:00:00+00:00,P-003,LATAM,stripe,true,200,457
2026-06-24T11:00:00+00:00,P-003,LATAM,stripe,true,200,378
2026-06-24T11:00:00+00:00,P-003,LATAM,stripe,true,200,320
2026-06-24T11:00:00+00:00,P-003,LATAM,stripe,true,200,422
2026-06-24T11:00:00+00:00,P-003,LATAM,braintree,true,200,220
2026-06-24T11:00:00+00:00,P-003,LATAM,braintree,true,200,140
2026-06-24T11:00:00+00:00,P-003,LATAM,braintree,true,200,422
2026-06-24T11:00:00+00:00,P-003,LATAM,braintree,true,200,395
2026-06-24T11:00:00+00:00,P-003,LATAM,braintree,false,gateway_unavailable,991
2026-06-24T11:00:00+00:00,P-003,LATAM,braintree,true,200,129
2026-06-24T11:00:00+00:00,P-003,LATAM,braintree,true,200,441
2026-06-24T12:00:00+00:00,P-001,EU,stripe,true,200,333
2026-06-24T12:00:00+00:00,P-001,EU,stripe,true,200,431
2026-06-24T12:00:00+00:00,P-001,EU,stripe,true,200,281
2026-06-24T12:00:00+00:00,P-001,EU,braintree,true,200,255
2026-06-24T12:00:00+00:00,P-001,EU,braintree,true,200,453
2026-06-24T12:00:00+00:00,P-001,EU,braintree,false,processor_timeout,2268
2026-06-24T12:00:00+00:00,P-001,EU,braintree,false,gateway_unavailable,1708
2026-06-24T12:00:00+00:00,P-001,EU,braintree,true,200,391
2026-06-24T12:00:00+00:00,P-001,EU,braintree,true,200,233
2026-06-24T12:00:00+00:00,P-001,EU,braintree,false,gateway_unavailable,1389
2026-06-24T12:00:00+00:00,P-002,APAC,stripe,true,200,144
2026-06-24T12:00:00+00:00,P-002,APAC,stripe,false,insufficient_funds,1996
2026-06-24T12:00:00+00:00,P-002,APAC,stripe,true,200,399
2026-06-24T12:00:00+00:00,P-002,APAC,stripe,true,200,128
2026-06-24T12:00:00+00:00,P-002,APAC,stripe,true,200,447
2026-06-24T12:00:00+00:00,P-002,APAC,stripe,true,200,427
2026-06-24T12:00:00+00:00,P-002,APAC,braintree,true,200,417
2026-06-24T12:00:00+00:00,P-002,APAC,braintree,true,200,458
2026-06-24T12:00:00+00:00,P-002,APAC,braintree,true,200,179
2026-06-24T12:00:00+00:00,P-002,APAC,braintree,true,200,319
2026-06-24T12:00:00+00:00,P-002,APAC,braintree,true,200,288
2026-06-24T12:00:00+00:00,P-002,APAC,braintree,true,200,455
2026-06-24T12:00:00+00:00,P-002,APAC,braintree,true,200,470
2026-06-24T12:00:00+00:00,P-002,APAC,braintree,true,200,288
2026-06-24T12:00:00+00:00,P-003,LATAM,stripe,true,200,365
2026-06-24T12:00:00+00:00,P-003,LATAM,stripe,true,200,186
2026-06-24T12:00:00+00:00,P-003,LATAM,stripe,true,200,252
2026-06-24T12:00:00+00:00,P-003,LATAM,stripe,true,200,269
2026-06-24T12:00:00+00:00,P-003,LATAM,stripe,true,200,332
2026-06-24T12:00:00+00:00,P-003,LATAM,stripe,true,200,338
2026-06-24T12:00:00+00:00,P-003,LATAM,stripe,true,200,203
2026-06-24T12:00:00+00:00,P-003,LATAM,stripe,true,200,267
2026-06-24T12:00:00+00:00,P-003,LATAM,braintree,false,avs_mismatch,2023
2026-06-24T12:00:00+00:00,P-003,LATAM,braintree,true,200,159
2026-06-24T12:00:00+00:00,P-003,LATAM,braintree,false,processor_timeout,906
2026-06-24T12:00:00+00:00,P-003,LATAM,braintree,false,processor_timeout,2494
2026-06-24T12:00:00+00:00,P-003,LATAM,braintree,true,200,258
2026-06-24T13:00:00+00:00,P-001,EU,stripe,true,200,351
2026-06-24T13:00:00+00:00,P-001,EU,stripe,true,200,376
2026-06-24T13:00:00+00:00,P-001,EU,stripe,true,200,393
2026-06-24T13:00:00+00:00,P-001,EU,stripe,true,200,182
2026-06-24T13:00:00+00:00,P-001,EU,braintree,false,gateway_unavailable,1070
2026-06-24T13:00:00+00:00,P-001,EU,braintree,true,200,167
2026-06-24T13:00:00+00:00,P-001,EU,braintree,true,200,318
2026-06-24T13:00:00+00:00,P-001,EU,braintree,false,avs_mismatch,1412
2026-06-24T13:00:00+00:00,P-001,EU,braintree,false,avs_mismatch,2469
2026-06-24T13:00:00+00:00,P-001,EU,braintree,true,200,152
2026-06-24T13:00:00+00:00,P-002,APAC,stripe,true,200,202
2026-06-24T13:00:00+00:00,P-002,APAC,stripe,true,200,473
2026-06-24T13:00:00+00:00,P-002,APAC,stripe,true,200,365
2026-06-24T13:00:00+00:00,P-002,APAC,stripe,false,3ds_failed,1619
2026-06-24T13:00:00+00:00,P-002,APAC,braintree,true,200,319
2026-06-24T13:00:00+00:00,P-002,APAC,braintree,true,200,341
2026-06-24T13:00:00+00:00,P-002,APAC,braintree,true,200,382
2026-06-24T13:00:00+00:00,P-003,LATAM,stripe,true,200,217
2026-06-24T13:00:00+00:00,P-003,LATAM,stripe,true,200,367
2026-06-24T13:00:00+00:00,P-003,LATAM,stripe,true,200,477
2026-06-24T13:00:00+00:00,P-003,LATAM,stripe,true,200,236
2026-06-24T13:00:00+00:00,P-003,LATAM,stripe,true,200,373
2026-06-24T13:00:00+00:00,P-003,LATAM,stripe,true,200,354
2026-06-24T13:00:00+00:00,P-003,LATAM,braintree,true,200,308
2026-06-24T13:00:00+00:00,P-003,LATAM,braintree,true,200,141
2026-06-24T13:00:00+00:00,P-003,LATAM,braintree,true,200,216
2026-06-24T13:00:00+00:00,P-003,LATAM,braintree,true,200,301
2026-06-24T13:00:00+00:00,P-003,LATAM,braintree,true,200,460
2026-06-24T13:00:00+00:00,P-003,LATAM,braintree,false,avs_mismatch,1593
2026-06-24T14:00:00+00:00,P-001,EU,stripe,true,200,123
2026-06-24T14:00:00+00:00,P-001,EU,stripe,false,insufficient_funds,1074
2026-06-24T14:00:00+00:00,P-001,EU,stripe,true,200,169
2026-06-24T14:00:00+00:00,P-001,EU,stripe,true,200,407
2026-06-24T14:00:00+00:00,P-001,EU,stripe,true,200,423
2026-06-24T14:00:00+00:00,P-001,EU,stripe,true,200,373
2026-06-24T14:00:00+00:00,P-001,EU,braintree,false,avs_mismatch,2459
2026-06-24T14:00:00+00:00,P-001,EU,braintree,true,200,439
2026-06-24T14:00:00+00:00,P-001,EU,braintree,false,avs_mismatch,1549
2026-06-24T14:00:00+00:00,P-001,EU,braintree,true,200,394
2026-06-24T14:00:00+00:00,P-001,EU,braintree,false,gateway_unavailable,979
2026-06-24T14:00:00+00:00,P-001,EU,braintree,false,processor_timeout,1514
2026-06-24T14:00:00+00:00,P-001,EU,braintree,false,processor_timeout,2325
2026-06-24T14:00:00+00:00,P-002,APAC,stripe,true,200,198
2026-06-24T14:00:00+00:00,P-002,APAC,stripe,true,200,330
2026-06-24T14:00:00+00:00,P-002,APAC,stripe,false,3ds_failed,1645
2026-06-24T14:00:00+00:00,P-002,APAC,stripe,true,200,277
2026-06-24T14:00:00+00:00,P-002,APAC,stripe,true,200,328
2026-06-24T14:00:00+00:00,P-002,APAC,braintree,true,200,265
2026-06-24T14:00:00+00:00,P-002,APAC,braintree,true,200,167
2026-06-24T14:00:00+00:00,P-002,APAC,braintree,true,200,388
2026-06-24T14:00:00+00:00,P-003,LATAM,stripe,true,200,171
2026-06-24T14:00:00+00:00,P-003,LATAM,stripe,true,200,168
2026-06-24T14:00:00+00:00,P-003,LATAM,stripe,false,insufficient_funds,1551
2026-06-24T14:00:00+00:00,P-003,LATAM,stripe,true,200,213
2026-06-24T14:00:00+00:00,P-003,LATAM,stripe,true,200,418
2026-06-24T14:00:00+00:00,P-003,LATAM,stripe,true,200,238
2026-06-24T14:00:00+00:00,P-003,LATAM,stripe,true,200,279
2026-06-24T14:00:00+00:00,P-003,LATAM,braintree,true,200,160
2026-06-24T14:00:00+00:00,P-003,LATAM,braintree,true,200,401
2026-06-24T14:00:00+00:00,P-003,LATAM,braintree,false,avs_mismatch,2018
2026-06-24T14:00:00+00:00,P-003,LATAM,braintree,true,200,402
2026-06-24T14:00:00+00:00,P-003,LATAM,braintree,true,200,171
2026-06-24T14:00:00+00:00,P-003,LATAM,braintree,true,200,140
2026-06-24T14:00:00+00:00,P-003,LATAM,braintree,true,200,335
2026-06-24T15:00:00+00:00,P-001,EU,stripe,true,200,257
2026-06-24T15:00:00+00:00,P-001,EU,stripe,true,200,190
2026-06-24T15:00:00+00:00,P-001,EU,stripe,true,200,421
2026-06-24T15:00:00+00:00,P-001,EU,braintree,true,200,364
2026-06-24T15:00:00+00:00,P-001,EU,braintree,true,200,304
2026-06-24T15:00:00+00:00,P-001,EU,braintree,true,200,174
2026-06-24T15:00:00+00:00,P-002,APAC,stripe,true,200,407
2026-06-24T15:00:00+00:00,P-002,APAC,stripe,true,200,246
2026-06-24T15:00:00+00:00,P-002,APAC,stripe,true,200,206
2026-06-24T15:00:00+00:00,P-002,APAC,stripe,true,200,411
2026-06-24T15:00:00+00:00,P-002,APAC,stripe,true,200,173
2026-06-24T15:00:00+00:00,P-002,APAC,braintree,true,200,360
2026-06-24T15:00:00+00:00,P-002,APAC,braintree,true,200,184
2026-06-24T15:00:00+00:00,P-002,APAC,braintree,true,200,469
2026-06-24T15:00:00+00:00,P-002,APAC,braintree,true,200,328
2026-06-24T15:00:00+00:00,P-002,APAC,braintree,true,200,387
2026-06-24T15:00:00+00:00,P-002,APAC,braintree,true,200,415
2026-06-24T15:00:00+00:00,P-002,APAC,braintree,true,200,216
2026-06-24T15:00:00+00:00,P-002,APAC,braintree,true,200,241
2026-06-24T15:00:00+00:00,P-003,LATAM,stripe,true,200,433
2026-06-24T15:00:00+00:00,P-003,LATAM,stripe,true,200,218
2026-06-24T15:00:00+00:00,P-003,LATAM,stripe,true,200,269
2026-06-24T15:00:00+00:00,P-003,LATAM,braintree,true,200,422
2026-06-24T15:00:00+00:00,P-003,LATAM,braintree,true,200,416
2026-06-24T15:00:00+00:00,P-003,LATAM,braintree,true,200,247
2026-06-24T15:00:00+00:00,P-003,LATAM,braintree,true,200,183
2026-06-24T15:00:00+00:00,P-003,LATAM,braintree,true,200,250
2026-06-24T16:00:00+00:00,P-001,EU,stripe,true,200,120
2026-06-24T16:00:00+00:00,P-001,EU,stripe,false,insufficient_funds,2109
2026-06-24T16:00:00+00:00,P-001,EU,stripe,true,200,249
2026-06-24T16:00:00+00:00,P-001,EU,stripe,true,200,415
2026-06-24T16:00:00+00:00,P-001,EU,stripe,true,200,448
2026-06-24T16:00:00+00:00,P-001,EU,stripe,true,200,463
2026-06-24T16:00:00+00:00,P-001,EU,stripe,true,200,140
2026-06-24T16:00:00+00:00,P-001,EU,stripe,true,200,247
2026-06-24T16:00:00+00:00,P-001,EU,braintree,true,200,156
2026-06-24T16:00:00+00:00,P-001,EU,braintree,false,processor_timeout,1346
2026-06-24T16:00:00+00:00,P-001,EU,braintree,true,200,177
2026-06-24T16:00:00+00:00,P-001,EU,braintree,false,avs_mismatch,1330
2026-06-24T16:00:00+00:00,P-001,EU,braintree,false,avs_mismatch,928
2026-06-24T16:00:00+00:00,P-001,EU,braintree,true,200,294
2026-06-24T16:00:00+00:00,P-001,EU,braintree,true,200,193
2026-06-24T16:00:00+00:00,P-001,EU,braintree,true,200,451
2026-06-24T16:00:00+00:00,P-002,APAC,stripe,true,200,286
2026-06-24T16:00:00+00:00,P-002,APAC,stripe,false,insufficient_funds,2250
2026-06-24T16:00:00+00:00,P-002,APAC,stripe,true,200,260
2026-06-24T16:00:00+00:00,P-002,APAC,braintree,true,200,445
2026-06-24T16:00:00+00:00,P-002,APAC,braintree,true,200,319
2026-06-24T16:00:00+00:00,P-002,APAC,braintree,true,200,460
2026-06-24T16:00:00+00:00,P-002,APAC,braintree,true,200,459
2026-06-24T16:00:00+00:00,P-002,APAC,braintree,true,200,370
2026-06-24T16:00:00+00:00,P-002,APAC,braintree,false,gateway_unavailable,1000
2026-06-24T16:00:00+00:00,P-003,LATAM,stripe,true,200,357
2026-06-24T16:00:00+00:00,P-003,LATAM,stripe,true,200,150
2026-06-24T16:00:00+00:00,P-003,LATAM,stripe,true,200,388
2026-06-24T16:00:00+00:00,P-003,LATAM,stripe,true,200,331
2026-06-24T16:00:00+00:00,P-003,LATAM,stripe,true,200,267
2026-06-24T16:00:00+00:00,P-003,LATAM,braintree,true,200,210
2026-06-24T16:00:00+00:00,P-003,LATAM,braintree,true,200,127
2026-06-24T16:00:00+00:00,P-003,LATAM,braintree,true,200,391
2026-06-24T16:00:00+00:00,P-003,LATAM,braintree,true,200,352
2026-06-24T17:00:00+00:00,P-001,EU,stripe,true,200,234
2026-06-24T17:00:00+00:00,P-001,EU,stripe,true,200,472
2026-06-24T17:00:00+00:00,P-001,EU,stripe,true,200,364
2026-06-24T17:00:00+00:00,P-001,EU,stripe,false,insufficient_funds,1228
2026-06-24T17:00:00+00:00,P-001,EU,stripe,true,200,344
2026-06-24T17:00:00+00:00,P-001,EU,braintree,true,200,240
2026-06-24T17:00:00+00:00,P-001,EU,braintree,false,gateway_unavailable,1348
2026-06-24T17:00:00+00:00,P-001,EU,braintree,false,avs_mismatch,1943
2026-06-24T17:00:00+00:00,P-001,EU,braintree,false,processor_timeout,1124
2026-06-24T17:00:00+00:00,P-002,APAC,stripe,true,200,387
2026-06-24T17:00:00+00:00,P-002,APAC,stripe,true,200,170
2026-06-24T17:00:00+00:00,P-002,APAC,stripe,true,200,457
2026-06-24T17:00:00+00:00,P-002,APAC,stripe,true,200,278
2026-06-24T17:00:00+00:00,P-002,APAC,stripe,true,200,130
2026-06-24T17:00:00+00:00,P-002,APAC,braintree,true,200,174
2026-06-24T17:00:00+00:00,P-002,APAC,braintree,true,200,264
2026-06-24T17:00:00+00:00,P-002,APAC,braintree,true,200,245
2026-06-24T17:00:00+00:00,P-003,LATAM,stripe,true,200,434
2026-06-24T17:00:00+00:00,P-003,LATAM,stripe,true,200,391
2026-06-24T17:00:00+00:00,P-003,LATAM,stripe,true,200,441
2026-06-24T17:00:00+00:00,P-003,LATAM,stripe,true,200,390
2026-06-24T17:00:00+00:00,P-003,LATAM,stripe,true,200,130
2026-06-24T17:00:00+00:00,P-003,LATAM,stripe,true,200,473
2026-06-24T17:00:00+00:00,P-003,LATAM,stripe,true,200,334
2026-06-24T17:00:00+00:00,P-003,LATAM,stripe,true,200,120
2026-06-24T17:00:00+00:00,P-003,LATAM,braintree,true,200,175
2026-06-24T17:00:00+00:00,P-003,LATAM,braintree,true,200,337
2026-06-24T17:00:00+00:00,P-003,LATAM,braintree,true,200,259
2026-06-24T17:00:00+00:00,P-003,LATAM,braintree,true,200,441
2026-06-24T17:00:00+00:00,P-003,LATAM,braintree,true,200,428
2026-06-24T17:00:00+00:00,P-003,LATAM,braintree,true,200,302
2026-06-24T18:00:00+00:00,P-001,EU,stripe,true,200,439
2026-06-24T18:00:00+00:00,P-001,EU,stripe,true,200,245
2026-06-24T18:00:00+00:00,P-001,EU,stripe,true,200,292
2026-06-24T18:00:00+00:00,P-001,EU,braintree,true,200,243
2026-06-24T18:00:00+00:00,P-001,EU,braintree,true,200,372
2026-06-24T18:00:00+00:00,P-001,EU,braintree,true,200,407
2026-06-24T18:00:00+00:00,P-001,EU,braintree,true,200,159
2026-06-24T18:00:00+00:00,P-001,EU,braintree,true,200,190
2026-06-24T18:00:00+00:00,P-002,APAC,stripe,true,200,142
2026-06-24T18:00:00+00:00,P-002,APAC,stripe,true,200,331
2026-06-24T18:00:00+00:00,P-002,APAC,stripe,true,200,157
2026-06-24T18:00:00+00:00,P-002,APAC,stripe,true,200,400
2026-06-24T18:00:00+00:00,P-002,APAC,braintree,true,200,233
2026-06-24T18:00:00+00:00,P-002,APAC,braintree,true,200,231
2026-06-24T18:00:00+00:00,P-002,APAC,braintree,true,200,138
2026-06-24T18:00:00+00:00,P-002,APAC,braintree,true,200,420
2026-06-24T18:00:00+00:00,P-002,APAC,braintree,true,200,263
2026-06-24T18:00:00+00:00,P-002,APAC,braintree,true,200,350
2026-06-24T18:00:00+00:00,P-003,LATAM,stripe,true,200,241
2026-06-24T18:00:00+00:00,P-003,LATAM,stripe,true,200,167
2026-06-24T18:00:00+00:00,P-003,LATAM,stripe,true,200,426
2026-06-24T18:00:00+00:00,P-003,LATAM,stripe,true,200,442
2026-06-24T18:00:00+00:00,P-003,LATAM,braintree,true,200,472
2026-06-24T18:00:00+00:00,P-003,LATAM,braintree,true,200,205
2026-06-24T18:00:00+00:00,P-003,LATAM,braintree,true,200,476
2026-06-24T18:00:00+00:00,P-003,LATAM,braintree,true,200,370
2026-06-24T19:00:00+00:00,P-001,EU,stripe,true,200,289
2026-06-24T19:00:00+00:00,P-001,EU,stripe,true,200,377
2026-06-24T19:00:00+00:00,P-001,EU,stripe,true,200,414
2026-06-24T19:00:00+00:00,P-001,EU,stripe,true,200,338
2026-06-24T19:00:00+00:00,P-001,EU,braintree,true,200,302
2026-06-24T19:00:00+00:00,P-001,EU,braintree,false,avs_mismatch,2325
2026-06-24T19:00:00+00:00,P-001,EU,braintree,true,200,169
2026-06-24T19:00:00+00:00,P-001,EU,braintree,false,avs_mismatch,943
2026-06-24T19:00:00+00:00,P-001,EU,braintree,false,processor_timeout,1252
2026-06-24T19:00:00+00:00,P-001,EU,braintree,false,processor_timeout,2410
2026-06-24T19:00:00+00:00,P-001,EU,braintree,true,200,211
2026-06-24T19:00:00+00:00,P-001,EU,braintree,true,200,227
2026-06-24T19:00:00+00:00,P-002,APAC,stripe,true,200,355
2026-06-24T19:00:00+00:00,P-002,APAC,stripe,true,200,350
2026-06-24T19:00:00+00:00,P-002,APAC,stripe,true,200,188
2026-06-24T19:00:00+00:00,P-002,APAC,stripe,true,200,224
2026-06-24T19:00:00+00:00,P-002,APAC,braintree,true,200,273
2026-06-24T19:00:00+00:00,P-002,APAC,braintree,true,200,341
2026-06-24T19:00:00+00:00,P-002,APAC,braintree,true,200,152
2026-06-24T19:00:00+00:00,P-002,APAC,braintree,true,200,201
2026-06-24T19:00:00+00:00,P-002,APAC,braintree,true,200,123
2026-06-24T19:00:00+00:00,P-003,LATAM,stripe,true,200,392
2026-06-24T19:00:00+00:00,P-003,LATAM,stripe,true,200,335
2026-06-24T19:00:00+00:00,P-003,LATAM,stripe,true,200,200
2026-06-24T19:00:00+00:00,P-003,LATAM,stripe,true,200,198
2026-06-24T19:00:00+00:00,P-003,LATAM,braintree,true,200,237
2026-06-24T19:00:00+00:00,P-003,LATAM,braintree,true,200,205
2026-06-24T19:00:00+00:00,P-003,LATAM,braintree,true,200,386
2026-06-24T19:00:00+00:00,P-003,LATAM,braintree,true,200,466
2026-06-24T19:00:00+00:00,P-003,LATAM,braintree,true,200,422
2026-06-24T19:00:00+00:00,P-003,LATAM,braintree,true,200,419
2026-06-24T20:00:00+00:00,P-001,EU,stripe,true,200,200
2026-06-24T20:00:00+00:00,P-001,EU,stripe,true,200,424
2026-06-24T20:00:00+00:00,P-001,EU,stripe,true,200,410
2026-06-24T20:00:00+00:00,P-001,EU,stripe,true,200,349
2026-06-24T20:00:00+00:00,P-001,EU,stripe,true,200,432
2026-06-24T20:00:00+00:00,P-001,EU,braintree,true,200,253
2026-06-24T20:00:00+00:00,P-001,EU,braintree,false,avs_mismatch,2480
2026-06-24T20:00:00+00:00,P-001,EU,braintree,false,processor_timeout,1731
2026-06-24T20:00:00+00:00,P-001,EU,braintree,true,200,394
2026-06-24T20:00:00+00:00,P-001,EU,braintree,true,200,166
2026-06-24T20:00:00+00:00,P-001,EU,braintree,false,processor_timeout,2322
2026-06-24T20:00:00+00:00,P-002,APAC,stripe,true,200,237
2026-06-24T20:00:00+00:00,P-002,APAC,stripe,true,200,393
2026-06-24T20:00:00+00:00,P-002,APAC,stripe,true,200,177
2026-06-24T20:00:00+00:00,P-002,APAC,stripe,true,200,322
2026-06-24T20:00:00+00:00,P-002,APAC,braintree,true,200,189
2026-06-24T20:00:00+00:00,P-002,APAC,braintree,true,200,212
2026-06-24T20:00:00+00:00,P-002,APAC,braintree,true,200,238
2026-06-24T20:00:00+00:00,P-002,APAC,braintree,true,200,243
2026-06-24T20:00:00+00:00,P-002,APAC,braintree,true,200,380
2026-06-24T20:00:00+00:00,P-002,APAC,braintree,true,200,398
2026-06-24T20:00:00+00:00,P-002,APAC,braintree,true,200,243
2026-06-24T20:00:00+00:00,P-002,APAC,braintree,true,200,162
2026-06-24T20:00:00+00:00,P-003,LATAM,stripe,true,200,167
2026-06-24T20:00:00+00:00,P-003,LATAM,stripe,true,200,290
2026-06-24T20:00:00+00:00,P-003,LATAM,stripe,true,200,211
2026-06-24T20:00:00+00:00,P-003,LATAM,stripe,true,200,371
2026-06-24T20:00:00+00:00,P-003,LATAM,stripe,true,200,225
2026-06-24T20:00:00+00:00,P-003,LATAM,braintree,true,200,232
2026-06-24T20:00:00+00:00,P-003,LATAM,braintree,true,200,165
2026-06-24T20:00:00+00:00,P-003,LATAM,braintree,true,200,439
2026-06-24T20:00:00+00:00,P-003,LATAM,braintree,true,200,336
2026-06-24T21:00:00+00:00,P-001,EU,stripe,true,200,161
2026-06-24T21:00:00+00:00,P-001,EU,stripe,true,200,284
2026-06-24T21:00:00+00:00,P-001,EU,stripe,true,200,468
2026-06-24T21:00:00+00:00,P-001,EU,stripe,true,200,292
2026-06-24T21:00:00+00:00,P-001,EU,stripe,true,200,125
2026-06-24T21:00:00+00:00,P-001,EU,stripe,true,200,460
2026-06-24T21:00:00+00:00,P-001,EU,stripe,true,200,135
2026-06-24T21:00:00+00:00,P-001,EU,stripe,true,200,204
2026-06-24T21:00:00+00:00,P-001,EU,braintree,false,avs_mismatch,1066
2026-06-24T21:00:00+00:00,P-001,EU,braintree,true,200,217
2026-06-24T21:00:00+00:00,P-001,EU,braintree,true,200,170
2026-06-24T21:00:00+00:00,P-001,EU,braintree,true,200,395
2026-06-24T21:00:00+00:00,P-001,EU,braintree,false,processor_timeout,2191
2026-06-24T21:00:00+00:00,P-001,EU,braintree,false,avs_mismatch,952
2026-06-24T21:00:00+00:00,P-001,EU,braintree,false,gateway_unavailable,1540
2026-06-24T21:00:00+00:00,P-001,EU,braintree,true,200,178
2026-06-24T21:00:00+00:00,P-002,APAC,stripe,true,200,269
2026-06-24T21:00:00+00:00,P-002,APAC,stripe,true,200,163
2026-06-24T21:00:00+00:00,P-002,APAC,stripe,true,200,195
2026-06-24T21:00:00+00:00,P-002,APAC,stripe,true,200,415
2026-06-24T21:00:00+00:00,P-002,APAC,stripe,true,200,267
2026-06-24T21:00:00+00:00,P-002,APAC,stripe,true,200,159
2026-06-24T21:00:00+00:00,P-002,APAC,stripe,true,200,267
2026-06-24T21:00:00+00:00,P-002,APAC,braintree,true,200,141
2026-06-24T21:00:00+00:00,P-002,APAC,braintree,true,200,360
2026-06-24T21:00:00+00:00,P-002,APAC,braintree,true,200,342
2026-06-24T21:00:00+00:00,P-002,APAC,braintree,true,200,142
2026-06-24T21:00:00+00:00,P-002,APAC,braintree,true,200,121
2026-06-24T21:00:00+00:00,P-002,APAC,braintree,true,200,245
2026-06-24T21:00:00+00:00,P-002,APAC,braintree,true,200,445
2026-06-24T21:00:00+00:00,P-003,LATAM,stripe,true,200,384
2026-06-24T21:00:00+00:00,P-003,LATAM,stripe,true,200,196
2026-06-24T21:00:00+00:00,P-003,LATAM,stripe,true,200,408
2026-06-24T21:00:00+00:00,P-003,LATAM,stripe,true,200,331
2026-06-24T21:00:00+00:00,P-003,LATAM,stripe,true,200,257
2026-06-24T21:00:00+00:00,P-003,LATAM,braintree,true,200,284
2026-06-24T21:00:00+00:00,P-003,LATAM,braintree,true,200,145
2026-06-24T21:00:00+00:00,P-003,LATAM,braintree,true,200,207
2026-06-24T21:00:00+00:00,P-003,LATAM,braintree,true,200,312
2026-06-24T21:00:00+00:00,P-003,LATAM,braintree,true,200,402
2026-06-24T21:00:00+00:00,P-003,LATAM,braintree,true,200,440
2026-06-24T21:00:00+00:00,P-003,LATAM,braintree,true,200,328
2026-06-24T22:00:00+00:00,P-001,EU,stripe,true,200,428
2026-06-24T22:00:00+00:00,P-001,EU,stripe,true,200,405
2026-06-24T22:00:00+00:00,P-001,EU,stripe,true,200,301
2026-06-24T22:00:00+00:00,P-001,EU,stripe,true,200,128
2026-06-24T22:00:00+00:00,P-001,EU,braintree,false,avs_mismatch,1278
2026-06-24T22:00:00+00:00,P-001,EU,braintree,true,200,151
2026-06-24T22:00:00+00:00,P-001,EU,braintree,true,200,144
2026-06-24T22:00:00+00:00,P-001,EU,braintree,false,gateway_unavailable,1417
2026-06-24T22:00:00+00:00,P-001,EU,braintree,false,processor_timeout,2038
2026-06-24T22:00:00+00:00,P-001,EU,braintree,false,avs_mismatch,910
2026-06-24T22:00:00+00:00,P-001,EU,braintree,true,200,252
2026-06-24T22:00:00+00:00,P-002,APAC,stripe,true,200,362
2026-06-24T22:00:00+00:00,P-002,APAC,stripe,true,200,247
2026-06-24T22:00:00+00:00,P-002,APAC,stripe,true,200,313
2026-06-24T22:00:00+00:00,P-002,APAC,stripe,true,200,216
2026-06-24T22:00:00+00:00,P-002,APAC,stripe,true,200,152
2026-06-24T22:00:00+00:00,P-002,APAC,stripe,true,200,244
2026-06-24T22:00:00+00:00,P-002,APAC,stripe,true,200,153
2026-06-24T22:00:00+00:00,P-002,APAC,stripe,true,200,324
2026-06-24T22:00:00+00:00,P-002,APAC,braintree,true,200,207
2026-06-24T22:00:00+00:00,P-002,APAC,braintree,true,200,450
2026-06-24T22:00:00+00:00,P-002,APAC,braintree,true,200,277
2026-06-24T22:00:00+00:00,P-002,APAC,braintree,true,200,201
2026-06-24T22:00:00+00:00,P-002,APAC,braintree,true,200,334
2026-06-24T22:00:00+00:00,P-002,APAC,braintree,true,200,186
2026-06-24T22:00:00+00:00,P-002,APAC,braintree,true,200,390
2026-06-24T22:00:00+00:00,P-003,LATAM,stripe,true,200,278
2026-06-24T22:00:00+00:00,P-003,LATAM,stripe,false,insufficient_funds,1068
2026-06-24T22:00:00+00:00,P-003,LATAM,stripe,true,200,140
2026-06-24T22:00:00+00:00,P-003,LATAM,stripe,true,200,269
2026-06-24T22:00:00+00:00,P-003,LATAM,stripe,true,200,443
2026-06-24T22:00:00+00:00,P-003,LATAM,stripe,true,200,301
2026-06-24T22:00:00+00:00,P-003,LATAM,braintree,true,200,141
2026-06-24T22:00:00+00:00,P-003,LATAM,braintree,true,200,237
2026-06-24T22:00:00+00:00,P-003,LATAM,braintree,true,200,308
2026-06-24T22:00:00+00:00,P-003,LATAM,braintree,true,200,469
2026-06-24T22:00:00+00:00,P-003,LATAM,braintree,true,200,218
2026-06-24T23:00:00+00:00,P-001,EU,stripe,true,200,163
2026-06-24T23:00:00+00:00,P-001,EU,stripe,true,200,277
2026-06-24T23:00:00+00:00,P-001,EU,stripe,true,200,263
2026-06-24T23:00:00+00:00,P-001,EU,stripe,true,200,382
2026-06-24T23:00:00+00:00,P-001,EU,stripe,true,200,391
2026-06-24T23:00:00+00:00,P-001,EU,stripe,true,200,131
2026-06-24T23:00:00+00:00,P-001,EU,stripe,true,200,175
2026-06-24T23:00:00+00:00,P-001,EU,stripe,true,200,404
2026-06-24T23:00:00+00:00,P-001,EU,braintree,true,200,211
2026-06-24T23:00:00+00:00,P-001,EU,braintree,false,gateway_unavailable,1579
2026-06-24T23:00:00+00:00,P-001,EU,braintree,false,processor_timeout,1853
2026-06-24T23:00:00+00:00,P-001,EU,braintree,false,avs_mismatch,1026
2026-06-24T23:00:00+00:00,P-001,EU,braintree,false,gateway_unavailable,976
2026-06-24T23:00:00+00:00,P-001,EU,braintree,true,200,447
2026-06-24T23:00:00+00:00,P-001,EU,braintree,true,200,269
2026-06-24T23:00:00+00:00,P-001,EU,braintree,true,200,230
2026-06-24T23:00:00+00:00,P-002,APAC,stripe,false,insufficient_funds,1297
2026-06-24T23:00:00+00:00,P-002,APAC,stripe,true,200,251
2026-06-24T23:00:00+00:00,P-002,APAC,stripe,true,200,182
2026-06-24T23:00:00+00:00,P-002,APAC,stripe,true,200,233
2026-06-24T23:00:00+00:00,P-002,APAC,braintree,true,200,166
2026-06-24T23:00:00+00:00,P-002,APAC,braintree,true,200,427
2026-06-24T23:00:00+00:00,P-002,APAC,braintree,true,200,358
2026-06-24T23:00:00+00:00,P-002,APAC,braintree,true,200,183
2026-06-24T23:00:00+00:00,P-003,LATAM,stripe,true,200,221
2026-06-24T23:00:00+00:00,P-003,LATAM,stripe,true,200,166
2026-06-24T23:00:00+00:00,P-003,LATAM,stripe,true,200,221
2026-06-24T23:00:00+00:00,P-003,LATAM,stripe,true,200,188
2026-06-24T23:00:00+00:00,P-003,LATAM,stripe,true,200,285
2026-06-24T23:00:00+00:00,P-003,LATAM,stripe,false,card_declined,1732
2026-06-24T23:00:00+00:00,P-003,LATAM,stripe,true,200,159
2026-06-24T23:00:00+00:00,P-003,LATAM,braintree,true,200,433
2026-06-24T23:00:00+00:00,P-003,LATAM,braintree,true,200,374
2026-06-24T23:00:00+00:00,P-003,LATAM,braintree,true,200,287
2026-06-25T00:00:00+00:00,P-001,EU,stripe,true,200,376
2026-06-25T00:00:00+00:00,P-001,EU,stripe,true,200,402
2026-06-25T00:00:00+00:00,P-001,EU,stripe,true,200,388
2026-06-25T00:00:00+00:00,P-001,EU,stripe,true,200,125
2026-06-25T00:00:00+00:00,P-001,EU,stripe,true,200,226
2026-06-25T00:00:00+00:00,P-001,EU,stripe,true,200,135
2026-06-25T00:00:00+00:00,P-001,EU,braintree,true,200,332
2026-06-25T00:00:00+00:00,P-001,EU,braintree,true,200,185
2026-06-25T00:00:00+00:00,P-001,EU,braintree,false,avs_mismatch,926
2026-06-25T00:00:00+00:00,P-001,EU,braintree,true,200,313
2026-06-25T00:00:00+00:00,P-001,EU,braintree,true,200,446
2026-06-25T00:00:00+00:00,P-001,EU,braintree,false,gateway_unavailable,2393
2026-06-25T00:00:00+00:00,P-001,EU,braintree,true,200,425
2026-06-25T00:00:00+00:00,P-002,APAC,stripe,false,insufficient_funds,906
2026-06-25T00:00:00+00:00,P-002,APAC,stripe,true,200,468
2026-06-25T00:00:00+00:00,P-002,APAC,stripe,true,200,308
2026-06-25T00:00:00+00:00,P-002,APAC,braintree,true,200,188
2026-06-25T00:00:00+00:00,P-002,APAC,braintree,true,200,159
2026-06-25T00:00:00+00:00,P-002,APAC,braintree,true,200,156
2026-06-25T00:00:00+00:00,P-002,APAC,braintree,true,200,389
2026-06-25T00:00:00+00:00,P-002,APAC,braintree,true,200,414
2026-06-25T00:00:00+00:00,P-002,APAC,braintree,true,200,396
2026-06-25T00:00:00+00:00,P-002,APAC,braintree,true,200,238
2026-06-25T00:00:00+00:00,P-003,LATAM,stripe,true,200,295
2026-06-25T00:00:00+00:00,P-003,LATAM,stripe,true,200,420
2026-06-25T00:00:00+00:00,P-003,LATAM,stripe,true,200,328
2026-06-25T00:00:00+00:00,P-003,LATAM,stripe,true,200,200
2026-06-25T00:00:00+00:00,P-003,LATAM,stripe,true,200,430
2026-06-25T00:00:00+00:00,P-003,LATAM,stripe,true,200,195
2026-06-25T00:00:00+00:00,P-003,LATAM,braintree,true,200,260
2026-06-25T00:00:00+00:00,P-003,LATAM,braintree,true,200,334
2026-06-25T00:00:00+00:00,P-003,LATAM,braintree,true,200,250
2026-06-25T01:00:00+00:00,P-001,EU,stripe,true,200,270
2026-06-25T01:00:00+00:00,P-001,EU,stripe,true,200,394
2026-06-25T01:00:00+00:00,P-001,EU,stripe,true,200,141
2026-06-25T01:00:00+00:00,P-001,EU,braintree,false,gateway_unavailable,1386
2026-06-25T01:00:00+00:00,P-001,EU,braintree,true,200,322
2026-06-25T01:00:00+00:00,P-001,EU,braintree,true,200,143
2026-06-25T01:00:00+00:00,P-001,EU,braintree,true,200,169
2026-06-25T01:00:00+00:00,P-001,EU,braintree,true,200,185
2026-06-25T01:00:00+00:00,P-002,APAC,stripe,true,200,129
2026-06-25T01:00:00+00:00,P-002,APAC,stripe,true,200,218
2026-06-25T01:00:00+00:00,P-002,APAC,stripe,true,200,148
2026-06-25T01:00:00+00:00,P-002,APAC,stripe,true,200,224
2026-06-25T01:00:00+00:00,P-002,APAC,stripe,true,200,323
2026-06-25T01:00:00+00:00,P-002,APAC,stripe,true,200,165
2026-06-25T01:00:00+00:00,P-002,APAC,braintree,true,200,470
2026-06-25T01:00:00+00:00,P-002,APAC,braintree,true,200,284
2026-06-25T01:00:00+00:00,P-002,APAC,braintree,false,processor_timeout,1104
2026-06-25T01:00:00+00:00,P-003,LATAM,stripe,true,200,250
2026-06-25T01:00:00+00:00,P-003,LATAM,stripe,true,200,302
2026-06-25T01:00:00+00:00,P-003,LATAM,stripe,true,200,340
2026-06-25T01:00:00+00:00,P-003,LATAM,stripe,true,200,213
2026-06-25T01:00:00+00:00,P-003,LATAM,braintree,true,200,368
2026-06-25T01:00:00+00:00,P-003,LATAM,braintree,true,200,368
2026-06-25T01:00:00+00:00,P-003,LATAM,braintree,true,200,407
2026-06-25T01:00:00+00:00,P-003,LATAM,braintree,true,200,193
2026-06-25T01:00:00+00:00,P-003,LATAM,braintree,true,200,388
2026-06-25T01:00:00+00:00,P-003,LATAM,braintree,true,200,268
2026-06-25T02:00:00+00:00,P-001,EU,stripe,false,card_declined,1395
2026-06-25T02:00:00+00:00,P-001,EU,stripe,true,200,403
2026-06-25T02:00:00+00:00,P-001,EU,stripe,true,200,390
2026-06-25T02:00:00+00:00,P-001,EU,stripe,false,card_declined,1601
2026-06-25T02:00:00+00:00,P-001,EU,stripe,true,200,364
2026-06-25T02:00:00+00:00,P-001,EU,stripe,true,200,401
2026-06-25T02:00:00+00:00,P-001,EU,stripe,true,200,390
2026-06-25T02:00:00+00:00,P-001,EU,stripe,true,200,143
2026-06-25T02:00:00+00:00,P-001,EU,braintree,true,200,311
2026-06-25T02:00:00+00:00,P-001,EU,braintree,false,processor_timeout,1009
2026-06-25T02:00:00+00:00,P-001,EU,braintree,true,200,309
2026-06-25T02:00:00+00:00,P-001,EU,braintree,true,200,475
2026-06-25T02:00:00+00:00,P-002,APAC,stripe,true,200,144
2026-06-25T02:00:00+00:00,P-002,APAC,stripe,true,200,409
2026-06-25T02:00:00+00:00,P-002,APAC,stripe,true,200,153
2026-06-25T02:00:00+00:00,P-002,APAC,braintree,true,200,213
2026-06-25T02:00:00+00:00,P-002,APAC,braintree,false,avs_mismatch,1827
2026-06-25T02:00:00+00:00,P-002,APAC,braintree,false,avs_mismatch,1239
2026-06-25T02:00:00+00:00,P-002,APAC,braintree,true,200,426
2026-06-25T02:00:00+00:00,P-002,APAC,braintree,true,200,439
2026-06-25T02:00:00+00:00,P-003,LATAM,stripe,true,200,439
2026-06-25T02:00:00+00:00,P-003,LATAM,stripe,true,200,312
2026-06-25T02:00:00+00:00,P-003,LATAM,stripe,true,200,456
2026-06-25T02:00:00+00:00,P-003,LATAM,stripe,true,200,402
2026-06-25T02:00:00+00:00,P-003,LATAM,stripe,true,200,427
2026-06-25T02:00:00+00:00,P-003,LATAM,stripe,true,200,466
2026-06-25T02:00:00+00:00,P-003,LATAM,stripe,true,200,353
2026-06-25T02:00:00+00:00,P-003,LATAM,stripe,true,200,387
2026-06-25T02:00:00+00:00,P-003,LATAM,braintree,true,200,307
2026-06-25T02:00:00+00:00,P-003,LATAM,braintree,true,200,446
2026-06-25T02:00:00+00:00,P-003,LATAM,braintree,false,processor_timeout,1200
2026-06-25T02:00:00+00:00,P-003,LATAM,braintree,true,200,172
2026-06-25T02:00:00+00:00,P-003,LATAM,braintree,true,200,376
2026-06-25T03:00:00+00:00,P-001,EU,stripe,true,200,219
2026-06-25T03:00:00+00:00,P-001,EU,stripe,false,card_declined,1121
2026-06-25T03:00:00+00:00,P-001,EU,stripe,true,200,234
2026-06-25T03:00:00+00:00,P-001,EU,stripe,true,200,192
2026-06-25T03:00:00+00:00,P-001,EU,stripe,true,200,340
2026-06-25T03:00:00+00:00,P-001,EU,braintree,false,processor_timeout,1735
2026-06-25T03:00:00+00:00,P-001,EU,braintree,false,processor_timeout,2042
2026-06-25T03:00:00+00:00,P-001,EU,braintree,true,200,323
2026-06-25T03:00:00+00:00,P-001,EU,braintree,false,gateway_unavailable,2464
2026-06-25T03:00:00+00:00,P-001,EU,braintree,true,200,135
2026-06-25T03:00:00+00:00,P-001,EU,braintree,false,processor_timeout,2434
2026-06-25T03:00:00+00:00,P-002,APAC,stripe,true,200,236
2026-06-25T03:00:00+00:00,P-002,APAC,stripe,true,200,232
2026-06-25T03:00:00+00:00,P-002,APAC,stripe,true,200,459
2026-06-25T03:00:00+00:00,P-002,APAC,stripe,true,200,305
2026-06-25T03:00:00+00:00,P-002,APAC,braintree,true,200,386
2026-06-25T03:00:00+00:00,P-002,APAC,braintree,true,200,407
2026-06-25T03:00:00+00:00,P-002,APAC,braintree,true,200,265
2026-06-25T03:00:00+00:00,P-002,APAC,braintree,true,200,296
2026-06-25T03:00:00+00:00,P-002,APAC,braintree,false,avs_mismatch,1141
2026-06-25T03:00:00+00:00,P-002,APAC,braintree,false,avs_mismatch,2059
2026-06-25T03:00:00+00:00,P-002,APAC,braintree,true,200,294
2026-06-25T03:00:00+00:00,P-002,APAC,braintree,true,200,195
2026-06-25T03:00:00+00:00,P-003,LATAM,stripe,true,200,303
2026-06-25T03:00:00+00:00,P-003,LATAM,stripe,true,200,195
2026-06-25T03:00:00+00:00,P-003,LATAM,stripe,true,200,256
2026-06-25T03:00:00+00:00,P-003,LATAM,stripe,true,200,401
2026-06-25T03:00:00+00:00,P-003,LATAM,stripe,true,200,313
2026-06-25T03:00:00+00:00,P-003,LATAM,stripe,true,200,442
2026-06-25T03:00:00+00:00,P-003,LATAM,braintree,true,200,230
2026-06-25T03:00:00+00:00,P-003,LATAM,braintree,true,200,366
2026-06-25T03:00:00+00:00,P-003,LATAM,braintree,true,200,170
2026-06-25T04:00:00+00:00,P-001,EU,stripe,true,200,194
2026-06-25T04:00:00+00:00,P-001,EU,stripe,true,200,390
2026-06-25T04:00:00+00:00,P-001,EU,stripe,true,200,292
2026-06-25T04:00:00+00:00,P-001,EU,stripe,false,card_declined,1415
2026-06-25T04:00:00+00:00,P-001,EU,stripe,true,200,256
2026-06-25T04:00:00+00:00,P-001,EU,stripe,true,200,196
2026-06-25T04:00:00+00:00,P-001,EU,stripe,true,200,279
2026-06-25T04:00:00+00:00,P-001,EU,stripe,true,200,259
2026-06-25T04:00:00+00:00,P-001,EU,braintree,false,processor_timeout,1236
2026-06-25T04:00:00+00:00,P-001,EU,braintree,true,200,234
2026-06-25T04:00:00+00:00,P-001,EU,braintree,true,200,461
2026-06-25T04:00:00+00:00,P-001,EU,braintree,false,gateway_unavailable,2129
2026-06-25T04:00:00+00:00,P-001,EU,braintree,true,200,319
2026-06-25T04:00:00+00:00,P-001,EU,braintree,true,200,148
2026-06-25T04:00:00+00:00,P-001,EU,braintree,true,200,318
2026-06-25T04:00:00+00:00,P-001,EU,braintree,true,200,158
2026-06-25T04:00:00+00:00,P-002,APAC,stripe,true,200,433
2026-06-25T04:00:00+00:00,P-002,APAC,stripe,true,200,133
2026-06-25T04:00:00+00:00,P-002,APAC,stripe,true,200,153
2026-06-25T04:00:00+00:00,P-002,APAC,braintree,true,200,433
2026-06-25T04:00:00+00:00,P-002,APAC,braintree,true,200,161
2026-06-25T04:00:00+00:00,P-002,APAC,braintree,true,200,430
2026-06-25T04:00:00+00:00,P-002,APAC,braintree,true,200,284
2026-06-25T04:00:00+00:00,P-002,APAC,braintree,true,200,328
2026-06-25T04:00:00+00:00,P-002,APAC,braintree,true,200,442
2026-06-25T04:00:00+00:00,P-003,LATAM,stripe,true,200,418
2026-06-25T04:00:00+00:00,P-003,LATAM,stripe,true,200,448
2026-06-25T04:00:00+00:00,P-003,LATAM,stripe,true,200,193
2026-06-25T04:00:00+00:00,P-003,LATAM,stripe,true,200,308
2026-06-25T04:00:00+00:00,P-003,LATAM,stripe,true,200,263
2026-06-25T04:00:00+00:00,P-003,LATAM,stripe,true,200,373
2026-06-25T04:00:00+00:00,P-003,LATAM,stripe,true,200,426
2026-06-25T04:00:00+00:00,P-003,LATAM,braintree,true,200,149
2026-06-25T04:00:00+00:00,P-003,LATAM,braintree,true,200,349
2026-06-25T04:00:00+00:00,P-003,LATAM,braintree,true,200,326
2026-06-25T04:00:00+00:00,P-003,LATAM,braintree,true,200,330
2026-06-25T04:00:00+00:00,P-003,LATAM,braintree,true,200,425
2026-06-25T05:00:00+00:00,P-001,EU,stripe,true,200,404
2026-06-25T05:00:00+00:00,P-001,EU,stripe,true,200,371
2026-06-25T05:00:00+00:00,P-001,EU,stripe,true,200,362
2026-06-25T05:00:00+00:00,P-001,EU,stripe,true,200,144
2026-06-25T05:00:00+00:00,P-001,EU,braintree,false,avs_mismatch,1036
2026-06-25T05:00:00+00:00,P-001,EU,braintree,false,gateway_unavailable,946
2026-06-25T05:00:00+00:00,P-001,EU,braintree,true,200,388
2026-06-25T05:00:00+00:00,P-001,EU,braintree,false,gateway_unavailable,1037
2026-06-25T05:00:00+00:00,P-002,APAC,stripe,true,200,352
2026-06-25T05:00:00+00:00,P-002,APAC,stripe,true,200,187
2026-06-25T05:00:00+00:00,P-002,APAC,stripe,false,insufficient_funds,1632
2026-06-25T05:00:00+00:00,P-002,APAC,stripe,true,200,207
2026-06-25T05:00:00+00:00,P-002,APAC,braintree,true,200,325
2026-06-25T05:00:00+00:00,P-002,APAC,braintree,true,200,398
2026-06-25T05:00:00+00:00,P-002,APAC,braintree,true,200,357
2026-06-25T05:00:00+00:00,P-002,APAC,braintree,true,200,204
2026-06-25T05:00:00+00:00,P-003,LATAM,stripe,true,200,428
2026-06-25T05:00:00+00:00,P-003,LATAM,stripe,true,200,314
2026-06-25T05:00:00+00:00,P-003,LATAM,stripe,true,200,336
2026-06-25T05:00:00+00:00,P-003,LATAM,stripe,true,200,382
2026-06-25T05:00:00+00:00,P-003,LATAM,stripe,false,insufficient_funds,1171
2026-06-25T05:00:00+00:00,P-003,LATAM,stripe,true,200,399
2026-06-25T05:00:00+00:00,P-003,LATAM,stripe,true,200,296
2026-06-25T05:00:00+00:00,P-003,LATAM,stripe,true,200,217
2026-06-25T05:00:00+00:00,P-003,LATAM,braintree,true,200,461
2026-06-25T05:00:00+00:00,P-003,LATAM,braintree,true,200,277
2026-06-25T05:00:00+00:00,P-003,LATAM,braintree,true,200,145
2026-06-25T05:00:00+00:00,P-003,LATAM,braintree,true,200,206
2026-06-25T06:00:00+00:00,P-001,EU,stripe,true,200,192
2026-06-25T06:00:00+00:00,P-001,EU,stripe,true,200,270
2026-06-25T06:00:00+00:00,P-001,EU,stripe,true,200,168
2026-06-25T06:00:00+00:00,P-001,EU,stripe,true,200,265
2026-06-25T06:00:00+00:00,P-001,EU,stripe,false,card_declined,1825
2026-06-25T06:00:00+00:00,P-001,EU,stripe,true,200,248
2026-06-25T06:00:00+00:00,P-001,EU,stripe,true,200,323
2026-06-25T06:00:00+00:00,P-001,EU,braintree,true,200,192
2026-06-25T06:00:00+00:00,P-001,EU,braintree,false,avs_mismatch,1923
2026-06-25T06:00:00+00:00,P-001,EU,braintree,false,processor_timeout,1282
2026-06-25T06:00:00+00:00,P-001,EU,braintree,true,200,202
2026-06-25T06:00:00+00:00,P-001,EU,braintree,false,gateway_unavailable,2106
2026-06-25T06:00:00+00:00,P-001,EU,braintree,true,200,213
2026-06-25T06:00:00+00:00,P-002,APAC,stripe,true,200,253
2026-06-25T06:00:00+00:00,P-002,APAC,stripe,true,200,334
2026-06-25T06:00:00+00:00,P-002,APAC,stripe,true,200,399
2026-06-25T06:00:00+00:00,P-002,APAC,braintree,true,200,371
2026-06-25T06:00:00+00:00,P-002,APAC,braintree,true,200,471
2026-06-25T06:00:00+00:00,P-002,APAC,braintree,true,200,239
2026-06-25T06:00:00+00:00,P-002,APAC,braintree,true,200,238
2026-06-25T06:00:00+00:00,P-002,APAC,braintree,true,200,396
2026-06-25T06:00:00+00:00,P-003,LATAM,stripe,true,200,383
2026-06-25T06:00:00+00:00,P-003,LATAM,stripe,true,200,468
2026-06-25T06:00:00+00:00,P-003,LATAM,stripe,false,insufficient_funds,959
2026-06-25T06:00:00+00:00,P-003,LATAM,stripe,true,200,413
2026-06-25T06:00:00+00:00,P-003,LATAM,braintree,false,processor_timeout,1909
2026-06-25T06:00:00+00:00,P-003,LATAM,braintree,true,200,421
2026-06-25T06:00:00+00:00,P-003,LATAM,braintree,true,200,445
2026-06-25T06:00:00+00:00,P-003,LATAM,braintree,true,200,468
2026-06-25T06:00:00+00:00,P-003,LATAM,braintree,true,200,180
2026-06-25T06:00:00+00:00,P-003,LATAM,braintree,true,200,478
2026-06-25T07:00:00+00:00,P-001,EU,stripe,true,200,374
2026-06-25T07:00:00+00:00,P-001,EU,stripe,true,200,327
2026-06-25T07:00:00+00:00,P-001,EU,stripe,true,200,195
2026-06-25T07:00:00+00:00,P-001,EU,braintree,true,200,121
2026-06-25T07:00:00+00:00,P-001,EU,braintree,true,200,193
2026-06-25T07:00:00+00:00,P-001,EU,braintree,true,200,207
2026-06-25T07:00:00+00:00,P-002,APAC,stripe,true,200,298
2026-06-25T07:00:00+00:00,P-002,APAC,stripe,true,200,201
2026-06-25T07:00:00+00:00,P-002,APAC,stripe,true,200,321
2026-06-25T07:00:00+00:00,P-002,APAC,stripe,true,200,457
2026-06-25T07:00:00+00:00,P-002,APAC,braintree,true,200,291
2026-06-25T07:00:00+00:00,P-002,APAC,braintree,true,200,349
2026-06-25T07:00:00+00:00,P-002,APAC,braintree,false,avs_mismatch,1442
2026-06-25T07:00:00+00:00,P-002,APAC,braintree,true,200,196
2026-06-25T07:00:00+00:00,P-002,APAC,braintree,true,200,387
2026-06-25T07:00:00+00:00,P-003,LATAM,stripe,true,200,209
2026-06-25T07:00:00+00:00,P-003,LATAM,stripe,true,200,412
2026-06-25T07:00:00+00:00,P-003,LATAM,stripe,true,200,410
2026-06-25T07:00:00+00:00,P-003,LATAM,stripe,true,200,353
2026-06-25T07:00:00+00:00,P-003,LATAM,stripe,true,200,140
2026-06-25T07:00:00+00:00,P-003,LATAM,stripe,true,200,393
2026-06-25T07:00:00+00:00,P-003,LATAM,stripe,true,200,257
2026-06-25T07:00:00+00:00,P-003,LATAM,stripe,true,200,439
2026-06-25T07:00:00+00:00,P-003,LATAM,braintree,true,200,399
2026-06-25T07:00:00+00:00,P-003,LATAM,braintree,true,200,201
2026-06-25T07:00:00+00:00,P-003,LATAM,braintree,true,200,139
2026-06-25T07:00:00+00:00,P-003,LATAM,braintree,true,200,137
2026-06-25T07:00:00+00:00,P-003,LATAM,braintree,false,avs_mismatch,2394
2026-06-25T07:00:00+00:00,P-003,LATAM,braintree,true,200,397
2026-06-25T07:00:00+00:00,P-003,LATAM,braintree,true,200,426
2026-06-25T08:00:00+00:00,P-001,EU,stripe,true,200,379
2026-06-25T08:00:00+00:00,P-001,EU,stripe,false,3ds_failed,1166
2026-06-25T08:00:00+00:00,P-001,EU,stripe,true,200,430
2026-06-25T08:00:00+00:00,P-001,EU,stripe,true,200,432
2026-06-25T08:00:00+00:00,P-001,EU,stripe,true,200,442
2026-06-25T08:00:00+00:00,P-001,EU,stripe,true,200,163
2026-06-25T08:00:00+00:00,P-001,EU,stripe,true,200,351
2026-06-25T08:00:00+00:00,P-001,EU,stripe,true,200,379
2026-06-25T08:00:00+00:00,P-001,EU,braintree,false,processor_timeout,2323
2026-06-25T08:00:00+00:00,P-001,EU,braintree,false,processor_timeout,1631
2026-06-25T08:00:00+00:00,P-001,EU,braintree,false,processor_timeout,2014
2026-06-25T08:00:00+00:00,P-001,EU,braintree,true,200,319
2026-06-25T08:00:00+00:00,P-001,EU,braintree,true,200,396
2026-06-25T08:00:00+00:00,P-001,EU,braintree,false,avs_mismatch,1282
2026-06-25T08:00:00+00:00,P-002,APAC,stripe,true,200,351
2026-06-25T08:00:00+00:00,P-002,APAC,stripe,true,200,159
2026-06-25T08:00:00+00:00,P-002,APAC,stripe,false,card_declined,2373
2026-06-25T08:00:00+00:00,P-002,APAC,braintree,true,200,356
2026-06-25T08:00:00+00:00,P-002,APAC,braintree,true,200,392
2026-06-25T08:00:00+00:00,P-002,APAC,braintree,true,200,397
2026-06-25T08:00:00+00:00,P-002,APAC,braintree,true,200,439
2026-06-25T08:00:00+00:00,P-002,APAC,braintree,true,200,343
2026-06-25T08:00:00+00:00,P-002,APAC,braintree,true,200,198
2026-06-25T08:00:00+00:00,P-002,APAC,braintree,true,200,186
2026-06-25T08:00:00+00:00,P-002,APAC,braintree,true,200,415
2026-06-25T08:00:00+00:00,P-003,LATAM,stripe,true,200,139
2026-06-25T08:00:00+00:00,P-003,LATAM,stripe,true,200,392
2026-06-25T08:00:00+00:00,P-003,LATAM,stripe,true,200,388
2026-06-25T08:00:00+00:00,P-003,LATAM,stripe,true,200,449
2026-06-25T08:00:00+00:00,P-003,LATAM,braintree,true,200,241
2026-06-25T08:00:00+00:00,P-003,LATAM,braintree,true,200,476
2026-06-25T08:00:00+00:00,P-003,LATAM,braintree,true,200,135
2026-06-25T08:00:00+00:00,P-003,LATAM,braintree,true,200,304
2026-06-25T09:00:00+00:00,P-001,EU,stripe,true,200,437
2026-06-25T09:00:00+00:00,P-001,EU,stripe,true,200,353
2026-06-25T09:00:00+00:00,P-001,EU,stripe,true,200,135
2026-06-25T09:00:00+00:00,P-001,EU,stripe,true,200,205
2026-06-25T09:00:00+00:00,P-001,EU,stripe,true,200,397
2026-06-25T09:00:00+00:00,P-001,EU,stripe,true,200,295
2026-06-25T09:00:00+00:00,P-001,EU,braintree,true,200,213
2026-06-25T09:00:00+00:00,P-001,EU,braintree,false,gateway_unavailable,1843
2026-06-25T09:00:00+00:00,P-001,EU,braintree,false,processor_timeout,1187
2026-06-25T09:00:00+00:00,P-001,EU,braintree,true,200,433
2026-06-25T09:00:00+00:00,P-001,EU,braintree,true,200,446
2026-06-25T09:00:00+00:00,P-002,APAC,stripe,true,200,188
2026-06-25T09:00:00+00:00,P-002,APAC,stripe,true,200,414
2026-06-25T09:00:00+00:00,P-002,APAC,stripe,true,200,320
2026-06-25T09:00:00+00:00,P-002,APAC,stripe,true,200,233
2026-06-25T09:00:00+00:00,P-002,APAC,braintree,true,200,413
2026-06-25T09:00:00+00:00,P-002,APAC,braintree,false,gateway_unavailable,1729
2026-06-25T09:00:00+00:00,P-002,APAC,braintree,true,200,160
2026-06-25T09:00:00+00:00,P-002,APAC,braintree,true,200,287
2026-06-25T09:00:00+00:00,P-003,LATAM,stripe,true,200,292
2026-06-25T09:00:00+00:00,P-003,LATAM,stripe,true,200,367
2026-06-25T09:00:00+00:00,P-003,LATAM,stripe,true,200,295
2026-06-25T09:00:00+00:00,P-003,LATAM,stripe,true,200,414
2026-06-25T09:00:00+00:00,P-003,LATAM,braintree,true,200,421
2026-06-25T09:00:00+00:00,P-003,LATAM,braintree,true,200,475
2026-06-25T09:00:00+00:00,P-003,LATAM,braintree,true,200,391
2026-06-25T09:00:00+00:00,P-003,LATAM,braintree,true,200,471
2026-06-25T10:00:00+00:00,P-001,EU,stripe,true,200,378
2026-06-25T10:00:00+00:00,P-001,EU,stripe,true,200,320
2026-06-25T10:00:00+00:00,P-001,EU,stripe,true,200,133
2026-06-25T10:00:00+00:00,P-001,EU,stripe,false,insufficient_funds,1962
2026-06-25T10:00:00+00:00,P-001,EU,stripe,true,200,317
2026-06-25T10:00:00+00:00,P-001,EU,braintree,true,200,432
2026-06-25T10:00:00+00:00,P-001,EU,braintree,true,200,369
2026-06-25T10:00:00+00:00,P-001,EU,braintree,false,gateway_unavailable,1435
2026-06-25T10:00:00+00:00,P-001,EU,braintree,true,200,219
2026-06-25T10:00:00+00:00,P-001,EU,braintree,true,200,439
2026-06-25T10:00:00+00:00,P-001,EU,braintree,true,200,465
2026-06-25T10:00:00+00:00,P-001,EU,braintree,false,avs_mismatch,1052
2026-06-25T10:00:00+00:00,P-002,APAC,stripe,true,200,426
2026-06-25T10:00:00+00:00,P-002,APAC,stripe,true,200,144
2026-06-25T10:00:00+00:00,P-002,APAC,stripe,true,200,480
2026-06-25T10:00:00+00:00,P-002,APAC,braintree,true,200,257
2026-06-25T10:00:00+00:00,P-002,APAC,braintree,true,200,164
2026-06-25T10:00:00+00:00,P-002,APAC,braintree,true,200,227
2026-06-25T10:00:00+00:00,P-002,APAC,braintree,true,200,165
2026-06-25T10:00:00+00:00,P-002,APAC,braintree,true,200,352
2026-06-25T10:00:00+00:00,P-003,LATAM,stripe,true,200,287
2026-06-25T10:00:00+00:00,P-003,LATAM,stripe,true,200,230
2026-06-25T10:00:00+00:00,P-003,LATAM,stripe,true,200,307
2026-06-25T10:00:00+00:00,P-003,LATAM,braintree,true,200,334
2026-06-25T10:00:00+00:00,P-003,LATAM,braintree,true,200,388
2026-06-25T10:00:00+00:00,P-003,LATAM,braintree,true,200,338
2026-06-25T10:00:00+00:00,P-003,LATAM,braintree,true,200,282
2026-06-25T10:00:00+00:00,P-003,LATAM,braintree,true,200,437
2026-06-25T10:00:00+00:00,P-003,LATAM,braintree,true,200,196
2026-06-25T10:00:00+00:00,P-003,LATAM,braintree,true,200,449
2026-06-25T11:00:00+00:00,P-001,EU,stripe,true,200,164
2026-06-25T11:00:00+00:00,P-001,EU,stripe,true,200,301
2026-06-25T11:00:00+00:00,P-001,EU,stripe,true,200,316
2026-06-25T11:00:00+00:00,P-001,EU,braintree,true,200,182
2026-06-25T11:00:00+00:00,P-001,EU,braintree,false,avs_mismatch,1868
2026-06-25T11:00:00+00:00,P-001,EU,braintree,false,avs_mismatch,2400
2026-06-25T11:00:00+00:00,P-001,EU,braintree,false,gateway_unavailable,913
2026-06-25T11:00:00+00:00,P-001,EU,braintree,true,200,186
2026-06-25T11:00:00+00:00,P-001,EU,braintree,true,200,383
2026-06-25T11:00:00+00:00,P-001,EU,braintree,true,200,298
2026-06-25T11:00:00+00:00,P-002,APAC,stripe,true,200,190
2026-06-25T11:00:00+00:00,P-002,APAC,stripe,true,200,405
2026-06-25T11:00:00+00:00,P-002,APAC,stripe,true,200,339
2026-06-25T11:00:00+00:00,P-002,APAC,stripe,true,200,286
2026-06-25T11:00:00+00:00,P-002,APAC,stripe,true,200,418
2026-06-25T11:00:00+00:00,P-002,APAC,stripe,true,200,350
2026-06-25T11:00:00+00:00,P-002,APAC,braintree,true,200,272
2026-06-25T11:00:00+00:00,P-002,APAC,braintree,true,200,190
2026-06-25T11:00:00+00:00,P-002,APAC,braintree,true,200,292
2026-06-25T11:00:00+00:00,P-002,APAC,braintree,true,200,462
2026-06-25T11:00:00+00:00,P-002,APAC,braintree,true,200,443
2026-06-25T11:00:00+00:00,P-002,APAC,braintree,true,200,421
2026-06-25T11:00:00+00:00,P-002,APAC,braintree,true,200,306
2026-06-25T11:00:00+00:00,P-003,LATAM,stripe,true,200,434
2026-06-25T11:00:00+00:00,P-003,LATAM,stripe,true,200,377
2026-06-25T11:00:00+00:00,P-003,LATAM,stripe,true,200,434
2026-06-25T11:00:00+00:00,P-003,LATAM,stripe,true,200,162
2026-06-25T11:00:00+00:00,P-003,LATAM,stripe,true,200,339
2026-06-25T11:00:00+00:00,P-003,LATAM,braintree,true,200,123
2026-06-25T11:00:00+00:00,P-003,LATAM,braintree,true,200,141
2026-06-25T11:00:00+00:00,P-003,LATAM,braintree,true,200,277
2026-06-25T11:00:00+00:00,P-003,LATAM,braintree,true,200,237
2026-06-25T11:00:00+00:00,P-003,LATAM,braintree,true,200,238
2026-06-25T12:00:00+00:00,P-001,EU,stripe,false,card_declined,2216
2026-06-25T12:00:00+00:00,P-001,EU,stripe,true,200,179
2026-06-25T12:00:00+00:00,P-001,EU,stripe,true,200,282
2026-06-25T12:00:00+00:00,P-001,EU,braintree,true,200,285
2026-06-25T12:00:00+00:00,P-001,EU,braintree,true,200,137
2026-06-25T12:00:00+00:00,P-001,EU,braintree,true,200,444
2026-06-25T12:00:00+00:00,P-002,APAC,stripe,true,200,213
2026-06-25T12:00:00+00:00,P-002,APAC,stripe,true,200,265
2026-06-25T12:00:00+00:00,P-002,APAC,stripe,true,200,386
2026-06-25T12:00:00+00:00,P-002,APAC,stripe,true,200,316
2026-06-25T12:00:00+00:00,P-002,APAC,stripe,true,200,437
2026-06-25T12:00:00+00:00,P-002,APAC,stripe,false,insufficient_funds,1195
2026-06-25T12:00:00+00:00,P-002,APAC,stripe,true,200,473
2026-06-25T12:00:00+00:00,P-002,APAC,stripe,false,card_declined,1766
2026-06-25T12:00:00+00:00,P-002,APAC,braintree,true,200,345
2026-06-25T12:00:00+00:00,P-002,APAC,braintree,true,200,269
2026-06-25T12:00:00+00:00,P-002,APAC,braintree,true,200,196
2026-06-25T12:00:00+00:00,P-002,APAC,braintree,true,200,186
2026-06-25T12:00:00+00:00,P-002,APAC,braintree,true,200,383
2026-06-25T12:00:00+00:00,P-002,APAC,braintree,false,avs_mismatch,1243
2026-06-25T12:00:00+00:00,P-003,LATAM,stripe,true,200,155
2026-06-25T12:00:00+00:00,P-003,LATAM,stripe,true,200,208
2026-06-25T12:00:00+00:00,P-003,LATAM,stripe,true,200,174
2026-06-25T12:00:00+00:00,P-003,LATAM,stripe,true,200,217
2026-06-25T12:00:00+00:00,P-003,LATAM,stripe,true,200,184
2026-06-25T12:00:00+00:00,P-003,LATAM,braintree,true,200,450
2026-06-25T12:00:00+00:00,P-003,LATAM,braintree,true,200,276
2026-06-25T12:00:00+00:00,P-003,LATAM,braintree,true,200,150
2026-06-25T12:00:00+00:00,P-003,LATAM,braintree,true,200,124
2026-06-25T13:00:00+00:00,P-001,EU,stripe,true,200,332
2026-06-25T13:00:00+00:00,P-001,EU,stripe,true,200,201
2026-06-25T13:00:00+00:00,P-001,EU,stripe,true,200,403
2026-06-25T13:00:00+00:00,P-001,EU,braintree,true,200,392
2026-06-25T13:00:00+00:00,P-001,EU,braintree,true,200,361
2026-06-25T13:00:00+00:00,P-001,EU,braintree,true,200,164
2026-06-25T13:00:00+00:00,P-001,EU,braintree,false,processor_timeout,1270
2026-06-25T13:00:00+00:00,P-001,EU,braintree,false,gateway_unavailable,1850
2026-06-25T13:00:00+00:00,P-001,EU,braintree,true,200,305
2026-06-25T13:00:00+00:00,P-002,APAC,stripe,true,200,367
2026-06-25T13:00:00+00:00,P-002,APAC,stripe,true,200,199
2026-06-25T13:00:00+00:00,P-002,APAC,stripe,true,200,136
2026-06-25T13:00:00+00:00,P-002,APAC,stripe,true,200,436
2026-06-25T13:00:00+00:00,P-002,APAC,stripe,true,200,462
2026-06-25T13:00:00+00:00,P-002,APAC,stripe,true,200,315
2026-06-25T13:00:00+00:00,P-002,APAC,stripe,true,200,403
2026-06-25T13:00:00+00:00,P-002,APAC,braintree,true,200,320
2026-06-25T13:00:00+00:00,P-002,APAC,braintree,true,200,213
2026-06-25T13:00:00+00:00,P-002,APAC,braintree,true,200,181
2026-06-25T13:00:00+00:00,P-002,APAC,braintree,true,200,209
2026-06-25T13:00:00+00:00,P-003,LATAM,stripe,true,200,230
2026-06-25T13:00:00+00:00,P-003,LATAM,stripe,true,200,231
2026-06-25T13:00:00+00:00,P-003,LATAM,stripe,true,200,455
2026-06-25T13:00:00+00:00,P-003,LATAM,braintree,false,processor_timeout,1567
2026-06-25T13:00:00+00:00,P-003,LATAM,braintree,true,200,199
2026-06-25T13:00:00+00:00,P-003,LATAM,braintree,true,200,410
2026-06-25T13:00:00+00:00,P-003,LATAM,braintree,true,200,229
2026-06-25T13:00:00+00:00,P-003,LATAM,braintree,true,200,207
2026-06-25T13:00:00+00:00,P-003,LATAM,braintree,false,avs_mismatch,1774
2026-06-25T13:00:00+00:00,P-003,LATAM,braintree,true,200,456
2026-06-25T14:00:00+00:00,P-001,EU,stripe,true,200,275
2026-06-25T14:00:00+00:00,P-001,EU,stripe,true,200,401
2026-06-25T14:00:00+00:00,P-001,EU,stripe,true,200,205
2026-06-25T14:00:00+00:00,P-001,EU,stripe,true,200,306
2026-06-25T14:00:00+00:00,P-001,EU,stripe,true,200,245
2026-06-25T14:00:00+00:00,P-001,EU,stripe,true,200,396
2026-06-25T14:00:00+00:00,P-001,EU,stripe,true,200,404
2026-06-25T14:00:00+00:00,P-001,EU,braintree,true,200,182
2026-06-25T14:00:00+00:00,P-001,EU,braintree,true,200,450
2026-06-25T14:00:00+00:00,P-001,EU,braintree,true,200,372
2026-06-25T14:00:00+00:00,P-001,EU,braintree,true,200,321
2026-06-25T14:00:00+00:00,P-001,EU,braintree,true,200,130
2026-06-25T14:00:00+00:00,P-002,APAC,stripe,true,200,249
2026-06-25T14:00:00+00:00,P-002,APAC,stripe,true,200,375
2026-06-25T14:00:00+00:00,P-002,APAC,stripe,true,200,179
2026-06-25T14:00:00+00:00,P-002,APAC,stripe,true,200,348
2026-06-25T14:00:00+00:00,P-002,APAC,stripe,true,200,418
2026-06-25T14:00:00+00:00,P-002,APAC,stripe,true,200,215
2026-06-25T14:00:00+00:00,P-002,APAC,stripe,true,200,345
2026-06-25T14:00:00+00:00,P-002,APAC,braintree,true,200,289
2026-06-25T14:00:00+00:00,P-002,APAC,braintree,true,200,425
2026-06-25T14:00:00+00:00,P-002,APAC,braintree,true,200,389
2026-06-25T14:00:00+00:00,P-003,LATAM,stripe,true,200,229
2026-06-25T14:00:00+00:00,P-003,LATAM,stripe,true,200,287
2026-06-25T14:00:00+00:00,P-003,LATAM,stripe,true,200,405
2026-06-25T14:00:00+00:00,P-003,LATAM,stripe,true,200,385
2026-06-25T14:00:00+00:00,P-003,LATAM,stripe,true,200,196
2026-06-25T14:00:00+00:00,P-003,LATAM,stripe,true,200,465
2026-06-25T14:00:00+00:00,P-003,LATAM,braintree,true,200,306
2026-06-25T14:00:00+00:00,P-003,LATAM,braintree,true,200,147
2026-06-25T14:00:00+00:00,P-003,LATAM,braintree,true,200,208
2026-06-25T15:00:00+00:00,P-001,EU,stripe,true,200,255
2026-06-25T15:00:00+00:00,P-001,EU,stripe,true,200,370
2026-06-25T15:00:00+00:00,P-001,EU,stripe,true,200,471
2026-06-25T15:00:00+00:00,P-001,EU,braintree,true,200,379
2026-06-25T15:00:00+00:00,P-001,EU,braintree,false,gateway_unavailable,1615
2026-06-25T15:00:00+00:00,P-001,EU,braintree,false,avs_mismatch,2415
2026-06-25T15:00:00+00:00,P-001,EU,braintree,false,gateway_unavailable,2266
2026-06-25T15:00:00+00:00,P-001,EU,braintree,true,200,214
2026-06-25T15:00:00+00:00,P-001,EU,braintree,true,200,393
2026-06-25T15:00:00+00:00,P-002,APAC,stripe,true,200,140
2026-06-25T15:00:00+00:00,P-002,APAC,stripe,true,200,262
2026-06-25T15:00:00+00:00,P-002,APAC,stripe,false,card_declined,1694
2026-06-25T15:00:00+00:00,P-002,APAC,stripe,true,200,413
2026-06-25T15:00:00+00:00,P-002,APAC,stripe,true,200,413
2026-06-25T15:00:00+00:00,P-002,APAC,stripe,true,200,355
2026-06-25T15:00:00+00:00,P-002,APAC,braintree,true,200,203
2026-06-25T15:00:00+00:00,P-002,APAC,braintree,false,avs_mismatch,2068
2026-06-25T15:00:00+00:00,P-002,APAC,braintree,true,200,167
2026-06-25T15:00:00+00:00,P-003,LATAM,stripe,true,200,449
2026-06-25T15:00:00+00:00,P-003,LATAM,stripe,true,200,420
2026-06-25T15:00:00+00:00,P-003,LATAM,stripe,true,200,459
2026-06-25T15:00:00+00:00,P-003,LATAM,braintree,true,200,221
2026-06-25T15:00:00+00:00,P-003,LATAM,braintree,true,200,454
2026-06-25T15:00:00+00:00,P-003,LATAM,braintree,true,200,381
2026-06-25T16:00:00+00:00,P-001,EU,stripe,true,200,220
2026-06-25T16:00:00+00:00,P-001,EU,stripe,true,200,415
2026-06-25T16:00:00+00:00,P-001,EU,stripe,true,200,360
2026-06-25T16:00:00+00:00,P-001,EU,stripe,true,200,471
2026-06-25T16:00:00+00:00,P-001,EU,braintree,true,200,431
2026-06-25T16:00:00+00:00,P-001,EU,braintree,false,processor_timeout,1714
2026-06-25T16:00:00+00:00,P-001,EU,braintree,true,200,197
2026-06-25T16:00:00+00:00,P-001,EU,braintree,false,processor_timeout,1324
2026-06-25T16:00:00+00:00,P-001,EU,braintree,true,200,471
2026-06-25T16:00:00+00:00,P-001,EU,braintree,false,gateway_unavailable,1739
2026-06-25T16:00:00+00:00,P-001,EU,braintree,true,200,458
2026-06-25T16:00:00+00:00,P-002,APAC,stripe,true,200,430
2026-06-25T16:00:00+00:00,P-002,APAC,stripe,true,200,464
2026-06-25T16:00:00+00:00,P-002,APAC,stripe,true,200,177
2026-06-25T16:00:00+00:00,P-002,APAC,stripe,true,200,173
2026-06-25T16:00:00+00:00,P-002,APAC,braintree,true,200,141
2026-06-25T16:00:00+00:00,P-002,APAC,braintree,true,200,136
2026-06-25T16:00:00+00:00,P-002,APAC,braintree,true,200,295
2026-06-25T16:00:00+00:00,P-002,APAC,braintree,true,200,390
2026-06-25T16:00:00+00:00,P-003,LATAM,stripe,true,200,221
2026-06-25T16:00:00+00:00,P-003,LATAM,stripe,true,200,229
2026-06-25T16:00:00+00:00,P-003,LATAM,stripe,true,200,412
2026-06-25T16:00:00+00:00,P-003,LATAM,stripe,true,200,314
2026-06-25T16:00:00+00:00,P-003,LATAM,stripe,true,200,394
2026-06-25T16:00:00+00:00,P-003,LATAM,stripe,true,200,211
2026-06-25T16:00:00+00:00,P-003,LATAM,braintree,true,200,460
2026-06-25T16:00:00+00:00,P-003,LATAM,braintree,true,200,386
2026-06-25T16:00:00+00:00,P-003,LATAM,braintree,true,200,264
2026-06-25T16:00:00+00:00,P-003,LATAM,braintree,true,200,166
2026-06-25T16:00:00+00:00,P-003,LATAM,braintree,true,200,405
2026-06-25T16:00:00+00:00,P-003,LATAM,braintree,true,200,440
2026-06-25T17:00:00+00:00,P-001,EU,stripe,true,200,292
2026-06-25T17:00:00+00:00,P-001,EU,stripe,true,200,415
2026-06-25T17:00:00+00:00,P-001,EU,stripe,true,200,188
2026-06-25T17:00:00+00:00,P-001,EU,stripe,true,200,266
2026-06-25T17:00:00+00:00,P-001,EU,stripe,true,200,128
2026-06-25T17:00:00+00:00,P-001,EU,stripe,true,200,422
2026-06-25T17:00:00+00:00,P-001,EU,stripe,true,200,307
2026-06-25T17:00:00+00:00,P-001,EU,braintree,false,processor_timeout,2419
2026-06-25T17:00:00+00:00,P-001,EU,braintree,false,processor_timeout,1339
2026-06-25T17:00:00+00:00,P-001,EU,braintree,false,avs_mismatch,2121
2026-06-25T17:00:00+00:00,P-001,EU,braintree,true,200,475
2026-06-25T17:00:00+00:00,P-001,EU,braintree,false,processor_timeout,2489
2026-06-25T17:00:00+00:00,P-002,APAC,stripe,true,200,352
2026-06-25T17:00:00+00:00,P-002,APAC,stripe,true,200,261
2026-06-25T17:00:00+00:00,P-002,APAC,stripe,true,200,303
2026-06-25T17:00:00+00:00,P-002,APAC,braintree,true,200,307
2026-06-25T17:00:00+00:00,P-002,APAC,braintree,true,200,186
2026-06-25T17:00:00+00:00,P-002,APAC,braintree,true,200,133
2026-06-25T17:00:00+00:00,P-002,APAC,braintree,true,200,158
2026-06-25T17:00:00+00:00,P-002,APAC,braintree,true,200,199
2026-06-25T17:00:00+00:00,P-002,APAC,braintree,true,200,366
2026-06-25T17:00:00+00:00,P-002,APAC,braintree,false,gateway_unavailable,1152
2026-06-25T17:00:00+00:00,P-003,LATAM,stripe,true,200,365
2026-06-25T17:00:00+00:00,P-003,LATAM,stripe,true,200,373
2026-06-25T17:00:00+00:00,P-003,LATAM,stripe,true,200,205
2026-06-25T17:00:00+00:00,P-003,LATAM,stripe,true,200,151
2026-06-25T17:00:00+00:00,P-003,LATAM,stripe,true,200,163
2026-06-25T17:00:00+00:00,P-003,LATAM,braintree,true,200,422
2026-06-25T17:00:00+00:00,P-003,LATAM,braintree,true,200,236
2026-06-25T17:00:00+00:00,P-003,LATAM,braintree,true,200,264
2026-06-25T17:00:00+00:00,P-003,LATAM,braintree,true,200,174
2026-06-25T17:00:00+00:00,P-003,LATAM,braintree,true,200,253
2026-06-25T17:00:00+00:00,P-003,LATAM,braintree,false,processor_timeout,2301
2026-06-25T18:00:00+00:00,P-001,EU,stripe,true,200,233
2026-06-25T18:00:00+00:00,P-001,EU,stripe,true,200,266
2026-06-25T18:00:00+00:00,P-001,EU,stripe,true,200,150
2026-06-25T18:00:00+00:00,P-001,EU,stripe,true,200,435
2026-06-25T18:00:00+00:00,P-001,EU,stripe,true,200,327
2026-06-25T18:00:00+00:00,P-001,EU,stripe,false,3ds_failed,2473
2026-06-25T18:00:00+00:00,P-001,EU,stripe,true,200,308
2026-06-25T18:00:00+00:00,P-001,EU,stripe,true,200,277
2026-06-25T18:00:00+00:00,P-001,EU,braintree,true,200,346
2026-06-25T18:00:00+00:00,P-001,EU,braintree,false,gateway_unavailable,1661
2026-06-25T18:00:00+00:00,P-001,EU,braintree,true,200,208
2026-06-25T18:00:00+00:00,P-001,EU,braintree,false,gateway_unavailable,1882
2026-06-25T18:00:00+00:00,P-001,EU,braintree,false,processor_timeout,1414
2026-06-25T18:00:00+00:00,P-001,EU,braintree,true,200,121
2026-06-25T18:00:00+00:00,P-001,EU,braintree,true,200,404
2026-06-25T18:00:00+00:00,P-002,APAC,stripe,true,200,383
2026-06-25T18:00:00+00:00,P-002,APAC,stripe,true,200,226
2026-06-25T18:00:00+00:00,P-002,APAC,stripe,true,200,331
2026-06-25T18:00:00+00:00,P-002,APAC,braintree,true,200,350
2026-06-25T18:00:00+00:00,P-002,APAC,braintree,true,200,166
2026-06-25T18:00:00+00:00,P-002,APAC,braintree,true,200,336
2026-06-25T18:00:00+00:00,P-002,APAC,braintree,true,200,398
2026-06-25T18:00:00+00:00,P-002,APAC,braintree,true,200,169
2026-06-25T18:00:00+00:00,P-002,APAC,braintree,true,200,463
2026-06-25T18:00:00+00:00,P-002,APAC,braintree,true,200,174
2026-06-25T18:00:00+00:00,P-003,LATAM,stripe,true,200,175
2026-06-25T18:00:00+00:00,P-003,LATAM,stripe,false,3ds_failed,1024
2026-06-25T18:00:00+00:00,P-003,LATAM,stripe,true,200,220
2026-06-25T18:00:00+00:00,P-003,LATAM,stripe,true,200,329
2026-06-25T18:00:00+00:00,P-003,LATAM,braintree,true,200,147
2026-06-25T18:00:00+00:00,P-003,LATAM,braintree,true,200,237
2026-06-25T18:00:00+00:00,P-003,LATAM,braintree,true,200,144
2026-06-25T18:00:00+00:00,P-003,LATAM,braintree,true,200,267
2026-06-25T18:00:00+00:00,P-003,LATAM,braintree,true,200,391
2026-06-25T18:00:00+00:00,P-003,LATAM,braintree,false,gateway_unavailable,1514
2026-06-25T19:00:00+00:00,P-001,EU,stripe,true,200,209
2026-06-25T19:00:00+00:00,P-001,EU,stripe,true,200,220
2026-06-25T19:00:00+00:00,P-001,EU,stripe,true,200,409
2026-06-25T19:00:00+00:00,P-001,EU,stripe,true,200,298
2026-06-25T19:00:00+00:00,P-001,EU,braintree,false,avs_mismatch,1627
2026-06-25T19:00:00+00:00,P-001,EU,braintree,true,200,480
2026-06-25T19:00:00+00:00,P-001,EU,braintree,true,200,249
2026-06-25T19:00:00+00:00,P-001,EU,braintree,true,200,224
2026-06-25T19:00:00+00:00,P-001,EU,braintree,true,200,122
2026-06-25T19:00:00+00:00,P-001,EU,braintree,true,200,463
2026-06-25T19:00:00+00:00,P-001,EU,braintree,false,processor_timeout,2143
2026-06-25T19:00:00+00:00,P-002,APAC,stripe,true,200,345
2026-06-25T19:00:00+00:00,P-002,APAC,stripe,true,200,343
2026-06-25T19:00:00+00:00,P-002,APAC,stripe,true,200,343
2026-06-25T19:00:00+00:00,P-002,APAC,stripe,true,200,160
2026-06-25T19:00:00+00:00,P-002,APAC,stripe,true,200,152
2026-06-25T19:00:00+00:00,P-002,APAC,stripe,true,200,190
2026-06-25T19:00:00+00:00,P-002,APAC,braintree,true,200,129
2026-06-25T19:00:00+00:00,P-002,APAC,braintree,true,200,256
2026-06-25T19:00:00+00:00,P-002,APAC,braintree,true,200,337
2026-06-25T19:00:00+00:00,P-002,APAC,braintree,true,200,289
2026-06-25T19:00:00+00:00,P-002,APAC,braintree,true,200,132
2026-06-25T19:00:00+00:00,P-002,APAC,braintree,true,200,179
2026-06-25T19:00:00+00:00,P-002,APAC,braintree,true,200,421
2026-06-25T19:00:00+00:00,P-002,APAC,braintree,true,200,359
2026-06-25T19:00:00+00:00,P-003,LATAM,stripe,true,200,139
2026-06-25T19:00:00+00:00,P-003,LATAM,stripe,true,200,455
2026-06-25T19:00:00+00:00,P-003,LATAM,stripe,true,200,240
2026-06-25T19:00:00+00:00,P-003,LATAM,braintree,true,200,402
2026-06-25T19:00:00+00:00,P-003,LATAM,braintree,true,200,408
2026-06-25T19:00:00+00:00,P-003,LATAM,braintree,true,200,443
2026-06-25T19:00:00+00:00,P-003,LATAM,braintree,true,200,413
2026-06-25T19:00:00+00:00,P-003,LATAM,braintree,true,200,247
2026-06-25T19:00:00+00:00,P-003,LATAM,braintree,true,200,153
2026-06-25T19:00:00+00:00,P-003,LATAM,braintree,true,200,208
2026-06-25T20:00:00+00:00,P-001,EU,stripe,true,200,431
2026-06-25T20:00:00+00:00,P-001,EU,stripe,true,200,421
2026-06-25T20:00:00+00:00,P-001,EU,stripe,true,200,426
2026-06-25T20:00:00+00:00,P-001,EU,braintree,false,gateway_unavailable,2141
2026-06-25T20:00:00+00:00,P-001,EU,braintree,true,200,372
2026-06-25T20:00:00+00:00,P-001,EU,braintree,false,avs_mismatch,1033
2026-06-25T20:00:00+00:00,P-001,EU,braintree,true,200,422
2026-06-25T20:00:00+00:00,P-001,EU,braintree,true,200,181
2026-06-25T20:00:00+00:00,P-001,EU,braintree,false,gateway_unavailable,2134
2026-06-25T20:00:00+00:00,P-002,APAC,stripe,true,200,172
2026-06-25T20:00:00+00:00,P-002,APAC,stripe,true,200,315
2026-06-25T20:00:00+00:00,P-002,APAC,stripe,false,card_declined,1342
2026-06-25T20:00:00+00:00,P-002,APAC,stripe,true,200,145
2026-06-25T20:00:00+00:00,P-002,APAC,stripe,true,200,412
2026-06-25T20:00:00+00:00,P-002,APAC,stripe,true,200,239
2026-06-25T20:00:00+00:00,P-002,APAC,stripe,true,200,285
2026-06-25T20:00:00+00:00,P-002,APAC,braintree,true,200,472
2026-06-25T20:00:00+00:00,P-002,APAC,braintree,false,avs_mismatch,2110
2026-06-25T20:00:00+00:00,P-002,APAC,braintree,true,200,418
2026-06-25T20:00:00+00:00,P-002,APAC,braintree,true,200,178
2026-06-25T20:00:00+00:00,P-002,APAC,braintree,false,gateway_unavailable,930
2026-06-25T20:00:00+00:00,P-002,APAC,braintree,true,200,255
2026-06-25T20:00:00+00:00,P-003,LATAM,stripe,true,200,458
2026-06-25T20:00:00+00:00,P-003,LATAM,stripe,true,200,229
2026-06-25T20:00:00+00:00,P-003,LATAM,stripe,true,200,383
2026-06-25T20:00:00+00:00,P-003,LATAM,stripe,true,200,396
2026-06-25T20:00:00+00:00,P-003,LATAM,braintree,true,200,330
2026-06-25T20:00:00+00:00,P-003,LATAM,braintree,true,200,201
2026-06-25T20:00:00+00:00,P-003,LATAM,braintree,true,200,457
2026-06-25T20:00:00+00:00,P-003,LATAM,braintree,true,200,458
2026-06-25T21:00:00+00:00,P-001,EU,stripe,true,200,399
2026-06-25T21:00:00+00:00,P-001,EU,stripe,true,200,162
2026-06-25T21:00:00+00:00,P-001,EU,stripe,true,200,470
2026-06-25T21:00:00+00:00,P-001,EU,stripe,true,200,434
2026-06-25T21:00:00+00:00,P-001,EU,stripe,true,200,424
2026-06-25T21:00:00+00:00,P-001,EU,stripe,true,200,419
2026-06-25T21:00:00+00:00,P-001,EU,stripe,true,200,195
2026-06-25T21:00:00+00:00,P-001,EU,stripe,true,200,162
2026-06-25T21:00:00+00:00,P-001,EU,braintree,false,avs_mismatch,2000
2026-06-25T21:00:00+00:00,P-001,EU,braintree,true,200,420
2026-06-25T21:00:00+00:00,P-001,EU,braintree,false,avs_mismatch,1940
2026-06-25T21:00:00+00:00,P-001,EU,braintree,true,200,156
2026-06-25T21:00:00+00:00,P-001,EU,braintree,false,gateway_unavailable,1432
2026-06-25T21:00:00+00:00,P-001,EU,braintree,true,200,190
2026-06-25T21:00:00+00:00,P-002,APAC,stripe,true,200,351
2026-06-25T21:00:00+00:00,P-002,APAC,stripe,true,200,302
2026-06-25T21:00:00+00:00,P-002,APAC,stripe,true,200,239
2026-06-25T21:00:00+00:00,P-002,APAC,stripe,true,200,345
2026-06-25T21:00:00+00:00,P-002,APAC,braintree,true,200,125
2026-06-25T21:00:00+00:00,P-002,APAC,braintree,true,200,151
2026-06-25T21:00:00+00:00,P-002,APAC,braintree,true,200,252
2026-06-25T21:00:00+00:00,P-002,APAC,braintree,true,200,334
2026-06-25T21:00:00+00:00,P-002,APAC,braintree,true,200,362
2026-06-25T21:00:00+00:00,P-002,APAC,braintree,true,200,212
2026-06-25T21:00:00+00:00,P-002,APAC,braintree,true,200,314
2026-06-25T21:00:00+00:00,P-003,LATAM,stripe,true,200,424
2026-06-25T21:00:00+00:00,P-003,LATAM,stripe,true,200,451
2026-06-25T21:00:00+00:00,P-003,LATAM,stripe,true,200,200
2026-06-25T21:00:00+00:00,P-003,LATAM,stripe,true,200,375
2026-06-25T21:00:00+00:00,P-003,LATAM,stripe,true,200,422
2026-06-25T21:00:00+00:00,P-003,LATAM,stripe,true,200,204
2026-06-25T21:00:00+00:00,P-003,LATAM,stripe,true,200,336
2026-06-25T21:00:00+00:00,P-003,LATAM,braintree,true,200,197
2026-06-25T21:00:00+00:00,P-003,LATAM,braintree,true,200,320
2026-06-25T21:00:00+00:00,P-003,LATAM,braintree,true,200,463
2026-06-25T21:00:00+00:00,P-003,LATAM,braintree,false,gateway_unavailable,2261
2026-06-25T21:00:00+00:00,P-003,LATAM,braintree,true,200,256
2026-06-25T21:00:00+00:00,P-003,LATAM,braintree,true,200,301
2026-06-25T21:00:00+00:00,P-003,LATAM,braintree,true,200,180
2026-06-25T22:00:00+00:00,P-001,EU,stripe,true,200,165
2026-06-25T22:00:00+00:00,P-001,EU,stripe,true,200,336
2026-06-25T22:00:00+00:00,P-001,EU,stripe,true,200,338
2026-06-25T22:00:00+00:00,P-001,EU,stripe,true,200,402
2026-06-25T22:00:00+00:00,P-001,EU,stripe,true,200,210
2026-06-25T22:00:00+00:00,P-001,EU,braintree,true,200,473
2026-06-25T22:00:00+00:00,P-001,EU,braintree,false,processor_timeout,1582
2026-06-25T22:00:00+00:00,P-001,EU,braintree,false,gateway_unavailable,1119
2026-06-25T22:00:00+00:00,P-001,EU,braintree,false,gateway_unavailable,2089
2026-06-25T22:00:00+00:00,P-001,EU,braintree,false,avs_mismatch,2272
2026-06-25T22:00:00+00:00,P-001,EU,braintree,false,processor_timeout,1499
2026-06-25T22:00:00+00:00,P-002,APAC,stripe,true,200,429
2026-06-25T22:00:00+00:00,P-002,APAC,stripe,true,200,479
2026-06-25T22:00:00+00:00,P-002,APAC,stripe,true,200,432
2026-06-25T22:00:00+00:00,P-002,APAC,stripe,true,200,399
2026-06-25T22:00:00+00:00,P-002,APAC,stripe,true,200,255
2026-06-25T22:00:00+00:00,P-002,APAC,stripe,true,200,339
2026-06-25T22:00:00+00:00,P-002,APAC,stripe,true,200,351
2026-06-25T22:00:00+00:00,P-002,APAC,stripe,true,200,197
2026-06-25T22:00:00+00:00,P-002,APAC,braintree,true,200,198
2026-06-25T22:00:00+00:00,P-002,APAC,braintree,true,200,172
2026-06-25T22:00:00+00:00,P-002,APAC,braintree,true,200,201
2026-06-25T22:00:00+00:00,P-003,LATAM,stripe,true,200,244
2026-06-25T22:00:00+00:00,P-003,LATAM,stripe,true,200,328
2026-06-25T22:00:00+00:00,P-003,LATAM,stripe,true,200,399
2026-06-25T22:00:00+00:00,P-003,LATAM,stripe,true,200,377
2026-06-25T22:00:00+00:00,P-003,LATAM,stripe,false,card_declined,1444
2026-06-25T22:00:00+00:00,P-003,LATAM,braintree,true,200,476
2026-06-25T22:00:00+00:00,P-003,LATAM,braintree,true,200,434
2026-06-25T22:00:00+00:00,P-003,LATAM,braintree,true,200,343
2026-06-25T22:00:00+00:00,P-003,LATAM,braintree,true,200,252
2026-06-25T22:00:00+00:00,P-003,LATAM,braintree,true,200,197
2026-06-25T22:00:00+00:00,P-003,LATAM,braintree,false,avs_mismatch,1811
2026-06-25T22:00:00+00:00,P-003,LATAM,braintree,true,200,154
2026-06-25T23:00:00+00:00,P-001,EU,stripe,true,200,152
2026-06-25T23:00:00+00:00,P-001,EU,stripe,true,200,157
2026-06-25T23:00:00+00:00,P-001,EU,stripe,true,200,177
2026-06-25T23:00:00+00:00,P-001,EU,stripe,true,200,247
2026-06-25T23:00:00+00:00,P-001,EU,stripe,true,200,427
2026-06-25T23:00:00+00:00,P-001,EU,stripe,true,200,203
2026-06-25T23:00:00+00:00,P-001,EU,braintree,false,processor_timeout,1376
2026-06-25T23:00:00+00:00,P-001,EU,braintree,true,200,328
2026-06-25T23:00:00+00:00,P-001,EU,braintree,false,gateway_unavailable,1282
2026-06-25T23:00:00+00:00,P-001,EU,braintree,false,processor_timeout,1421
2026-06-25T23:00:00+00:00,P-002,APAC,stripe,true,200,168
2026-06-25T23:00:00+00:00,P-002,APAC,stripe,true,200,478
2026-06-25T23:00:00+00:00,P-002,APAC,stripe,true,200,204
2026-06-25T23:00:00+00:00,P-002,APAC,stripe,true,200,262
2026-06-25T23:00:00+00:00,P-002,APAC,stripe,true,200,373
2026-06-25T23:00:00+00:00,P-002,APAC,braintree,true,200,435
2026-06-25T23:00:00+00:00,P-002,APAC,braintree,true,200,282
2026-06-25T23:00:00+00:00,P-002,APAC,braintree,true,200,218
2026-06-25T23:00:00+00:00,P-002,APAC,braintree,true,200,260
2026-06-25T23:00:00+00:00,P-003,LATAM,stripe,true,200,333
2026-06-25T23:00:00+00:00,P-003,LATAM,stripe,true,200,152
2026-06-25T23:00:00+00:00,P-003,LATAM,stripe,true,200,367
2026-06-25T23:00:00+00:00,P-003,LATAM,braintree,true,200,384
2026-06-25T23:00:00+00:00,P-003,LATAM,braintree,true,200,252
2026-06-25T23:00:00+00:00,P-003,LATAM,braintree,true,200,413
2026-06-25T23:00:00+00:00,P-003,LATAM,braintree,true,200,442
2026-06-25T23:00:00+00:00,P-003,LATAM,braintree,true,200,397
2026-06-25T23:00:00+00:00,P-003,LATAM,braintree,false,avs_mismatch,905
2026-06-25T23:00:00+00:00,P-003,LATAM,braintree,true,200,356
2026-06-25T23:00:00+00:00,P-003,LATAM,braintree,true,200,194
2026-06-26T00:00:00+00:00,P-001,EU,stripe,true,200,346
2026-06-26T00:00:00+00:00,P-001,EU,stripe,true,200,384
2026-06-26T00:00:00+00:00,P-001,EU,stripe,true,200,173
2026-06-26T00:00:00+00:00,P-001,EU,braintree,true,200,438
2026-06-26T00:00:00+00:00,P-001,EU,braintree,true,200,321
2026-06-26T00:00:00+00:00,P-001,EU,braintree,true,200,255
2026-06-26T00:00:00+00:00,P-001,EU,braintree,true,200,435
2026-06-26T00:00:00+00:00,P-002,APAC,stripe,true,200,247
2026-06-26T00:00:00+00:00,P-002,APAC,stripe,true,200,417
2026-06-26T00:00:00+00:00,P-002,APAC,stripe,true,200,436
2026-06-26T00:00:00+00:00,P-002,APAC,stripe,true,200,279
2026-06-26T00:00:00+00:00,P-002,APAC,stripe,true,200,315
2026-06-26T00:00:00+00:00,P-002,APAC,stripe,true,200,472
2026-06-26T00:00:00+00:00,P-002,APAC,stripe,true,200,166
2026-06-26T00:00:00+00:00,P-002,APAC,stripe,true,200,421
2026-06-26T00:00:00+00:00,P-002,APAC,braintree,false,avs_mismatch,1000
2026-06-26T00:00:00+00:00,P-002,APAC,braintree,true,200,434
2026-06-26T00:00:00+00:00,P-002,APAC,braintree,true,200,426
2026-06-26T00:00:00+00:00,P-002,APAC,braintree,true,200,149
2026-06-26T00:00:00+00:00,P-002,APAC,braintree,true,200,364
2026-06-26T00:00:00+00:00,P-003,LATAM,stripe,true,200,315
2026-06-26T00:00:00+00:00,P-003,LATAM,stripe,true,200,142
2026-06-26T00:00:00+00:00,P-003,LATAM,stripe,true,200,156
2026-06-26T00:00:00+00:00,P-003,LATAM,stripe,true,200,336
2026-06-26T00:00:00+00:00,P-003,LATAM,stripe,true,200,151
2026-06-26T00:00:00+00:00,P-003,LATAM,braintree,true,200,395
2026-06-26T00:00:00+00:00,P-003,LATAM,braintree,true,200,404
2026-06-26T00:00:00+00:00,P-003,LATAM,braintree,true,200,226
2026-06-26T00:00:00+00:00,P-003,LATAM,braintree,true,200,247
2026-06-26T01:00:00+00:00,P-001,EU,stripe,false,3ds_failed,1157
2026-06-26T01:00:00+00:00,P-001,EU,stripe,true,200,416
2026-06-26T01:00:00+00:00,P-001,EU,stripe,true,200,310
2026-06-26T01:00:00+00:00,P-001,EU,stripe,true,200,314
2026-06-26T01:00:00+00:00,P-001,EU,stripe,true,200,145
2026-06-26T01:00:00+00:00,P-001,EU,stripe,true,200,455
2026-06-26T01:00:00+00:00,P-001,EU,braintree,true,200,189
2026-06-26T01:00:00+00:00,P-001,EU,braintree,true,200,417
2026-06-26T01:00:00+00:00,P-001,EU,braintree,true,200,144
2026-06-26T01:00:00+00:00,P-001,EU,braintree,true,200,312
2026-06-26T01:00:00+00:00,P-001,EU,braintree,false,avs_mismatch,1461
2026-06-26T01:00:00+00:00,P-001,EU,braintree,true,200,405
2026-06-26T01:00:00+00:00,P-001,EU,braintree,true,200,340
2026-06-26T01:00:00+00:00,P-001,EU,braintree,true,200,145
2026-06-26T01:00:00+00:00,P-002,APAC,stripe,true,200,254
2026-06-26T01:00:00+00:00,P-002,APAC,stripe,true,200,279
2026-06-26T01:00:00+00:00,P-002,APAC,stripe,true,200,306
2026-06-26T01:00:00+00:00,P-002,APAC,stripe,true,200,346
2026-06-26T01:00:00+00:00,P-002,APAC,stripe,true,200,134
2026-06-26T01:00:00+00:00,P-002,APAC,braintree,true,200,277
2026-06-26T01:00:00+00:00,P-002,APAC,braintree,true,200,233
2026-06-26T01:00:00+00:00,P-002,APAC,braintree,true,200,379
2026-06-26T01:00:00+00:00,P-002,APAC,braintree,true,200,134
2026-06-26T01:00:00+00:00,P-002,APAC,braintree,true,200,244
2026-06-26T01:00:00+00:00,P-002,APAC,braintree,true,200,309
2026-06-26T01:00:00+00:00,P-002,APAC,braintree,true,200,327
2026-06-26T01:00:00+00:00,P-003,LATAM,stripe,true,200,444
2026-06-26T01:00:00+00:00,P-003,LATAM,stripe,true,200,334
2026-06-26T01:00:00+00:00,P-003,LATAM,stripe,true,200,268
2026-06-26T01:00:00+00:00,P-003,LATAM,stripe,true,200,323
2026-06-26T01:00:00+00:00,P-003,LATAM,stripe,true,200,429
2026-06-26T01:00:00+00:00,P-003,LATAM,stripe,true,200,237
2026-06-26T01:00:00+00:00,P-003,LATAM,braintree,true,200,465
2026-06-26T01:00:00+00:00,P-003,LATAM,braintree,true,200,215
2026-06-26T01:00:00+00:00,P-003,LATAM,braintree,true,200,197
2026-06-26T02:00:00+00:00,P-001,EU,stripe,true,200,351
2026-06-26T02:00:00+00:00,P-001,EU,stripe,true,200,364
2026-06-26T02:00:00+00:00,P-001,EU,stripe,true,200,362
2026-06-26T02:00:00+00:00,P-001,EU,stripe,true,200,188
2026-06-26T02:00:00+00:00,P-001,EU,stripe,true,200,433
2026-06-26T02:00:00+00:00,P-001,EU,braintree,true,200,173
2026-06-26T02:00:00+00:00,P-001,EU,braintree,true,200,263
2026-06-26T02:00:00+00:00,P-001,EU,braintree,true,200,171
2026-06-26T02:00:00+00:00,P-002,APAC,stripe,true,200,377
2026-06-26T02:00:00+00:00,P-002,APAC,stripe,true,200,248
2026-06-26T02:00:00+00:00,P-002,APAC,stripe,true,200,384
2026-06-26T02:00:00+00:00,P-002,APAC,braintree,true,200,150
2026-06-26T02:00:00+00:00,P-002,APAC,braintree,true,200,394
2026-06-26T02:00:00+00:00,P-002,APAC,braintree,true,200,362
2026-06-26T02:00:00+00:00,P-002,APAC,braintree,true,200,322
2026-06-26T02:00:00+00:00,P-002,APAC,braintree,true,200,373
2026-06-26T02:00:00+00:00,P-002,APAC,braintree,false,processor_timeout,1301
2026-06-26T02:00:00+00:00,P-002,APAC,braintree,true,200,208
2026-06-26T02:00:00+00:00,P-002,APAC,braintree,true,200,303
2026-06-26T02:00:00+00:00,P-003,LATAM,stripe,true,200,126
2026-06-26T02:00:00+00:00,P-003,LATAM,stripe,true,200,259
2026-06-26T02:00:00+00:00,P-003,LATAM,stripe,true,200,329
2026-06-26T02:00:00+00:00,P-003,LATAM,stripe,true,200,204
2026-06-26T02:00:00+00:00,P-003,LATAM,stripe,true,200,337
2026-06-26T02:00:00+00:00,P-003,LATAM,stripe,true,200,176
2026-06-26T02:00:00+00:00,P-003,LATAM,braintree,true,200,390
2026-06-26T02:00:00+00:00,P-003,LATAM,braintree,true,200,365
2026-06-26T02:00:00+00:00,P-003,LATAM,braintree,true,200,340
2026-06-26T02:00:00+00:00,P-003,LATAM,braintree,true,200,421
2026-06-26T03:00:00+00:00,P-001,EU,stripe,true,200,392
2026-06-26T03:00:00+00:00,P-001,EU,stripe,true,200,403
2026-06-26T03:00:00+00:00,P-001,EU,stripe,true,200,445
2026-06-26T03:00:00+00:00,P-001,EU,stripe,true,200,255
2026-06-26T03:00:00+00:00,P-001,EU,stripe,true,200,209
2026-06-26T03:00:00+00:00,P-001,EU,stripe,true,200,183
2026-06-26T03:00:00+00:00,P-001,EU,stripe,true,200,475
2026-06-26T03:00:00+00:00,P-001,EU,stripe,true,200,377
2026-06-26T03:00:00+00:00,P-001,EU,braintree,true,200,305
2026-06-26T03:00:00+00:00,P-001,EU,braintree,true,200,257
2026-06-26T03:00:00+00:00,P-001,EU,braintree,true,200,466
2026-06-26T03:00:00+00:00,P-001,EU,braintree,false,gateway_unavailable,1525
2026-06-26T03:00:00+00:00,P-001,EU,braintree,true,200,266
2026-06-26T03:00:00+00:00,P-002,APAC,stripe,true,200,194
2026-06-26T03:00:00+00:00,P-002,APAC,stripe,true,200,159
2026-06-26T03:00:00+00:00,P-002,APAC,stripe,true,200,219
2026-06-26T03:00:00+00:00,P-002,APAC,stripe,true,200,349
2026-06-26T03:00:00+00:00,P-002,APAC,stripe,true,200,395
2026-06-26T03:00:00+00:00,P-002,APAC,stripe,true,200,371
2026-06-26T03:00:00+00:00,P-002,APAC,stripe,true,200,437
2026-06-26T03:00:00+00:00,P-002,APAC,stripe,true,200,163
2026-06-26T03:00:00+00:00,P-002,APAC,braintree,true,200,323
2026-06-26T03:00:00+00:00,P-002,APAC,braintree,true,200,244
2026-06-26T03:00:00+00:00,P-002,APAC,braintree,true,200,450
2026-06-26T03:00:00+00:00,P-002,APAC,braintree,true,200,205
2026-06-26T03:00:00+00:00,P-002,APAC,braintree,true,200,135
2026-06-26T03:00:00+00:00,P-002,APAC,braintree,true,200,404
2026-06-26T03:00:00+00:00,P-003,LATAM,stripe,true,200,206
2026-06-26T03:00:00+00:00,P-003,LATAM,stripe,true,200,363
2026-06-26T03:00:00+00:00,P-003,LATAM,stripe,true,200,126
2026-06-26T03:00:00+00:00,P-003,LATAM,stripe,true,200,151
2026-06-26T03:00:00+00:00,P-003,LATAM,stripe,true,200,154
2026-06-26T03:00:00+00:00,P-003,LATAM,stripe,true,200,318
2026-06-26T03:00:00+00:00,P-003,LATAM,stripe,false,card_declined,1422
2026-06-26T03:00:00+00:00,P-003,LATAM,braintree,true,200,219
2026-06-26T03:00:00+00:00,P-003,LATAM,braintree,true,200,431
2026-06-26T03:00:00+00:00,P-003,LATAM,braintree,false,processor_timeout,1565
2026-06-26T03:00:00+00:00,P-003,LATAM,braintree,true,200,377
2026-06-26T03:00:00+00:00,P-003,LATAM,braintree,true,200,256
2026-06-26T04:00:00+00:00,P-001,EU,stripe,true,200,289
2026-06-26T04:00:00+00:00,P-001,EU,stripe,true,200,276
2026-06-26T04:00:00+00:00,P-001,EU,stripe,true,200,478
2026-06-26T04:00:00+00:00,P-001,EU,stripe,true,200,173
2026-06-26T04:00:00+00:00,P-001,EU,stripe,true,200,322
2026-06-26T04:00:00+00:00,P-001,EU,stripe,true,200,378
2026-06-26T04:00:00+00:00,P-001,EU,stripe,true,200,154
2026-06-26T04:00:00+00:00,P-001,EU,braintree,true,200,208
2026-06-26T04:00:00+00:00,P-001,EU,braintree,true,200,250
2026-06-26T04:00:00+00:00,P-001,EU,braintree,true,200,304
2026-06-26T04:00:00+00:00,P-001,EU,braintree,true,200,338
2026-06-26T04:00:00+00:00,P-001,EU,braintree,true,200,392
2026-06-26T04:00:00+00:00,P-001,EU,braintree,true,200,393
2026-06-26T04:00:00+00:00,P-002,APAC,stripe,true,200,363
2026-06-26T04:00:00+00:00,P-002,APAC,stripe,true,200,231
2026-06-26T04:00:00+00:00,P-002,APAC,stripe,true,200,402
2026-06-26T04:00:00+00:00,P-002,APAC,stripe,true,200,448
2026-06-26T04:00:00+00:00,P-002,APAC,stripe,true,200,462
2026-06-26T04:00:00+00:00,P-002,APAC,braintree,true,200,425
2026-06-26T04:00:00+00:00,P-002,APAC,braintree,true,200,394
2026-06-26T04:00:00+00:00,P-002,APAC,braintree,true,200,377
2026-06-26T04:00:00+00:00,P-002,APAC,braintree,true,200,250
2026-06-26T04:00:00+00:00,P-002,APAC,braintree,true,200,317
2026-06-26T04:00:00+00:00,P-003,LATAM,stripe,true,200,337
2026-06-26T04:00:00+00:00,P-003,LATAM,stripe,false,3ds_failed,1953
2026-06-26T04:00:00+00:00,P-003,LATAM,stripe,true,200,473
2026-06-26T04:00:00+00:00,P-003,LATAM,stripe,true,200,276
2026-06-26T04:00:00+00:00,P-003,LATAM,stripe,false,insufficient_funds,1885
2026-06-26T04:00:00+00:00,P-003,LATAM,stripe,true,200,188
2026-06-26T04:00:00+00:00,P-003,LATAM,stripe,true,200,173
2026-06-26T04:00:00+00:00,P-003,LATAM,braintree,true,200,468
2026-06-26T04:00:00+00:00,P-003,LATAM,braintree,true,200,312
2026-06-26T04:00:00+00:00,P-003,LATAM,braintree,true,200,165
2026-06-26T04:00:00+00:00,P-003,LATAM,braintree,true,200,426
2026-06-26T04:00:00+00:00,P-003,LATAM,braintree,true,200,315
2026-06-26T05:00:00+00:00,P-001,EU,stripe,true,200,257
2026-06-26T05:00:00+00:00,P-001,EU,stripe,true,200,224
2026-06-26T05:00:00+00:00,P-001,EU,stripe,true,200,452
2026-06-26T05:00:00+00:00,P-001,EU,stripe,true,200,350
2026-06-26T05:00:00+00:00,P-001,EU,stripe,true,200,240
2026-06-26T05:00:00+00:00,P-001,EU,stripe,true,200,172
2026-06-26T05:00:00+00:00,P-001,EU,stripe,true,200,177
2026-06-26T05:00:00+00:00,P-001,EU,stripe,false,3ds_failed,2025
2026-06-26T05:00:00+00:00,P-001,EU,braintree,true,200,200
2026-06-26T05:00:00+00:00,P-001,EU,braintree,false,avs_mismatch,1330
2026-06-26T05:00:00+00:00,P-001,EU,braintree,false,avs_mismatch,1954
2026-06-26T05:00:00+00:00,P-001,EU,braintree,true,200,415
2026-06-26T05:00:00+00:00,P-001,EU,braintree,true,200,228
2026-06-26T05:00:00+00:00,P-001,EU,braintree,true,200,182
2026-06-26T05:00:00+00:00,P-002,APAC,stripe,true,200,127
2026-06-26T05:00:00+00:00,P-002,APAC,stripe,true,200,209
2026-06-26T05:00:00+00:00,P-002,APAC,stripe,true,200,128
2026-06-26T05:00:00+00:00,P-002,APAC,braintree,true,200,317
2026-06-26T05:00:00+00:00,P-002,APAC,braintree,true,200,314
2026-06-26T05:00:00+00:00,P-002,APAC,braintree,true,200,135
2026-06-26T05:00:00+00:00,P-003,LATAM,stripe,true,200,425
2026-06-26T05:00:00+00:00,P-003,LATAM,stripe,true,200,405
2026-06-26T05:00:00+00:00,P-003,LATAM,stripe,true,200,466
2026-06-26T05:00:00+00:00,P-003,LATAM,stripe,true,200,317
2026-06-26T05:00:00+00:00,P-003,LATAM,stripe,true,200,400
2026-06-26T05:00:00+00:00,P-003,LATAM,stripe,true,200,271
2026-06-26T05:00:00+00:00,P-003,LATAM,stripe,true,200,316
2026-06-26T05:00:00+00:00,P-003,LATAM,braintree,true,200,240
2026-06-26T05:00:00+00:00,P-003,LATAM,braintree,true,200,268
2026-06-26T05:00:00+00:00,P-003,LATAM,braintree,true,200,452
2026-06-26T06:00:00+00:00,P-001,EU,stripe,true,200,163
2026-06-26T06:00:00+00:00,P-001,EU,stripe,true,200,144
2026-06-26T06:00:00+00:00,P-001,EU,stripe,true,200,261
2026-06-26T06:00:00+00:00,P-001,EU,stripe,true,200,401
2026-06-26T06:00:00+00:00,P-001,EU,braintree,true,200,281
2026-06-26T06:00:00+00:00,P-001,EU,braintree,true,200,421
2026-06-26T06:00:00+00:00,P-001,EU,braintree,true,200,466
2026-06-26T06:00:00+00:00,P-001,EU,braintree,true,200,137
2026-06-26T06:00:00+00:00,P-001,EU,braintree,true,200,128
2026-06-26T06:00:00+00:00,P-001,EU,braintree,true,200,326
2026-06-26T06:00:00+00:00,P-001,EU,braintree,true,200,121
2026-06-26T06:00:00+00:00,P-001,EU,braintree,true,200,262
2026-06-26T06:00:00+00:00,P-002,APAC,stripe,false,3ds_failed,1676
2026-06-26T06:00:00+00:00,P-002,APAC,stripe,true,200,158
2026-06-26T06:00:00+00:00,P-002,APAC,stripe,true,200,472
2026-06-26T06:00:00+00:00,P-002,APAC,stripe,true,200,341
2026-06-26T06:00:00+00:00,P-002,APAC,stripe,false,3ds_failed,1698
2026-06-26T06:00:00+00:00,P-002,APAC,braintree,true,200,157
2026-06-26T06:00:00+00:00,P-002,APAC,braintree,true,200,451
2026-06-26T06:00:00+00:00,P-002,APAC,braintree,true,200,309
2026-06-26T06:00:00+00:00,P-002,APAC,braintree,true,200,164
2026-06-26T06:00:00+00:00,P-002,APAC,braintree,true,200,480
2026-06-26T06:00:00+00:00,P-002,APAC,braintree,true,200,235
2026-06-26T06:00:00+00:00,P-003,LATAM,stripe,true,200,348
2026-06-26T06:00:00+00:00,P-003,LATAM,stripe,true,200,171
2026-06-26T06:00:00+00:00,P-003,LATAM,stripe,true,200,422
2026-06-26T06:00:00+00:00,P-003,LATAM,stripe,true,200,436
2026-06-26T06:00:00+00:00,P-003,LATAM,stripe,true,200,387
2026-06-26T06:00:00+00:00,P-003,LATAM,braintree,true,200,407
2026-06-26T06:00:00+00:00,P-003,LATAM,braintree,true,200,340
2026-06-26T06:00:00+00:00,P-003,LATAM,braintree,true,200,223
2026-06-26T06:00:00+00:00,P-003,LATAM,braintree,true,200,192
2026-06-26T06:00:00+00:00,P-003,LATAM,braintree,true,200,410
2026-06-26T06:00:00+00:00,P-003,LATAM,braintree,true,200,327
2026-06-26T06:00:00+00:00,P-003,LATAM,braintree,true,200,430
2026-06-26T07:00:00+00:00,P-001,EU,stripe,true,200,390
2026-06-26T07:00:00+00:00,P-001,EU,stripe,true,200,341
2026-06-26T07:00:00+00:00,P-001,EU,stripe,true,200,386
2026-06-26T07:00:00+00:00,P-001,EU,stripe,true,200,409
2026-06-26T07:00:00+00:00,P-001,EU,stripe,true,200,390
2026-06-26T07:00:00+00:00,P-001,EU,stripe,false,3ds_failed,2212
2026-06-26T07:00:00+00:00,P-001,EU,braintree,true,200,157
2026-06-26T07:00:00+00:00,P-001,EU,braintree,true,200,309
2026-06-26T07:00:00+00:00,P-001,EU,braintree,true,200,339
2026-06-26T07:00:00+00:00,P-001,EU,braintree,true,200,352
2026-06-26T07:00:00+00:00,P-001,EU,braintree,true,200,411
2026-06-26T07:00:00+00:00,P-001,EU,braintree,true,200,313
2026-06-26T07:00:00+00:00,P-002,APAC,stripe,true,200,241
2026-06-26T07:00:00+00:00,P-002,APAC,stripe,true,200,164
2026-06-26T07:00:00+00:00,P-002,APAC,stripe,true,200,479
2026-06-26T07:00:00+00:00,P-002,APAC,braintree,true,200,443
2026-06-26T07:00:00+00:00,P-002,APAC,braintree,true,200,406
2026-06-26T07:00:00+00:00,P-002,APAC,braintree,true,200,215
2026-06-26T07:00:00+00:00,P-002,APAC,braintree,true,200,274
2026-06-26T07:00:00+00:00,P-002,APAC,braintree,false,avs_mismatch,911
2026-06-26T07:00:00+00:00,P-003,LATAM,stripe,true,200,191
2026-06-26T07:00:00+00:00,P-003,LATAM,stripe,true,200,356
2026-06-26T07:00:00+00:00,P-003,LATAM,stripe,true,200,381
2026-06-26T07:00:00+00:00,P-003,LATAM,stripe,true,200,180
2026-06-26T07:00:00+00:00,P-003,LATAM,stripe,true,200,353
2026-06-26T07:00:00+00:00,P-003,LATAM,stripe,true,200,166
2026-06-26T07:00:00+00:00,P-003,LATAM,stripe,true,200,190
2026-06-26T07:00:00+00:00,P-003,LATAM,braintree,true,200,428
2026-06-26T07:00:00+00:00,P-003,LATAM,braintree,true,200,158
2026-06-26T07:00:00+00:00,P-003,LATAM,braintree,true,200,464
2026-06-26T07:00:00+00:00,P-003,LATAM,braintree,true,200,450
2026-06-26T07:00:00+00:00,P-003,LATAM,braintree,true,200,263
2026-06-26T07:00:00+00:00,P-003,LATAM,braintree,true,200,423
2026-06-26T08:00:00+00:00,P-001,EU,stripe,true,200,343
2026-06-26T08:00:00+00:00,P-001,EU,stripe,true,200,203
2026-06-26T08:00:00+00:00,P-001,EU,stripe,true,200,364
2026-06-26T08:00:00+00:00,P-001,EU,stripe,true,200,420
2026-06-26T08:00:00+00:00,P-001,EU,stripe,true,200,147
2026-06-26T08:00:00+00:00,P-001,EU,stripe,true,200,255
2026-06-26T08:00:00+00:00,P-001,EU,braintree,true,200,256
2026-06-26T08:00:00+00:00,P-001,EU,braintree,true,200,173
2026-06-26T08:00:00+00:00,P-001,EU,braintree,true,200,297
2026-06-26T08:00:00+00:00,P-001,EU,braintree,true,200,310
2026-06-26T08:00:00+00:00,P-001,EU,braintree,true,200,143
2026-06-26T08:00:00+00:00,P-001,EU,braintree,true,200,378
2026-06-26T08:00:00+00:00,P-001,EU,braintree,true,200,415
2026-06-26T08:00:00+00:00,P-001,EU,braintree,true,200,307
2026-06-26T08:00:00+00:00,P-002,APAC,stripe,true,200,414
2026-06-26T08:00:00+00:00,P-002,APAC,stripe,true,200,145
2026-06-26T08:00:00+00:00,P-002,APAC,stripe,true,200,324
2026-06-26T08:00:00+00:00,P-002,APAC,stripe,true,200,480
2026-06-26T08:00:00+00:00,P-002,APAC,stripe,true,200,329
2026-06-26T08:00:00+00:00,P-002,APAC,stripe,true,200,147
2026-06-26T08:00:00+00:00,P-002,APAC,braintree,true,200,189
2026-06-26T08:00:00+00:00,P-002,APAC,braintree,true,200,360
2026-06-26T08:00:00+00:00,P-002,APAC,braintree,false,avs_mismatch,1233
2026-06-26T08:00:00+00:00,P-002,APAC,braintree,true,200,432
2026-06-26T08:00:00+00:00,P-002,APAC,braintree,true,200,263
2026-06-26T08:00:00+00:00,P-002,APAC,braintree,true,200,165
2026-06-26T08:00:00+00:00,P-003,LATAM,stripe,true,200,384
2026-06-26T08:00:00+00:00,P-003,LATAM,stripe,true,200,472
2026-06-26T08:00:00+00:00,P-003,LATAM,stripe,true,200,351
2026-06-26T08:00:00+00:00,P-003,LATAM,stripe,true,200,189
2026-06-26T08:00:00+00:00,P-003,LATAM,stripe,false,card_declined,1697
2026-06-26T08:00:00+00:00,P-003,LATAM,stripe,true,200,397
2026-06-26T08:00:00+00:00,P-003,LATAM,braintree,true,200,153
2026-06-26T08:00:00+00:00,P-003,LATAM,braintree,true,200,299
2026-06-26T08:00:00+00:00,P-003,LATAM,braintree,false,avs_mismatch,2329
2026-06-26T08:00:00+00:00,P-003,LATAM,braintree,true,200,150
2026-06-26T08:00:00+00:00,P-003,LATAM,braintree,true,200,414
2026-06-26T09:00:00+00:00,P-001,EU,stripe,false,3ds_failed,1264
2026-06-26T09:00:00+00:00,P-001,EU,stripe,true,200,175
2026-06-26T09:00:00+00:00,P-001,EU,stripe,false,3ds_failed,1076
2026-06-26T09:00:00+00:00,P-001,EU,stripe,true,200,338
2026-06-26T09:00:00+00:00,P-001,EU,stripe,true,200,142
2026-06-26T09:00:00+00:00,P-001,EU,braintree,true,200,345
2026-06-26T09:00:00+00:00,P-001,EU,braintree,true,200,411
2026-06-26T09:00:00+00:00,P-001,EU,braintree,true,200,142
2026-06-26T09:00:00+00:00,P-001,EU,braintree,true,200,156
2026-06-26T09:00:00+00:00,P-001,EU,braintree,true,200,423
2026-06-26T09:00:00+00:00,P-001,EU,braintree,true,200,127
2026-06-26T09:00:00+00:00,P-001,EU,braintree,true,200,367
2026-06-26T09:00:00+00:00,P-001,EU,braintree,true,200,478
2026-06-26T09:00:00+00:00,P-002,APAC,stripe,true,200,378
2026-06-26T09:00:00+00:00,P-002,APAC,stripe,true,200,279
2026-06-26T09:00:00+00:00,P-002,APAC,stripe,true,200,287
2026-06-26T09:00:00+00:00,P-002,APAC,stripe,true,200,236
2026-06-26T09:00:00+00:00,P-002,APAC,stripe,true,200,192
2026-06-26T09:00:00+00:00,P-002,APAC,stripe,true,200,387
2026-06-26T09:00:00+00:00,P-002,APAC,stripe,true,200,423
2026-06-26T09:00:00+00:00,P-002,APAC,stripe,true,200,229
2026-06-26T09:00:00+00:00,P-002,APAC,braintree,true,200,424
2026-06-26T09:00:00+00:00,P-002,APAC,braintree,true,200,361
2026-06-26T09:00:00+00:00,P-002,APAC,braintree,true,200,331
2026-06-26T09:00:00+00:00,P-002,APAC,braintree,true,200,165
2026-06-26T09:00:00+00:00,P-002,APAC,braintree,false,avs_mismatch,1954
2026-06-26T09:00:00+00:00,P-002,APAC,braintree,true,200,362
2026-06-26T09:00:00+00:00,P-003,LATAM,stripe,true,200,395
2026-06-26T09:00:00+00:00,P-003,LATAM,stripe,true,200,156
2026-06-26T09:00:00+00:00,P-003,LATAM,stripe,true,200,290
2026-06-26T09:00:00+00:00,P-003,LATAM,stripe,true,200,300
2026-06-26T09:00:00+00:00,P-003,LATAM,braintree,true,200,326
2026-06-26T09:00:00+00:00,P-003,LATAM,braintree,true,200,213
2026-06-26T09:00:00+00:00,P-003,LATAM,braintree,true,200,271
2026-06-26T09:00:00+00:00,P-003,LATAM,braintree,true,200,304
2026-06-26T09:00:00+00:00,P-003,LATAM,braintree,true,200,388
2026-06-26T09:00:00+00:00,P-003,LATAM,braintree,true,200,243
2026-06-26T09:00:00+00:00,P-003,LATAM,braintree,true,200,197
2026-06-26T10:00:00+00:00,P-001,EU,stripe,true,200,327
2026-06-26T10:00:00+00:00,P-001,EU,stripe,true,200,399
2026-06-26T10:00:00+00:00,P-001,EU,stripe,true,200,339
2026-06-26T10:00:00+00:00,P-001,EU,stripe,true,200,421
2026-06-26T10:00:00+00:00,P-001,EU,stripe,true,200,248
2026-06-26T10:00:00+00:00,P-001,EU,stripe,true,200,397
2026-06-26T10:00:00+00:00,P-001,EU,braintree,true,200,275
2026-06-26T10:00:00+00:00,P-001,EU,braintree,false,gateway_unavailable,1366
2026-06-26T10:00:00+00:00,P-001,EU,braintree,true,200,442
2026-06-26T10:00:00+00:00,P-001,EU,braintree,false,gateway_unavailable,1731
2026-06-26T10:00:00+00:00,P-001,EU,braintree,true,200,396
2026-06-26T10:00:00+00:00,P-001,EU,braintree,true,200,291
2026-06-26T10:00:00+00:00,P-001,EU,braintree,true,200,347
2026-06-26T10:00:00+00:00,P-002,APAC,stripe,true,200,321
2026-06-26T10:00:00+00:00,P-002,APAC,stripe,true,200,437
2026-06-26T10:00:00+00:00,P-002,APAC,stripe,true,200,160
2026-06-26T10:00:00+00:00,P-002,APAC,stripe,true,200,323
2026-06-26T10:00:00+00:00,P-002,APAC,stripe,true,200,409
2026-06-26T10:00:00+00:00,P-002,APAC,braintree,true,200,124
2026-06-26T10:00:00+00:00,P-002,APAC,braintree,true,200,396
2026-06-26T10:00:00+00:00,P-002,APAC,braintree,false,gateway_unavailable,1119
2026-06-26T10:00:00+00:00,P-002,APAC,braintree,true,200,442
2026-06-26T10:00:00+00:00,P-003,LATAM,stripe,true,200,134
2026-06-26T10:00:00+00:00,P-003,LATAM,stripe,true,200,427
2026-06-26T10:00:00+00:00,P-003,LATAM,stripe,true,200,239
2026-06-26T10:00:00+00:00,P-003,LATAM,stripe,true,200,162
2026-06-26T10:00:00+00:00,P-003,LATAM,stripe,false,insufficient_funds,2495
2026-06-26T10:00:00+00:00,P-003,LATAM,stripe,true,200,318
2026-06-26T10:00:00+00:00,P-003,LATAM,stripe,true,200,471
2026-06-26T10:00:00+00:00,P-003,LATAM,stripe,true,200,288
2026-06-26T10:00:00+00:00,P-003,LATAM,braintree,true,200,347
2026-06-26T10:00:00+00:00,P-003,LATAM,braintree,true,200,147
2026-06-26T10:00:00+00:00,P-003,LATAM,braintree,true,200,210
2026-06-26T10:00:00+00:00,P-003,LATAM,braintree,true,200,132
2026-06-26T10:00:00+00:00,P-003,LATAM,braintree,true,200,437
2026-06-26T11:00:00+00:00,P-001,EU,stripe,true,200,281
2026-06-26T11:00:00+00:00,P-001,EU,stripe,true,200,257
2026-06-26T11:00:00+00:00,P-001,EU,stripe,true,200,162
2026-06-26T11:00:00+00:00,P-001,EU,stripe,true,200,120
2026-06-26T11:00:00+00:00,P-001,EU,stripe,true,200,461
2026-06-26T11:00:00+00:00,P-001,EU,braintree,true,200,280
2026-06-26T11:00:00+00:00,P-001,EU,braintree,true,200,409
2026-06-26T11:00:00+00:00,P-001,EU,braintree,true,200,150
2026-06-26T11:00:00+00:00,P-001,EU,braintree,true,200,333
2026-06-26T11:00:00+00:00,P-002,APAC,stripe,true,200,160
2026-06-26T11:00:00+00:00,P-002,APAC,stripe,true,200,292
2026-06-26T11:00:00+00:00,P-002,APAC,stripe,true,200,213
2026-06-26T11:00:00+00:00,P-002,APAC,stripe,true,200,297
2026-06-26T11:00:00+00:00,P-002,APAC,stripe,false,3ds_failed,2305
2026-06-26T11:00:00+00:00,P-002,APAC,stripe,true,200,252
2026-06-26T11:00:00+00:00,P-002,APAC,stripe,true,200,436
2026-06-26T11:00:00+00:00,P-002,APAC,stripe,true,200,344
2026-06-26T11:00:00+00:00,P-002,APAC,braintree,true,200,372
2026-06-26T11:00:00+00:00,P-002,APAC,braintree,true,200,346
2026-06-26T11:00:00+00:00,P-002,APAC,braintree,true,200,186
2026-06-26T11:00:00+00:00,P-002,APAC,braintree,true,200,401
2026-06-26T11:00:00+00:00,P-002,APAC,braintree,true,200,301
2026-06-26T11:00:00+00:00,P-003,LATAM,stripe,true,200,465
2026-06-26T11:00:00+00:00,P-003,LATAM,stripe,true,200,134
2026-06-26T11:00:00+00:00,P-003,LATAM,stripe,true,200,461
2026-06-26T11:00:00+00:00,P-003,LATAM,stripe,true,200,153
2026-06-26T11:00:00+00:00,P-003,LATAM,stripe,true,200,321
2026-06-26T11:00:00+00:00,P-003,LATAM,stripe,true,200,466
2026-06-26T11:00:00+00:00,P-003,LATAM,stripe,true,200,275
2026-06-26T11:00:00+00:00,P-003,LATAM,stripe,true,200,126
2026-06-26T11:00:00+00:00,P-003,LATAM,braintree,true,200,416
2026-06-26T11:00:00+00:00,P-003,LATAM,braintree,true,200,262
2026-06-26T11:00:00+00:00,P-003,LATAM,braintree,true,200,136
2026-06-26T11:00:00+00:00,P-003,LATAM,braintree,true,200,339
2026-06-26T12:00:00+00:00,P-001,EU,stripe,true,200,477
2026-06-26T12:00:00+00:00,P-001,EU,stripe,false,insufficient_funds,1031
2026-06-26T12:00:00+00:00,P-001,EU,stripe,true,200,273
2026-06-26T12:00:00+00:00,P-001,EU,braintree,true,200,168
2026-06-26T12:00:00+00:00,P-001,EU,braintree,false,avs_mismatch,1589
2026-06-26T12:00:00+00:00,P-001,EU,braintree,true,200,435
2026-06-26T12:00:00+00:00,P-001,EU,braintree,true,200,399
2026-06-26T12:00:00+00:00,P-001,EU,braintree,true,200,244
2026-06-26T12:00:00+00:00,P-001,EU,braintree,true,200,471
2026-06-26T12:00:00+00:00,P-001,EU,braintree,true,200,195
2026-06-26T12:00:00+00:00,P-001,EU,braintree,true,200,318
2026-06-26T12:00:00+00:00,P-002,APAC,stripe,true,200,328
2026-06-26T12:00:00+00:00,P-002,APAC,stripe,false,3ds_failed,2082
2026-06-26T12:00:00+00:00,P-002,APAC,stripe,true,200,129
2026-06-26T12:00:00+00:00,P-002,APAC,braintree,true,200,400
2026-06-26T12:00:00+00:00,P-002,APAC,braintree,true,200,399
2026-06-26T12:00:00+00:00,P-002,APAC,braintree,true,200,344
2026-06-26T12:00:00+00:00,P-002,APAC,braintree,true,200,142
2026-06-26T12:00:00+00:00,P-002,APAC,braintree,true,200,243
2026-06-26T12:00:00+00:00,P-002,APAC,braintree,false,avs_mismatch,1446
2026-06-26T12:00:00+00:00,P-003,LATAM,stripe,true,200,231
2026-06-26T12:00:00+00:00,P-003,LATAM,stripe,true,200,411
2026-06-26T12:00:00+00:00,P-003,LATAM,stripe,true,200,277
2026-06-26T12:00:00+00:00,P-003,LATAM,stripe,true,200,311
2026-06-26T12:00:00+00:00,P-003,LATAM,stripe,true,200,130
2026-06-26T12:00:00+00:00,P-003,LATAM,stripe,true,200,371
2026-06-26T12:00:00+00:00,P-003,LATAM,stripe,true,200,200
2026-06-26T12:00:00+00:00,P-003,LATAM,stripe,true,200,124
2026-06-26T12:00:00+00:00,P-003,LATAM,braintree,true,200,298
2026-06-26T12:00:00+00:00,P-003,LATAM,braintree,true,200,157
2026-06-26T12:00:00+00:00,P-003,LATAM,braintree,true,200,314
2026-06-26T12:00:00+00:00,P-003,LATAM,braintree,true,200,186
2026-06-26T13:00:00+00:00,P-001,EU,stripe,true,200,174
2026-06-26T13:00:00+00:00,P-001,EU,stripe,true,200,250
2026-06-26T13:00:00+00:00,P-001,EU,stripe,true,200,151
2026-06-26T13:00:00+00:00,P-001,EU,stripe,true,200,458
2026-06-26T13:00:00+00:00,P-001,EU,stripe,true,200,479
2026-06-26T13:00:00+00:00,P-001,EU,stripe,true,200,232
2026-06-26T13:00:00+00:00,P-001,EU,braintree,true,200,168
2026-06-26T13:00:00+00:00,P-001,EU,braintree,true,200,136
2026-06-26T13:00:00+00:00,P-001,EU,braintree,true,200,449
2026-06-26T13:00:00+00:00,P-001,EU,braintree,true,200,335
2026-06-26T13:00:00+00:00,P-002,APAC,stripe,true,200,245
2026-06-26T13:00:00+00:00,P-002,APAC,stripe,true,200,396
2026-06-26T13:00:00+00:00,P-002,APAC,stripe,true,200,331
2026-06-26T13:00:00+00:00,P-002,APAC,stripe,true,200,244
2026-06-26T13:00:00+00:00,P-002,APAC,stripe,true,200,179
2026-06-26T13:00:00+00:00,P-002,APAC,stripe,true,200,321
2026-06-26T13:00:00+00:00,P-002,APAC,stripe,true,200,189
2026-06-26T13:00:00+00:00,P-002,APAC,stripe,true,200,123
2026-06-26T13:00:00+00:00,P-002,APAC,braintree,true,200,291
2026-06-26T13:00:00+00:00,P-002,APAC,braintree,false,gateway_unavailable,1584
2026-06-26T13:00:00+00:00,P-002,APAC,braintree,true,200,408
2026-06-26T13:00:00+00:00,P-002,APAC,braintree,true,200,398
2026-06-26T13:00:00+00:00,P-002,APAC,braintree,true,200,409
2026-06-26T13:00:00+00:00,P-003,LATAM,stripe,true,200,423
2026-06-26T13:00:00+00:00,P-003,LATAM,stripe,true,200,336
2026-06-26T13:00:00+00:00,P-003,LATAM,stripe,true,200,322
2026-06-26T13:00:00+00:00,P-003,LATAM,stripe,true,200,243
2026-06-26T13:00:00+00:00,P-003,LATAM,braintree,true,200,211
2026-06-26T13:00:00+00:00,P-003,LATAM,braintree,true,200,475
2026-06-26T13:00:00+00:00,P-003,LATAM,braintree,true,200,309
2026-06-26T13:00:00+00:00,P-003,LATAM,braintree,true,200,215
2026-06-26T13:00:00+00:00,P-003,LATAM,braintree,true,200,356
2026-06-26T13:00:00+00:00,P-003,LATAM,braintree,false,processor_timeout,2323
2026-06-26T14:00:00+00:00,P-001,EU,stripe,true,200,347
2026-06-26T14:00:00+00:00,P-001,EU,stripe,true,200,296
2026-06-26T14:00:00+00:00,P-001,EU,stripe,true,200,235
2026-06-26T14:00:00+00:00,P-001,EU,stripe,true,200,401
2026-06-26T14:00:00+00:00,P-001,EU,stripe,true,200,216
2026-06-26T14:00:00+00:00,P-001,EU,stripe,true,200,206
2026-06-26T14:00:00+00:00,P-001,EU,stripe,true,200,431
2026-06-26T14:00:00+00:00,P-001,EU,braintree,true,200,154
2026-06-26T14:00:00+00:00,P-001,EU,braintree,true,200,388
2026-06-26T14:00:00+00:00,P-001,EU,braintree,true,200,387
2026-06-26T14:00:00+00:00,P-001,EU,braintree,true,200,370
2026-06-26T14:00:00+00:00,P-001,EU,braintree,true,200,471
2026-06-26T14:00:00+00:00,P-001,EU,braintree,true,200,168
2026-06-26T14:00:00+00:00,P-001,EU,braintree,true,200,177
2026-06-26T14:00:00+00:00,P-001,EU,braintree,true,200,228
2026-06-26T14:00:00+00:00,P-002,APAC,stripe,true,200,401
2026-06-26T14:00:00+00:00,P-002,APAC,stripe,true,200,421
2026-06-26T14:00:00+00:00,P-002,APAC,stripe,true,200,411
2026-06-26T14:00:00+00:00,P-002,APAC,stripe,true,200,473
2026-06-26T14:00:00+00:00,P-002,APAC,stripe,false,card_declined,2341
2026-06-26T14:00:00+00:00,P-002,APAC,stripe,true,200,315
2026-06-26T14:00:00+00:00,P-002,APAC,stripe,true,200,142
2026-06-26T14:00:00+00:00,P-002,APAC,braintree,true,200,293
2026-06-26T14:00:00+00:00,P-002,APAC,braintree,true,200,365
2026-06-26T14:00:00+00:00,P-002,APAC,braintree,true,200,478
2026-06-26T14:00:00+00:00,P-002,APAC,braintree,true,200,230
2026-06-26T14:00:00+00:00,P-002,APAC,braintree,true,200,312
2026-06-26T14:00:00+00:00,P-002,APAC,braintree,true,200,199
2026-06-26T14:00:00+00:00,P-002,APAC,braintree,true,200,417
2026-06-26T14:00:00+00:00,P-002,APAC,braintree,true,200,208
2026-06-26T14:00:00+00:00,P-003,LATAM,stripe,true,200,279
2026-06-26T14:00:00+00:00,P-003,LATAM,stripe,true,200,456
2026-06-26T14:00:00+00:00,P-003,LATAM,stripe,true,200,383
2026-06-26T14:00:00+00:00,P-003,LATAM,stripe,true,200,364
2026-06-26T14:00:00+00:00,P-003,LATAM,stripe,true,200,147
2026-06-26T14:00:00+00:00,P-003,LATAM,stripe,true,200,229
2026-06-26T14:00:00+00:00,P-003,LATAM,stripe,true,200,394
2026-06-26T14:00:00+00:00,P-003,LATAM,braintree,true,200,237
2026-06-26T14:00:00+00:00,P-003,LATAM,braintree,true,200,199
2026-06-26T14:00:00+00:00,P-003,LATAM,braintree,true,200,165
2026-06-26T14:00:00+00:00,P-003,LATAM,braintree,true,200,369
2026-06-26T15:00:00+00:00,P-001,EU,stripe,true,200,187
2026-06-26T15:00:00+00:00,P-001,EU,stripe,true,200,388
2026-06-26T15:00:00+00:00,P-001,EU,stripe,true,200,153
2026-06-26T15:00:00+00:00,P-001,EU,stripe,true,200,304
2026-06-26T15:00:00+00:00,P-001,EU,stripe,true,200,220
2026-06-26T15:00:00+00:00,P-001,EU,braintree,true,200,184
2026-06-26T15:00:00+00:00,P-001,EU,braintree,true,200,126
2026-06-26T15:00:00+00:00,P-001,EU,braintree,true,200,444
2026-06-26T15:00:00+00:00,P-001,EU,braintree,true,200,145
2026-06-26T15:00:00+00:00,P-001,EU,braintree,true,200,476
2026-06-26T15:00:00+00:00,P-001,EU,braintree,true,200,187
2026-06-26T15:00:00+00:00,P-001,EU,braintree,true,200,344
2026-06-26T15:00:00+00:00,P-001,EU,braintree,true,200,185
2026-06-26T15:00:00+00:00,P-002,APAC,stripe,true,200,244
2026-06-26T15:00:00+00:00,P-002,APAC,stripe,true,200,219
2026-06-26T15:00:00+00:00,P-002,APAC,stripe,true,200,186
2026-06-26T15:00:00+00:00,P-002,APAC,stripe,true,200,333
2026-06-26T15:00:00+00:00,P-002,APAC,stripe,true,200,144
2026-06-26T15:00:00+00:00,P-002,APAC,stripe,true,200,322
2026-06-26T15:00:00+00:00,P-002,APAC,stripe,true,200,469
2026-06-26T15:00:00+00:00,P-002,APAC,stripe,false,card_declined,1605
2026-06-26T15:00:00+00:00,P-002,APAC,braintree,true,200,238
2026-06-26T15:00:00+00:00,P-002,APAC,braintree,false,gateway_unavailable,1835
2026-06-26T15:00:00+00:00,P-002,APAC,braintree,true,200,323
2026-06-26T15:00:00+00:00,P-002,APAC,braintree,true,200,169
2026-06-26T15:00:00+00:00,P-002,APAC,braintree,true,200,234
2026-06-26T15:00:00+00:00,P-002,APAC,braintree,true,200,156
2026-06-26T15:00:00+00:00,P-002,APAC,braintree,true,200,453
2026-06-26T15:00:00+00:00,P-002,APAC,braintree,true,200,426
2026-06-26T15:00:00+00:00,P-003,LATAM,stripe,true,200,471
2026-06-26T15:00:00+00:00,P-003,LATAM,stripe,false,card_declined,1861
2026-06-26T15:00:00+00:00,P-003,LATAM,stripe,true,200,431
2026-06-26T15:00:00+00:00,P-003,LATAM,braintree,true,200,201
2026-06-26T15:00:00+00:00,P-003,LATAM,braintree,true,200,391
2026-06-26T15:00:00+00:00,P-003,LATAM,braintree,true,200,134
2026-06-26T16:00:00+00:00,P-001,EU,stripe,true,200,397
2026-06-26T16:00:00+00:00,P-001,EU,stripe,true,200,154
2026-06-26T16:00:00+00:00,P-001,EU,stripe,true,200,320
2026-06-26T16:00:00+00:00,P-001,EU,stripe,true,200,410
2026-06-26T16:00:00+00:00,P-001,EU,stripe,true,200,223
2026-06-26T16:00:00+00:00,P-001,EU,braintree,true,200,127
2026-06-26T16:00:00+00:00,P-001,EU,braintree,true,200,307
2026-06-26T16:00:00+00:00,P-001,EU,braintree,true,200,308
2026-06-26T16:00:00+00:00,P-002,APAC,stripe,true,200,321
2026-06-26T16:00:00+00:00,P-002,APAC,stripe,true,200,140
2026-06-26T16:00:00+00:00,P-002,APAC,stripe,true,200,478
2026-06-26T16:00:00+00:00,P-002,APAC,stripe,true,200,198
2026-06-26T16:00:00+00:00,P-002,APAC,stripe,true,200,382
2026-06-26T16:00:00+00:00,P-002,APAC,stripe,true,200,305
2026-06-26T16:00:00+00:00,P-002,APAC,braintree,true,200,417
2026-06-26T16:00:00+00:00,P-002,APAC,braintree,true,200,250
2026-06-26T16:00:00+00:00,P-002,APAC,braintree,true,200,138
2026-06-26T16:00:00+00:00,P-002,APAC,braintree,true,200,340
2026-06-26T16:00:00+00:00,P-002,APAC,braintree,true,200,220
2026-06-26T16:00:00+00:00,P-003,LATAM,stripe,true,200,216
2026-06-26T16:00:00+00:00,P-003,LATAM,stripe,true,200,410
2026-06-26T16:00:00+00:00,P-003,LATAM,stripe,true,200,124
2026-06-26T16:00:00+00:00,P-003,LATAM,stripe,true,200,429
2026-06-26T16:00:00+00:00,P-003,LATAM,stripe,true,200,352
2026-06-26T16:00:00+00:00,P-003,LATAM,stripe,true,200,206
2026-06-26T16:00:00+00:00,P-003,LATAM,stripe,true,200,342
2026-06-26T16:00:00+00:00,P-003,LATAM,stripe,true,200,180
2026-06-26T16:00:00+00:00,P-003,LATAM,braintree,true,200,195
2026-06-26T16:00:00+00:00,P-003,LATAM,braintree,true,200,330
2026-06-26T16:00:00+00:00,P-003,LATAM,braintree,true,200,295
2026-06-26T17:00:00+00:00,P-001,EU,stripe,true,200,284
2026-06-26T17:00:00+00:00,P-001,EU,stripe,true,200,197
2026-06-26T17:00:00+00:00,P-001,EU,stripe,true,200,383
2026-06-26T17:00:00+00:00,P-001,EU,stripe,true,200,445
2026-06-26T17:00:00+00:00,P-001,EU,stripe,true,200,140
2026-06-26T17:00:00+00:00,P-001,EU,stripe,true,200,372
2026-06-26T17:00:00+00:00,P-001,EU,stripe,true,200,424
2026-06-26T17:00:00+00:00,P-001,EU,stripe,false,3ds_failed,1100
2026-06-26T17:00:00+00:00,P-001,EU,braintree,true,200,328
2026-06-26T17:00:00+00:00,P-001,EU,braintree,true,200,242
2026-06-26T17:00:00+00:00,P-001,EU,braintree,true,200,163
2026-06-26T17:00:00+00:00,P-001,EU,braintree,true,200,412
2026-06-26T17:00:00+00:00,P-001,EU,braintree,true,200,254
2026-06-26T17:00:00+00:00,P-001,EU,braintree,true,200,406
2026-06-26T17:00:00+00:00,P-001,EU,braintree,true,200,242
2026-06-26T17:00:00+00:00,P-001,EU,braintree,true,200,264
2026-06-26T17:00:00+00:00,P-002,APAC,stripe,false,card_declined,1648
2026-06-26T17:00:00+00:00,P-002,APAC,stripe,true,200,306
2026-06-26T17:00:00+00:00,P-002,APAC,stripe,true,200,235
2026-06-26T17:00:00+00:00,P-002,APAC,stripe,true,200,223
2026-06-26T17:00:00+00:00,P-002,APAC,stripe,true,200,137
2026-06-26T17:00:00+00:00,P-002,APAC,stripe,true,200,243
2026-06-26T17:00:00+00:00,P-002,APAC,braintree,true,200,307
2026-06-26T17:00:00+00:00,P-002,APAC,braintree,true,200,390
2026-06-26T17:00:00+00:00,P-002,APAC,braintree,true,200,134
2026-06-26T17:00:00+00:00,P-003,LATAM,stripe,false,insufficient_funds,1657
2026-06-26T17:00:00+00:00,P-003,LATAM,stripe,true,200,319
2026-06-26T17:00:00+00:00,P-003,LATAM,stripe,true,200,408
2026-06-26T17:00:00+00:00,P-003,LATAM,stripe,true,200,375
2026-06-26T17:00:00+00:00,P-003,LATAM,stripe,true,200,352
2026-06-26T17:00:00+00:00,P-003,LATAM,braintree,true,200,257
2026-06-26T17:00:00+00:00,P-003,LATAM,braintree,true,200,445
2026-06-26T17:00:00+00:00,P-003,LATAM,braintree,true,200,222
2026-06-26T17:00:00+00:00,P-003,LATAM,braintree,true,200,242
2026-06-26T17:00:00+00:00,P-003,LATAM,braintree,true,200,408
2026-06-26T17:00:00+00:00,P-003,LATAM,braintree,true,200,258
2026-06-26T18:00:00+00:00,P-001,EU,stripe,true,200,424
2026-06-26T18:00:00+00:00,P-001,EU,stripe,true,200,315
2026-06-26T18:00:00+00:00,P-001,EU,stripe,false,card_declined,1782
2026-06-26T18:00:00+00:00,P-001,EU,stripe,true,200,263
2026-06-26T18:00:00+00:00,P-001,EU,stripe,true,200,210
2026-06-26T18:00:00+00:00,P-001,EU,stripe,true,200,309
2026-06-26T18:00:00+00:00,P-001,EU,braintree,true,200,124
2026-06-26T18:00:00+00:00,P-001,EU,braintree,true,200,436
2026-06-26T18:00:00+00:00,P-001,EU,braintree,true,200,276
2026-06-26T18:00:00+00:00,P-002,APAC,stripe,true,200,294
2026-06-26T18:00:00+00:00,P-002,APAC,stripe,true,200,324
2026-06-26T18:00:00+00:00,P-002,APAC,stripe,true,200,285
2026-06-26T18:00:00+00:00,P-002,APAC,stripe,true,200,310
2026-06-26T18:00:00+00:00,P-002,APAC,stripe,true,200,323
2026-06-26T18:00:00+00:00,P-002,APAC,stripe,true,200,348
2026-06-26T18:00:00+00:00,P-002,APAC,stripe,true,200,242
2026-06-26T18:00:00+00:00,P-002,APAC,braintree,true,200,261
2026-06-26T18:00:00+00:00,P-002,APAC,braintree,true,200,308
2026-06-26T18:00:00+00:00,P-002,APAC,braintree,true,200,421
2026-06-26T18:00:00+00:00,P-003,LATAM,stripe,true,200,317
2026-06-26T18:00:00+00:00,P-003,LATAM,stripe,true,200,266
2026-06-26T18:00:00+00:00,P-003,LATAM,stripe,true,200,461
2026-06-26T18:00:00+00:00,P-003,LATAM,braintree,true,200,418
2026-06-26T18:00:00+00:00,P-003,LATAM,braintree,true,200,200
2026-06-26T18:00:00+00:00,P-003,LATAM,braintree,false,processor_timeout,1516
2026-06-26T18:00:00+00:00,P-003,LATAM,braintree,true,200,278
2026-06-26T18:00:00+00:00,P-003,LATAM,braintree,true,200,148
2026-06-26T19:00:00+00:00,P-001,EU,stripe,true,200,232
2026-06-26T19:00:00+00:00,P-001,EU,stripe,true,200,354
2026-06-26T19:00:00+00:00,P-001,EU,stripe,true,200,468
2026-06-26T19:00:00+00:00,P-001,EU,stripe,true,200,135
2026-06-26T19:00:00+00:00,P-001,EU,stripe,true,200,471
2026-06-26T19:00:00+00:00,P-001,EU,stripe,true,200,373
2026-06-26T19:00:00+00:00,P-001,EU,braintree,true,200,205
2026-06-26T19:00:00+00:00,P-001,EU,braintree,true,200,181
2026-06-26T19:00:00+00:00,P-001,EU,braintree,true,200,401
2026-06-26T19:00:00+00:00,P-001,EU,braintree,true,200,405
2026-06-26T19:00:00+00:00,P-001,EU,braintree,true,200,200
2026-06-26T19:00:00+00:00,P-001,EU,braintree,true,200,456
2026-06-26T19:00:00+00:00,P-001,EU,braintree,true,200,210
2026-06-26T19:00:00+00:00,P-002,APAC,stripe,true,200,378
2026-06-26T19:00:00+00:00,P-002,APAC,stripe,true,200,252
2026-06-26T19:00:00+00:00,P-002,APAC,stripe,true,200,468
2026-06-26T19:00:00+00:00,P-002,APAC,stripe,true,200,467
2026-06-26T19:00:00+00:00,P-002,APAC,stripe,true,200,177
2026-06-26T19:00:00+00:00,P-002,APAC,stripe,true,200,449
2026-06-26T19:00:00+00:00,P-002,APAC,braintree,true,200,466
2026-06-26T19:00:00+00:00,P-002,APAC,braintree,true,200,390
2026-06-26T19:00:00+00:00,P-002,APAC,braintree,true,200,294
2026-06-26T19:00:00+00:00,P-002,APAC,braintree,true,200,195
2026-06-26T19:00:00+00:00,P-003,LATAM,stripe,true,200,356
2026-06-26T19:00:00+00:00,P-003,LATAM,stripe,true,200,415
2026-06-26T19:00:00+00:00,P-003,LATAM,stripe,true,200,469
2026-06-26T19:00:00+00:00,P-003,LATAM,stripe,true,200,216
2026-06-26T19:00:00+00:00,P-003,LATAM,braintree,true,200,177
2026-06-26T19:00:00+00:00,P-003,LATAM,braintree,true,200,151
2026-06-26T19:00:00+00:00,P-003,LATAM,braintree,true,200,143
2026-06-26T19:00:00+00:00,P-003,LATAM,braintree,true,200,442
2026-06-26T20:00:00+00:00,P-001,EU,stripe,true,200,198
2026-06-26T20:00:00+00:00,P-001,EU,stripe,true,200,394
2026-06-26T20:00:00+00:00,P-001,EU,stripe,true,200,308
2026-06-26T20:00:00+00:00,P-001,EU,stripe,true,200,385
2026-06-26T20:00:00+00:00,P-001,EU,stripe,true,200,143
2026-06-26T20:00:00+00:00,P-001,EU,stripe,true,200,197
2026-06-26T20:00:00+00:00,P-001,EU,stripe,true,200,469
2026-06-26T20:00:00+00:00,P-001,EU,stripe,true,200,185
2026-06-26T20:00:00+00:00,P-001,EU,braintree,true,200,283
2026-06-26T20:00:00+00:00,P-001,EU,braintree,true,200,219
2026-06-26T20:00:00+00:00,P-001,EU,braintree,true,200,133
2026-06-26T20:00:00+00:00,P-002,APAC,stripe,true,200,413
2026-06-26T20:00:00+00:00,P-002,APAC,stripe,true,200,183
2026-06-26T20:00:00+00:00,P-002,APAC,stripe,true,200,231
2026-06-26T20:00:00+00:00,P-002,APAC,stripe,true,200,390
2026-06-26T20:00:00+00:00,P-002,APAC,stripe,true,200,475
2026-06-26T20:00:00+00:00,P-002,APAC,stripe,true,200,204
2026-06-26T20:00:00+00:00,P-002,APAC,stripe,true,200,221
2026-06-26T20:00:00+00:00,P-002,APAC,braintree,true,200,438
2026-06-26T20:00:00+00:00,P-002,APAC,braintree,true,200,198
2026-06-26T20:00:00+00:00,P-002,APAC,braintree,true,200,320
2026-06-26T20:00:00+00:00,P-003,LATAM,stripe,true,200,133
2026-06-26T20:00:00+00:00,P-003,LATAM,stripe,true,200,215
2026-06-26T20:00:00+00:00,P-003,LATAM,stripe,true,200,443
2026-06-26T20:00:00+00:00,P-003,LATAM,stripe,true,200,246
2026-06-26T20:00:00+00:00,P-003,LATAM,braintree,true,200,311
2026-06-26T20:00:00+00:00,P-003,LATAM,braintree,false,gateway_unavailable,2250
2026-06-26T20:00:00+00:00,P-003,LATAM,braintree,true,200,240
2026-06-26T20:00:00+00:00,P-003,LATAM,braintree,true,200,197
2026-06-26T20:00:00+00:00,P-003,LATAM,braintree,true,200,346
2026-06-26T21:00:00+00:00,P-001,EU,stripe,true,200,217
2026-06-26T21:00:00+00:00,P-001,EU,stripe,true,200,428
2026-06-26T21:00:00+00:00,P-001,EU,stripe,true,200,120
2026-06-26T21:00:00+00:00,P-001,EU,stripe,true,200,362
2026-06-26T21:00:00+00:00,P-001,EU,braintree,true,200,233
2026-06-26T21:00:00+00:00,P-001,EU,braintree,true,200,235
2026-06-26T21:00:00+00:00,P-001,EU,braintree,true,200,336
2026-06-26T21:00:00+00:00,P-001,EU,braintree,true,200,379
2026-06-26T21:00:00+00:00,P-001,EU,braintree,true,200,137
2026-06-26T21:00:00+00:00,P-001,EU,braintree,true,200,166
2026-06-26T21:00:00+00:00,P-001,EU,braintree,true,200,402
2026-06-26T21:00:00+00:00,P-001,EU,braintree,false,processor_timeout,1947
2026-06-26T21:00:00+00:00,P-002,APAC,stripe,true,200,374
2026-06-26T21:00:00+00:00,P-002,APAC,stripe,true,200,181
2026-06-26T21:00:00+00:00,P-002,APAC,stripe,true,200,201
2026-06-26T21:00:00+00:00,P-002,APAC,stripe,true,200,222
2026-06-26T21:00:00+00:00,P-002,APAC,braintree,true,200,127
2026-06-26T21:00:00+00:00,P-002,APAC,braintree,true,200,199
2026-06-26T21:00:00+00:00,P-002,APAC,braintree,true,200,301
2026-06-26T21:00:00+00:00,P-002,APAC,braintree,true,200,403
2026-06-26T21:00:00+00:00,P-002,APAC,braintree,true,200,405
2026-06-26T21:00:00+00:00,P-002,APAC,braintree,true,200,443
2026-06-26T21:00:00+00:00,P-003,LATAM,stripe,true,200,372
2026-06-26T21:00:00+00:00,P-003,LATAM,stripe,true,200,442
2026-06-26T21:00:00+00:00,P-003,LATAM,stripe,true,200,254
2026-06-26T21:00:00+00:00,P-003,LATAM,stripe,true,200,252
2026-06-26T21:00:00+00:00,P-003,LATAM,braintree,true,200,286
2026-06-26T21:00:00+00:00,P-003,LATAM,braintree,true,200,254
2026-06-26T21:00:00+00:00,P-003,LATAM,braintree,true,200,227
2026-06-26T21:00:00+00:00,P-003,LATAM,braintree,false,processor_timeout,2314
2026-06-26T21:00:00+00:00,P-003,LATAM,braintree,false,processor_timeout,1230
2026-06-26T21:00:00+00:00,P-003,LATAM,braintree,true,200,380
2026-06-26T22:00:00+00:00,P-001,EU,stripe,true,200,431
2026-06-26T22:00:00+00:00,P-001,EU,stripe,true,200,198
2026-06-26T22:00:00+00:00,P-001,EU,stripe,true,200,463
2026-06-26T22:00:00+00:00,P-001,EU,braintree,true,200,460
2026-06-26T22:00:00+00:00,P-001,EU,braintree,false,avs_mismatch,1277
2026-06-26T22:00:00+00:00,P-001,EU,braintree,true,200,301
2026-06-26T22:00:00+00:00,P-001,EU,braintree,true,200,313
2026-06-26T22:00:00+00:00,P-001,EU,braintree,true,200,436
2026-06-26T22:00:00+00:00,P-001,EU,braintree,false,gateway_unavailable,1332
2026-06-26T22:00:00+00:00,P-001,EU,braintree,true,200,145
2026-06-26T22:00:00+00:00,P-001,EU,braintree,true,200,244
2026-06-26T22:00:00+00:00,P-002,APAC,stripe,true,200,365
2026-06-26T22:00:00+00:00,P-002,APAC,stripe,true,200,245
2026-06-26T22:00:00+00:00,P-002,APAC,stripe,true,200,451
2026-06-26T22:00:00+00:00,P-002,APAC,stripe,true,200,148
2026-06-26T22:00:00+00:00,P-002,APAC,stripe,true,200,470
2026-06-26T22:00:00+00:00,P-002,APAC,stripe,true,200,261
2026-06-26T22:00:00+00:00,P-002,APAC,stripe,true,200,240
2026-06-26T22:00:00+00:00,P-002,APAC,stripe,true,200,462
2026-06-26T22:00:00+00:00,P-002,APAC,braintree,true,200,406
2026-06-26T22:00:00+00:00,P-002,APAC,braintree,false,processor_timeout,2237
2026-06-26T22:00:00+00:00,P-002,APAC,braintree,true,200,196
2026-06-26T22:00:00+00:00,P-002,APAC,braintree,true,200,457
2026-06-26T22:00:00+00:00,P-002,APAC,braintree,true,200,317
2026-06-26T22:00:00+00:00,P-003,LATAM,stripe,true,200,149
2026-06-26T22:00:00+00:00,P-003,LATAM,stripe,true,200,266
2026-06-26T22:00:00+00:00,P-003,LATAM,stripe,true,200,237
2026-06-26T22:00:00+00:00,P-003,LATAM,stripe,true,200,362
2026-06-26T22:00:00+00:00,P-003,LATAM,braintree,true,200,152
2026-06-26T22:00:00+00:00,P-003,LATAM,braintree,true,200,261
2026-06-26T22:00:00+00:00,P-003,LATAM,braintree,true,200,143
2026-06-26T22:00:00+00:00,P-003,LATAM,braintree,true,200,248
2026-06-26T22:00:00+00:00,P-003,LATAM,braintree,true,200,209
2026-06-26T22:00:00+00:00,P-003,LATAM,braintree,false,avs_mismatch,1037
2026-06-26T22:00:00+00:00,P-003,LATAM,braintree,true,200,339
2026-06-26T22:00:00+00:00,P-003,LATAM,braintree,false,gateway_unavailable,1047
2026-06-26T23:00:00+00:00,P-001,EU,stripe,true,200,464
2026-06-26T23:00:00+00:00,P-001,EU,stripe,true,200,339
2026-06-26T23:00:00+00:00,P-001,EU,stripe,true,200,411
2026-06-26T23:00:00+00:00,P-001,EU,braintree,true,200,312
2026-06-26T23:00:00+00:00,P-001,EU,braintree,true,200,228
2026-06-26T23:00:00+00:00,P-001,EU,braintree,true,200,350
2026-06-26T23:00:00+00:00,P-001,EU,braintree,true,200,303
2026-06-26T23:00:00+00:00,P-001,EU,braintree,true,200,150
2026-06-26T23:00:00+00:00,P-001,EU,braintree,true,200,120
2026-06-26T23:00:00+00:00,P-001,EU,braintree,true,200,129
2026-06-26T23:00:00+00:00,P-001,EU,braintree,true,200,342
2026-06-26T23:00:00+00:00,P-002,APAC,stripe,true,200,156
2026-06-26T23:00:00+00:00,P-002,APAC,stripe,true,200,453
2026-06-26T23:00:00+00:00,P-002,APAC,stripe,true,200,189
2026-06-26T23:00:00+00:00,P-002,APAC,stripe,true,200,165
2026-06-26T23:00:00+00:00,P-002,APAC,braintree,true,200,223
2026-06-26T23:00:00+00:00,P-002,APAC,braintree,true,200,340
2026-06-26T23:00:00+00:00,P-002,APAC,braintree,true,200,437
2026-06-26T23:00:00+00:00,P-002,APAC,braintree,true,200,392
2026-06-26T23:00:00+00:00,P-003,LATAM,stripe,true,200,327
2026-06-26T23:00:00+00:00,P-003,LATAM,stripe,true,200,387
2026-06-26T23:00:00+00:00,P-003,LATAM,stripe,true,200,157
2026-06-26T23:00:00+00:00,P-003,LATAM,stripe,true,200,371
2026-06-26T23:00:00+00:00,P-003,LATAM,stripe,true,200,238
2026-06-26T23:00:00+00:00,P-003,LATAM,stripe,true,200,428
2026-06-26T23:00:00+00:00,P-003,LATAM,stripe,false,card_declined,1170
2026-06-26T23:00:00+00:00,P-003,LATAM,braintree,true,200,465
2026-06-26T23:00:00+00:00,P-003,LATAM,braintree,true,200,355
2026-06-26T23:00:00+00:00,P-003,LATAM,braintree,false,avs_mismatch,2081
2026-06-26T23:00:00+00:00,P-003,LATAM,braintree,false,avs_mismatch,2173
2026-06-26T23:00:00+00:00,P-003,LATAM,braintree,true,200,398
2026-06-26T23:00:00+00:00,P-003,LATAM,braintree,true,200,241
2026-06-27T00:00:00+00:00,P-001,EU,stripe,true,200,443
2026-06-27T00:00:00+00:00,P-001,EU,stripe,true,200,477
2026-06-27T00:00:00+00:00,P-001,EU,stripe,true,200,223
2026-06-27T00:00:00+00:00,P-001,EU,stripe,true,200,166
2026-06-27T00:00:00+00:00,P-001,EU,stripe,true,200,315
2026-06-27T00:00:00+00:00,P-001,EU,stripe,true,200,216
2026-06-27T00:00:00+00:00,P-001,EU,stripe,true,200,382
2026-06-27T00:00:00+00:00,P-001,EU,stripe,true,200,416
2026-06-27T00:00:00+00:00,P-001,EU,braintree,true,200,239
2026-06-27T00:00:00+00:00,P-001,EU,braintree,true,200,143
2026-06-27T00:00:00+00:00,P-001,EU,braintree,true,200,420
2026-06-27T00:00:00+00:00,P-001,EU,braintree,true,200,132
2026-06-27T00:00:00+00:00,P-001,EU,braintree,true,200,368
2026-06-27T00:00:00+00:00,P-001,EU,braintree,true,200,259
2026-06-27T00:00:00+00:00,P-001,EU,braintree,false,avs_mismatch,2210
2026-06-27T00:00:00+00:00,P-001,EU,braintree,true,200,265
2026-06-27T00:00:00+00:00,P-002,APAC,stripe,true,200,145
2026-06-27T00:00:00+00:00,P-002,APAC,stripe,true,200,335
2026-06-27T00:00:00+00:00,P-002,APAC,stripe,false,insufficient_funds,1710
2026-06-27T00:00:00+00:00,P-002,APAC,stripe,true,200,398
2026-06-27T00:00:00+00:00,P-002,APAC,stripe,true,200,342
2026-06-27T00:00:00+00:00,P-002,APAC,stripe,true,200,272
2026-06-27T00:00:00+00:00,P-002,APAC,braintree,true,200,350
2026-06-27T00:00:00+00:00,P-002,APAC,braintree,true,200,165
2026-06-27T00:00:00+00:00,P-002,APAC,braintree,true,200,223
2026-06-27T00:00:00+00:00,P-002,APAC,braintree,true,200,297
2026-06-27T00:00:00+00:00,P-002,APAC,braintree,true,200,137
2026-06-27T00:00:00+00:00,P-002,APAC,braintree,true,200,289
2026-06-27T00:00:00+00:00,P-002,APAC,braintree,true,200,328
2026-06-27T00:00:00+00:00,P-003,LATAM,stripe,true,200,477
2026-06-27T00:00:00+00:00,P-003,LATAM,stripe,true,200,221
2026-06-27T00:00:00+00:00,P-003,LATAM,stripe,true,200,317
2026-06-27T00:00:00+00:00,P-003,LATAM,stripe,false,3ds_failed,1773
2026-06-27T00:00:00+00:00,P-003,LATAM,braintree,true,200,357
2026-06-27T00:00:00+00:00,P-003,LATAM,braintree,true,200,176
2026-06-27T00:00:00+00:00,P-003,LATAM,braintree,true,200,409
2026-06-27T00:00:00+00:00,P-003,LATAM,braintree,true,200,190
2026-06-27T00:00:00+00:00,P-003,LATAM,braintree,true,200,314
2026-06-27T00:00:00+00:00,P-003,LATAM,braintree,true,200,225
2026-06-27T00:00:00+00:00,P-003,LATAM,braintree,true,200,309
2026-06-27T01:00:00+00:00,P-001,EU,stripe,true,200,124
2026-06-27T01:00:00+00:00,P-001,EU,stripe,true,200,299
2026-06-27T01:00:00+00:00,P-001,EU,stripe,true,200,390
2026-06-27T01:00:00+00:00,P-001,EU,stripe,true,200,331
2026-06-27T01:00:00+00:00,P-001,EU,stripe,true,200,338
2026-06-27T01:00:00+00:00,P-001,EU,stripe,true,200,160
2026-06-27T01:00:00+00:00,P-001,EU,stripe,true,200,434
2026-06-27T01:00:00+00:00,P-001,EU,braintree,true,200,437
2026-06-27T01:00:00+00:00,P-001,EU,braintree,true,200,411
2026-06-27T01:00:00+00:00,P-001,EU,braintree,true,200,433
2026-06-27T01:00:00+00:00,P-001,EU,braintree,true,200,264
2026-06-27T01:00:00+00:00,P-001,EU,braintree,true,200,342
2026-06-27T01:00:00+00:00,P-002,APAC,stripe,true,200,289
2026-06-27T01:00:00+00:00,P-002,APAC,stripe,true,200,269
2026-06-27T01:00:00+00:00,P-002,APAC,stripe,true,200,277
2026-06-27T01:00:00+00:00,P-002,APAC,stripe,true,200,157
2026-06-27T01:00:00+00:00,P-002,APAC,braintree,true,200,322
2026-06-27T01:00:00+00:00,P-002,APAC,braintree,true,200,428
2026-06-27T01:00:00+00:00,P-002,APAC,braintree,true,200,431
2026-06-27T01:00:00+00:00,P-002,APAC,braintree,true,200,252
2026-06-27T01:00:00+00:00,P-002,APAC,braintree,true,200,350
2026-06-27T01:00:00+00:00,P-003,LATAM,stripe,true,200,258
2026-06-27T01:00:00+00:00,P-003,LATAM,stripe,true,200,255
2026-06-27T01:00:00+00:00,P-003,LATAM,stripe,true,200,466
2026-06-27T01:00:00+00:00,P-003,LATAM,stripe,true,200,478
2026-06-27T01:00:00+00:00,P-003,LATAM,stripe,true,200,194
2026-06-27T01:00:00+00:00,P-003,LATAM,braintree,true,200,288
2026-06-27T01:00:00+00:00,P-003,LATAM,braintree,true,200,185
2026-06-27T01:00:00+00:00,P-003,LATAM,braintree,true,200,364
2026-06-27T01:00:00+00:00,P-003,LATAM,braintree,true,200,231
2026-06-27T02:00:00+00:00,P-001,EU,stripe,true,200,392
2026-06-27T02:00:00+00:00,P-001,EU,stripe,true,200,387
2026-06-27T02:00:00+00:00,P-001,EU,stripe,true,200,258
2026-06-27T02:00:00+00:00,P-001,EU,stripe,true,200,200
2026-06-27T02:00:00+00:00,P-001,EU,stripe,true,200,124
2026-06-27T02:00:00+00:00,P-001,EU,stripe,false,3ds_failed,1812
2026-06-27T02:00:00+00:00,P-001,EU,stripe,true,200,473
2026-06-27T02:00:00+00:00,P-001,EU,braintree,true,200,365
2026-06-27T02:00:00+00:00,P-001,EU,braintree,true,200,365
2026-06-27T02:00:00+00:00,P-001,EU,braintree,true,200,385
2026-06-27T02:00:00+00:00,P-001,EU,braintree,true,200,266
2026-06-27T02:00:00+00:00,P-002,APAC,stripe,true,200,331
2026-06-27T02:00:00+00:00,P-002,APAC,stripe,true,200,361
2026-06-27T02:00:00+00:00,P-002,APAC,stripe,true,200,187
2026-06-27T02:00:00+00:00,P-002,APAC,stripe,true,200,184
2026-06-27T02:00:00+00:00,P-002,APAC,stripe,true,200,125
2026-06-27T02:00:00+00:00,P-002,APAC,stripe,true,200,262
2026-06-27T02:00:00+00:00,P-002,APAC,stripe,true,200,275
2026-06-27T02:00:00+00:00,P-002,APAC,stripe,true,200,152
2026-06-27T02:00:00+00:00,P-002,APAC,braintree,true,200,234
2026-06-27T02:00:00+00:00,P-002,APAC,braintree,true,200,134
2026-06-27T02:00:00+00:00,P-002,APAC,braintree,true,200,302
2026-06-27T02:00:00+00:00,P-002,APAC,braintree,true,200,178
2026-06-27T02:00:00+00:00,P-003,LATAM,stripe,true,200,356
2026-06-27T02:00:00+00:00,P-003,LATAM,stripe,true,200,321
2026-06-27T02:00:00+00:00,P-003,LATAM,stripe,true,200,390
2026-06-27T02:00:00+00:00,P-003,LATAM,stripe,true,200,320
2026-06-27T02:00:00+00:00,P-003,LATAM,braintree,true,200,292
2026-06-27T02:00:00+00:00,P-003,LATAM,braintree,true,200,361
2026-06-27T02:00:00+00:00,P-003,LATAM,braintree,false,avs_mismatch,1781
2026-06-27T02:00:00+00:00,P-003,LATAM,braintree,false,processor_timeout,2074
2026-06-27T03:00:00+00:00,P-001,EU,stripe,true,200,155
2026-06-27T03:00:00+00:00,P-001,EU,stripe,true,200,304
2026-06-27T03:00:00+00:00,P-001,EU,stripe,true,200,216
2026-06-27T03:00:00+00:00,P-001,EU,stripe,true,200,287
2026-06-27T03:00:00+00:00,P-001,EU,stripe,true,200,233
2026-06-27T03:00:00+00:00,P-001,EU,stripe,true,200,234
2026-06-27T03:00:00+00:00,P-001,EU,stripe,true,200,401
2026-06-27T03:00:00+00:00,P-001,EU,braintree,true,200,224
2026-06-27T03:00:00+00:00,P-001,EU,braintree,true,200,213
2026-06-27T03:00:00+00:00,P-001,EU,braintree,true,200,328
2026-06-27T03:00:00+00:00,P-001,EU,braintree,true,200,463
2026-06-27T03:00:00+00:00,P-001,EU,braintree,true,200,137
2026-06-27T03:00:00+00:00,P-002,APAC,stripe,true,200,354
2026-06-27T03:00:00+00:00,P-002,APAC,stripe,true,200,255
2026-06-27T03:00:00+00:00,P-002,APAC,stripe,true,200,455
2026-06-27T03:00:00+00:00,P-002,APAC,stripe,true,200,274
2026-06-27T03:00:00+00:00,P-002,APAC,braintree,true,200,416
2026-06-27T03:00:00+00:00,P-002,APAC,braintree,true,200,474
2026-06-27T03:00:00+00:00,P-002,APAC,braintree,true,200,456
2026-06-27T03:00:00+00:00,P-002,APAC,braintree,true,200,396
2026-06-27T03:00:00+00:00,P-003,LATAM,stripe,true,200,453
2026-06-27T03:00:00+00:00,P-003,LATAM,stripe,true,200,192
2026-06-27T03:00:00+00:00,P-003,LATAM,stripe,true,200,263
2026-06-27T03:00:00+00:00,P-003,LATAM,braintree,true,200,145
2026-06-27T03:00:00+00:00,P-003,LATAM,braintree,true,200,454
2026-06-27T03:00:00+00:00,P-003,LATAM,braintree,true,200,459
2026-06-27T03:00:00+00:00,P-003,LATAM,braintree,false,gateway_unavailable,1485
2026-06-27T03:00:00+00:00,P-003,LATAM,braintree,true,200,254
2026-06-27T03:00:00+00:00,P-003,LATAM,braintree,true,200,139
2026-06-27T04:00:00+00:00,P-001,EU,stripe,true,200,283
2026-06-27T04:00:00+00:00,P-001,EU,stripe,true,200,236
2026-06-27T04:00:00+00:00,P-001,EU,stripe,true,200,307
2026-06-27T04:00:00+00:00,P-001,EU,stripe,true,200,203
2026-06-27T04:00:00+00:00,P-001,EU,stripe,true,200,406
2026-06-27T04:00:00+00:00,P-001,EU,braintree,false,gateway_unavailable,1700
2026-06-27T04:00:00+00:00,P-001,EU,braintree,true,200,349
2026-06-27T04:00:00+00:00,P-001,EU,braintree,true,200,201
2026-06-27T04:00:00+00:00,P-001,EU,braintree,true,200,188
2026-06-27T04:00:00+00:00,P-001,EU,braintree,true,200,198
2026-06-27T04:00:00+00:00,P-001,EU,braintree,true,200,239
2026-06-27T04:00:00+00:00,P-001,EU,braintree,true,200,128
2026-06-27T04:00:00+00:00,P-002,APAC,stripe,true,200,413
2026-06-27T04:00:00+00:00,P-002,APAC,stripe,false,card_declined,1318
2026-06-27T04:00:00+00:00,P-002,APAC,stripe,true,200,237
2026-06-27T04:00:00+00:00,P-002,APAC,stripe,true,200,221
2026-06-27T04:00:00+00:00,P-002,APAC,braintree,true,200,345
2026-06-27T04:00:00+00:00,P-002,APAC,braintree,true,200,474
2026-06-27T04:00:00+00:00,P-002,APAC,braintree,true,200,339
2026-06-27T04:00:00+00:00,P-002,APAC,braintree,true,200,306
2026-06-27T04:00:00+00:00,P-002,APAC,braintree,false,processor_timeout,1796
2026-06-27T04:00:00+00:00,P-003,LATAM,stripe,true,200,364
2026-06-27T04:00:00+00:00,P-003,LATAM,stripe,true,200,297
2026-06-27T04:00:00+00:00,P-003,LATAM,stripe,true,200,281
2026-06-27T04:00:00+00:00,P-003,LATAM,stripe,true,200,149
2026-06-27T04:00:00+00:00,P-003,LATAM,stripe,true,200,448
2026-06-27T04:00:00+00:00,P-003,LATAM,stripe,true,200,148
2026-06-27T04:00:00+00:00,P-003,LATAM,braintree,false,processor_timeout,1372
2026-06-27T04:00:00+00:00,P-003,LATAM,braintree,true,200,404
2026-06-27T04:00:00+00:00,P-003,LATAM,braintree,true,200,369
2026-06-27T05:00:00+00:00,P-001,EU,stripe,true,200,230
2026-06-27T05:00:00+00:00,P-001,EU,stripe,true,200,187
2026-06-27T05:00:00+00:00,P-001,EU,stripe,true,200,396
2026-06-27T05:00:00+00:00,P-001,EU,stripe,true,200,154
2026-06-27T05:00:00+00:00,P-001,EU,braintree,true,200,128
2026-06-27T05:00:00+00:00,P-001,EU,braintree,true,200,203
2026-06-27T05:00:00+00:00,P-001,EU,braintree,false,avs_mismatch,1171
2026-06-27T05:00:00+00:00,P-001,EU,braintree,true,200,311
2026-06-27T05:00:00+00:00,P-001,EU,braintree,true,200,331
2026-06-27T05:00:00+00:00,P-001,EU,braintree,true,200,252
2026-06-27T05:00:00+00:00,P-001,EU,braintree,true,200,399
2026-06-27T05:00:00+00:00,P-002,APAC,stripe,true,200,172
2026-06-27T05:00:00+00:00,P-002,APAC,stripe,true,200,363
2026-06-27T05:00:00+00:00,P-002,APAC,stripe,true,200,473
2026-06-27T05:00:00+00:00,P-002,APAC,stripe,true,200,253
2026-06-27T05:00:00+00:00,P-002,APAC,stripe,true,200,438
2026-06-27T05:00:00+00:00,P-002,APAC,stripe,true,200,427
2026-06-27T05:00:00+00:00,P-002,APAC,braintree,true,200,145
2026-06-27T05:00:00+00:00,P-002,APAC,braintree,true,200,447
2026-06-27T05:00:00+00:00,P-002,APAC,braintree,true,200,394
2026-06-27T05:00:00+00:00,P-002,APAC,braintree,true,200,345
2026-06-27T05:00:00+00:00,P-003,LATAM,stripe,true,200,360
2026-06-27T05:00:00+00:00,P-003,LATAM,stripe,true,200,293
2026-06-27T05:00:00+00:00,P-003,LATAM,stripe,true,200,152
2026-06-27T05:00:00+00:00,P-003,LATAM,stripe,true,200,282
2026-06-27T05:00:00+00:00,P-003,LATAM,braintree,true,200,419
2026-06-27T05:00:00+00:00,P-003,LATAM,braintree,true,200,295
2026-06-27T05:00:00+00:00,P-003,LATAM,braintree,true,200,393
2026-06-27T05:00:00+00:00,P-003,LATAM,braintree,true,200,250
2026-06-27T05:00:00+00:00,P-003,LATAM,braintree,true,200,195
2026-06-27T05:00:00+00:00,P-003,LATAM,braintree,false,gateway_unavailable,1410
2026-06-27T05:00:00+00:00,P-003,LATAM,braintree,true,200,351
2026-06-27T06:00:00+00:00,P-001,EU,stripe,true,200,159
2026-06-27T06:00:00+00:00,P-001,EU,stripe,true,200,171
2026-06-27T06:00:00+00:00,P-001,EU,stripe,true,200,164
2026-06-27T06:00:00+00:00,P-001,EU,stripe,false,card_declined,1987
2026-06-27T06:00:00+00:00,P-001,EU,stripe,true,200,382
2026-06-27T06:00:00+00:00,P-001,EU,stripe,true,200,476
2026-06-27T06:00:00+00:00,P-001,EU,stripe,true,200,472
2026-06-27T06:00:00+00:00,P-001,EU,braintree,true,200,434
2026-06-27T06:00:00+00:00,P-001,EU,braintree,true,200,157
2026-06-27T06:00:00+00:00,P-001,EU,braintree,true,200,145
2026-06-27T06:00:00+00:00,P-001,EU,braintree,true,200,368
2026-06-27T06:00:00+00:00,P-001,EU,braintree,true,200,138
2026-06-27T06:00:00+00:00,P-001,EU,braintree,true,200,235
2026-06-27T06:00:00+00:00,P-001,EU,braintree,true,200,300
2026-06-27T06:00:00+00:00,P-002,APAC,stripe,true,200,437
2026-06-27T06:00:00+00:00,P-002,APAC,stripe,true,200,475
2026-06-27T06:00:00+00:00,P-002,APAC,stripe,true,200,426
2026-06-27T06:00:00+00:00,P-002,APAC,braintree,true,200,176
2026-06-27T06:00:00+00:00,P-002,APAC,braintree,true,200,208
2026-06-27T06:00:00+00:00,P-002,APAC,braintree,true,200,372
2026-06-27T06:00:00+00:00,P-002,APAC,braintree,false,avs_mismatch,1421
2026-06-27T06:00:00+00:00,P-002,APAC,braintree,true,200,405
2026-06-27T06:00:00+00:00,P-003,LATAM,stripe,true,200,130
2026-06-27T06:00:00+00:00,P-003,LATAM,stripe,true,200,268
2026-06-27T06:00:00+00:00,P-003,LATAM,stripe,true,200,177
2026-06-27T06:00:00+00:00,P-003,LATAM,stripe,true,200,312
2026-06-27T06:00:00+00:00,P-003,LATAM,stripe,true,200,470
2026-06-27T06:00:00+00:00,P-003,LATAM,stripe,true,200,422
2026-06-27T06:00:00+00:00,P-003,LATAM,braintree,true,200,218
2026-06-27T06:00:00+00:00,P-003,LATAM,braintree,true,200,120
2026-06-27T06:00:00+00:00,P-003,LATAM,braintree,true,200,220
2026-06-27T06:00:00+00:00,P-003,LATAM,braintree,true,200,268
2026-06-27T06:00:00+00:00,P-003,LATAM,braintree,true,200,346
2026-06-27T06:00:00+00:00,P-003,LATAM,braintree,true,200,129
2026-06-27T06:00:00+00:00,P-003,LATAM,braintree,true,200,385
2026-06-27T06:00:00+00:00,P-003,LATAM,braintree,true,200,426
2026-06-27T07:00:00+00:00,P-001,EU,stripe,true,200,126
2026-06-27T07:00:00+00:00,P-001,EU,stripe,true,200,130
2026-06-27T07:00:00+00:00,P-001,EU,stripe,true,200,125
2026-06-27T07:00:00+00:00,P-001,EU,stripe,true,200,434
2026-06-27T07:00:00+00:00,P-001,EU,stripe,true,200,379
2026-06-27T07:00:00+00:00,P-001,EU,stripe,true,200,156
2026-06-27T07:00:00+00:00,P-001,EU,stripe,true,200,280
2026-06-27T07:00:00+00:00,P-001,EU,braintree,true,200,349
2026-06-27T07:00:00+00:00,P-001,EU,braintree,true,200,439
2026-06-27T07:00:00+00:00,P-001,EU,braintree,true,200,213
2026-06-27T07:00:00+00:00,P-001,EU,braintree,true,200,444
2026-06-27T07:00:00+00:00,P-002,APAC,stripe,true,200,426
2026-06-27T07:00:00+00:00,P-002,APAC,stripe,true,200,332
2026-06-27T07:00:00+00:00,P-002,APAC,stripe,true,200,214
2026-06-27T07:00:00+00:00,P-002,APAC,stripe,true,200,374
2026-06-27T07:00:00+00:00,P-002,APAC,stripe,true,200,207
2026-06-27T07:00:00+00:00,P-002,APAC,stripe,true,200,303
2026-06-27T07:00:00+00:00,P-002,APAC,stripe,true,200,128
2026-06-27T07:00:00+00:00,P-002,APAC,stripe,true,200,324
2026-06-27T07:00:00+00:00,P-002,APAC,braintree,true,200,192
2026-06-27T07:00:00+00:00,P-002,APAC,braintree,true,200,188
2026-06-27T07:00:00+00:00,P-002,APAC,braintree,true,200,308
2026-06-27T07:00:00+00:00,P-002,APAC,braintree,true,200,200
2026-06-27T07:00:00+00:00,P-002,APAC,braintree,true,200,266
2026-06-27T07:00:00+00:00,P-003,LATAM,stripe,true,200,330
2026-06-27T07:00:00+00:00,P-003,LATAM,stripe,true,200,197
2026-06-27T07:00:00+00:00,P-003,LATAM,stripe,true,200,281
2026-06-27T07:00:00+00:00,P-003,LATAM,braintree,true,200,325
2026-06-27T07:00:00+00:00,P-003,LATAM,braintree,true,200,245
2026-06-27T07:00:00+00:00,P-003,LATAM,braintree,true,200,198
2026-06-27T07:00:00+00:00,P-003,LATAM,braintree,true,200,208
2026-06-27T07:00:00+00:00,P-003,LATAM,braintree,true,200,271
2026-06-27T07:00:00+00:00,P-003,LATAM,braintree,true,200,212
2026-06-27T07:00:00+00:00,P-003,LATAM,braintree,true,200,313
2026-06-27T07:00:00+00:00,P-003,LATAM,braintree,true,200,459
2026-06-27T08:00:00+00:00,P-001,EU,stripe,true,200,133
2026-06-27T08:00:00+00:00,P-001,EU,stripe,true,200,402
2026-06-27T08:00:00+00:00,P-001,EU,stripe,true,200,219
2026-06-27T08:00:00+00:00,P-001,EU,stripe,true,200,174
2026-06-27T08:00:00+00:00,P-001,EU,stripe,true,200,395
2026-06-27T08:00:00+00:00,P-001,EU,braintree,true,200,413
2026-06-27T08:00:00+00:00,P-001,EU,braintree,true,200,234
2026-06-27T08:00:00+00:00,P-001,EU,braintree,true,200,200
2026-06-27T08:00:00+00:00,P-002,APAC,stripe,true,200,162
2026-06-27T08:00:00+00:00,P-002,APAC,stripe,true,200,197
2026-06-27T08:00:00+00:00,P-002,APAC,stripe,true,200,208
2026-06-27T08:00:00+00:00,P-002,APAC,braintree,true,200,271
2026-06-27T08:00:00+00:00,P-002,APAC,braintree,true,200,177
2026-06-27T08:00:00+00:00,P-002,APAC,braintree,true,200,395
2026-06-27T08:00:00+00:00,P-003,LATAM,stripe,true,200,398
2026-06-27T08:00:00+00:00,P-003,LATAM,stripe,true,200,375
2026-06-27T08:00:00+00:00,P-003,LATAM,stripe,false,insufficient_funds,917
2026-06-27T08:00:00+00:00,P-003,LATAM,stripe,true,200,418
2026-06-27T08:00:00+00:00,P-003,LATAM,braintree,true,200,254
2026-06-27T08:00:00+00:00,P-003,LATAM,braintree,true,200,149
2026-06-27T08:00:00+00:00,P-003,LATAM,braintree,true,200,276
2026-06-27T09:00:00+00:00,P-001,EU,stripe,true,200,464
2026-06-27T09:00:00+00:00,P-001,EU,stripe,true,200,318
2026-06-27T09:00:00+00:00,P-001,EU,stripe,true,200,377
2026-06-27T09:00:00+00:00,P-001,EU,stripe,true,200,374
2026-06-27T09:00:00+00:00,P-001,EU,braintree,true,200,365
2026-06-27T09:00:00+00:00,P-001,EU,braintree,true,200,280
2026-06-27T09:00:00+00:00,P-001,EU,braintree,true,200,318
2026-06-27T09:00:00+00:00,P-001,EU,braintree,true,200,264
2026-06-27T09:00:00+00:00,P-001,EU,braintree,false,gateway_unavailable,2433
2026-06-27T09:00:00+00:00,P-001,EU,braintree,true,200,180
2026-06-27T09:00:00+00:00,P-002,APAC,stripe,true,200,186
2026-06-27T09:00:00+00:00,P-002,APAC,stripe,true,200,457
2026-06-27T09:00:00+00:00,P-002,APAC,stripe,true,200,432
2026-06-27T09:00:00+00:00,P-002,APAC,stripe,true,200,343
2026-06-27T09:00:00+00:00,P-002,APAC,stripe,true,200,211
2026-06-27T09:00:00+00:00,P-002,APAC,stripe,true,200,213
2026-06-27T09:00:00+00:00,P-002,APAC,stripe,true,200,473
2026-06-27T09:00:00+00:00,P-002,APAC,braintree,true,200,203
2026-06-27T09:00:00+00:00,P-002,APAC,braintree,true,200,392
2026-06-27T09:00:00+00:00,P-002,APAC,braintree,true,200,177
2026-06-27T09:00:00+00:00,P-003,LATAM,stripe,true,200,381
2026-06-27T09:00:00+00:00,P-003,LATAM,stripe,true,200,410
2026-06-27T09:00:00+00:00,P-003,LATAM,stripe,true,200,478
2026-06-27T09:00:00+00:00,P-003,LATAM,stripe,true,200,166
2026-06-27T09:00:00+00:00,P-003,LATAM,stripe,true,200,434
2026-06-27T09:00:00+00:00,P-003,LATAM,braintree,true,200,328
2026-06-27T09:00:00+00:00,P-003,LATAM,braintree,true,200,424
2026-06-27T09:00:00+00:00,P-003,LATAM,braintree,false,gateway_unavailable,2078
2026-06-27T09:00:00+00:00,P-003,LATAM,braintree,true,200,169
2026-06-27T09:00:00+00:00,P-003,LATAM,braintree,true,200,383
2026-06-27T09:00:00+00:00,P-003,LATAM,braintree,true,200,176
2026-06-27T10:00:00+00:00,P-001,EU,stripe,true,200,149
2026-06-27T10:00:00+00:00,P-001,EU,stripe,true,200,341
2026-06-27T10:00:00+00:00,P-001,EU,stripe,true,200,130
2026-06-27T10:00:00+00:00,P-001,EU,stripe,true,200,206
2026-06-27T10:00:00+00:00,P-001,EU,stripe,true,200,151
2026-06-27T10:00:00+00:00,P-001,EU,stripe,true,200,220
2026-06-27T10:00:00+00:00,P-001,EU,stripe,true,200,396
2026-06-27T10:00:00+00:00,P-001,EU,stripe,true,200,398
2026-06-27T10:00:00+00:00,P-001,EU,braintree,true,200,169
2026-06-27T10:00:00+00:00,P-001,EU,braintree,true,200,443
2026-06-27T10:00:00+00:00,P-001,EU,braintree,true,200,211
2026-06-27T10:00:00+00:00,P-001,EU,braintree,true,200,391
2026-06-27T10:00:00+00:00,P-001,EU,braintree,true,200,401
2026-06-27T10:00:00+00:00,P-001,EU,braintree,true,200,301
2026-06-27T10:00:00+00:00,P-002,APAC,stripe,true,200,333
2026-06-27T10:00:00+00:00,P-002,APAC,stripe,true,200,435
2026-06-27T10:00:00+00:00,P-002,APAC,stripe,true,200,409
2026-06-27T10:00:00+00:00,P-002,APAC,stripe,true,200,151
2026-06-27T10:00:00+00:00,P-002,APAC,stripe,true,200,323
2026-06-27T10:00:00+00:00,P-002,APAC,stripe,true,200,341
2026-06-27T10:00:00+00:00,P-002,APAC,stripe,true,200,354
2026-06-27T10:00:00+00:00,P-002,APAC,braintree,false,processor_timeout,1263
2026-06-27T10:00:00+00:00,P-002,APAC,braintree,true,200,225
2026-06-27T10:00:00+00:00,P-002,APAC,braintree,true,200,376
2026-06-27T10:00:00+00:00,P-002,APAC,braintree,true,200,317
2026-06-27T10:00:00+00:00,P-002,APAC,braintree,true,200,224
2026-06-27T10:00:00+00:00,P-002,APAC,braintree,true,200,367
2026-06-27T10:00:00+00:00,P-003,LATAM,stripe,true,200,162
2026-06-27T10:00:00+00:00,P-003,LATAM,stripe,true,200,445
2026-06-27T10:00:00+00:00,P-003,LATAM,stripe,true,200,443
2026-06-27T10:00:00+00:00,P-003,LATAM,stripe,false,insufficient_funds,1262
2026-06-27T10:00:00+00:00,P-003,LATAM,stripe,true,200,173
2026-06-27T10:00:00+00:00,P-003,LATAM,stripe,true,200,402
2026-06-27T10:00:00+00:00,P-003,LATAM,braintree,false,processor_timeout,901
2026-06-27T10:00:00+00:00,P-003,LATAM,braintree,false,processor_timeout,1217
2026-06-27T10:00:00+00:00,P-003,LATAM,braintree,true,200,200
2026-06-27T10:00:00+00:00,P-003,LATAM,braintree,true,200,235
2026-06-27T10:00:00+00:00,P-003,LATAM,braintree,true,200,198
2026-06-27T11:00:00+00:00,P-001,EU,stripe,true,200,380
2026-06-27T11:00:00+00:00,P-001,EU,stripe,true,200,234
2026-06-27T11:00:00+00:00,P-001,EU,stripe,true,200,215
2026-06-27T11:00:00+00:00,P-001,EU,braintree,true,200,152
2026-06-27T11:00:00+00:00,P-001,EU,braintree,true,200,286
2026-06-27T11:00:00+00:00,P-001,EU,braintree,true,200,478
2026-06-27T11:00:00+00:00,P-001,EU,braintree,true,200,366
2026-06-27T11:00:00+00:00,P-001,EU,braintree,true,200,168
2026-06-27T11:00:00+00:00,P-001,EU,braintree,true,200,336
2026-06-27T11:00:00+00:00,P-002,APAC,stripe,true,200,417
2026-06-27T11:00:00+00:00,P-002,APAC,stripe,true,200,445
2026-06-27T11:00:00+00:00,P-002,APAC,stripe,true,200,395
2026-06-27T11:00:00+00:00,P-002,APAC,stripe,true,200,454
2026-06-27T11:00:00+00:00,P-002,APAC,stripe,true,200,246
2026-06-27T11:00:00+00:00,P-002,APAC,stripe,true,200,438
2026-06-27T11:00:00+00:00,P-002,APAC,stripe,true,200,430
2026-06-27T11:00:00+00:00,P-002,APAC,stripe,true,200,329
2026-06-27T11:00:00+00:00,P-002,APAC,braintree,true,200,377
2026-06-27T11:00:00+00:00,P-002,APAC,braintree,true,200,300
2026-06-27T11:00:00+00:00,P-002,APAC,braintree,false,gateway_unavailable,2086
2026-06-27T11:00:00+00:00,P-003,LATAM,stripe,true,200,397
2026-06-27T11:00:00+00:00,P-003,LATAM,stripe,true,200,299
2026-06-27T11:00:00+00:00,P-003,LATAM,stripe,true,200,211
2026-06-27T11:00:00+00:00,P-003,LATAM,stripe,true,200,128
2026-06-27T11:00:00+00:00,P-003,LATAM,stripe,false,3ds_failed,1208
2026-06-27T11:00:00+00:00,P-003,LATAM,stripe,true,200,312
2026-06-27T11:00:00+00:00,P-003,LATAM,stripe,true,200,324
2026-06-27T11:00:00+00:00,P-003,LATAM,braintree,true,200,207
2026-06-27T11:00:00+00:00,P-003,LATAM,braintree,true,200,301
2026-06-27T11:00:00+00:00,P-003,LATAM,braintree,true,200,168
2026-06-27T11:00:00+00:00,P-003,LATAM,braintree,true,200,349
2026-06-27T11:00:00+00:00,P-003,LATAM,braintree,true,200,435
2026-06-27T11:00:00+00:00,P-003,LATAM,braintree,true,200,409
2026-06-27T11:00:00+00:00,P-003,LATAM,braintree,true,200,203
2026-06-27T12:00:00+00:00,P-001,EU,stripe,true,200,428
2026-06-27T12:00:00+00:00,P-001,EU,stripe,true,200,342
2026-06-27T12:00:00+00:00,P-001,EU,stripe,true,200,124
2026-06-27T12:00:00+00:00,P-001,EU,stripe,true,200,272
2026-06-27T12:00:00+00:00,P-001,EU,stripe,true,200,416
2026-06-27T12:00:00+00:00,P-001,EU,braintree,true,200,257
2026-06-27T12:00:00+00:00,P-001,EU,braintree,true,200,193
2026-06-27T12:00:00+00:00,P-001,EU,braintree,true,200,330
2026-06-27T12:00:00+00:00,P-001,EU,braintree,true,200,275
2026-06-27T12:00:00+00:00,P-001,EU,braintree,true,200,344
2026-06-27T12:00:00+00:00,P-001,EU,braintree,true,200,322
2026-06-27T12:00:00+00:00,P-001,EU,braintree,true,200,407
2026-06-27T12:00:00+00:00,P-002,APAC,stripe,true,200,424
2026-06-27T12:00:00+00:00,P-002,APAC,stripe,true,200,471
2026-06-27T12:00:00+00:00,P-002,APAC,stripe,true,200,250
2026-06-27T12:00:00+00:00,P-002,APAC,braintree,true,200,436
2026-06-27T12:00:00+00:00,P-002,APAC,braintree,true,200,265
2026-06-27T12:00:00+00:00,P-002,APAC,braintree,true,200,158
2026-06-27T12:00:00+00:00,P-002,APAC,braintree,false,processor_timeout,2145
2026-06-27T12:00:00+00:00,P-002,APAC,braintree,true,200,274
2026-06-27T12:00:00+00:00,P-002,APAC,braintree,true,200,356
2026-06-27T12:00:00+00:00,P-002,APAC,braintree,true,200,354
2026-06-27T12:00:00+00:00,P-003,LATAM,stripe,true,200,295
2026-06-27T12:00:00+00:00,P-003,LATAM,stripe,true,200,417
2026-06-27T12:00:00+00:00,P-003,LATAM,stripe,true,200,393
2026-06-27T12:00:00+00:00,P-003,LATAM,stripe,true,200,314
2026-06-27T12:00:00+00:00,P-003,LATAM,stripe,true,200,419
2026-06-27T12:00:00+00:00,P-003,LATAM,stripe,true,200,255
2026-06-27T12:00:00+00:00,P-003,LATAM,stripe,true,200,125
2026-06-27T12:00:00+00:00,P-003,LATAM,braintree,true,200,447
2026-06-27T12:00:00+00:00,P-003,LATAM,braintree,true,200,321
2026-06-27T12:00:00+00:00,P-003,LATAM,braintree,true,200,287
2026-06-27T12:00:00+00:00,P-003,LATAM,braintree,false,processor_timeout,964
2026-06-27T12:00:00+00:00,P-003,LATAM,braintree,true,200,191
2026-06-27T12:00:00+00:00,P-003,LATAM,braintree,false,processor_timeout,1712
2026-06-27T12:00:00+00:00,P-003,LATAM,braintree,true,200,403
2026-06-27T13:00:00+00:00,P-001,EU,stripe,true,200,129
2026-06-27T13:00:00+00:00,P-001,EU,stripe,true,200,211
2026-06-27T13:00:00+00:00,P-001,EU,stripe,true,200,249
2026-06-27T13:00:00+00:00,P-001,EU,stripe,true,200,173
2026-06-27T13:00:00+00:00,P-001,EU,stripe,true,200,120
2026-06-27T13:00:00+00:00,P-001,EU,stripe,true,200,396
2026-06-27T13:00:00+00:00,P-001,EU,stripe,true,200,217
2026-06-27T13:00:00+00:00,P-001,EU,braintree,true,200,288
2026-06-27T13:00:00+00:00,P-001,EU,braintree,true,200,461
2026-06-27T13:00:00+00:00,P-001,EU,braintree,true,200,402
2026-06-27T13:00:00+00:00,P-001,EU,braintree,true,200,424
2026-06-27T13:00:00+00:00,P-001,EU,braintree,true,200,254
2026-06-27T13:00:00+00:00,P-001,EU,braintree,true,200,174
2026-06-27T13:00:00+00:00,P-001,EU,braintree,true,200,332
2026-06-27T13:00:00+00:00,P-001,EU,braintree,false,processor_timeout,929
2026-06-27T13:00:00+00:00,P-002,APAC,stripe,true,200,348
2026-06-27T13:00:00+00:00,P-002,APAC,stripe,true,200,126
2026-06-27T13:00:00+00:00,P-002,APAC,stripe,true,200,228
2026-06-27T13:00:00+00:00,P-002,APAC,stripe,true,200,296
2026-06-27T13:00:00+00:00,P-002,APAC,braintree,true,200,467
2026-06-27T13:00:00+00:00,P-002,APAC,braintree,true,200,423
2026-06-27T13:00:00+00:00,P-002,APAC,braintree,true,200,425
2026-06-27T13:00:00+00:00,P-002,APAC,braintree,true,200,224
2026-06-27T13:00:00+00:00,P-002,APAC,braintree,true,200,303
2026-06-27T13:00:00+00:00,P-002,APAC,braintree,true,200,169
2026-06-27T13:00:00+00:00,P-002,APAC,braintree,true,200,409
2026-06-27T13:00:00+00:00,P-002,APAC,braintree,true,200,344
2026-06-27T13:00:00+00:00,P-003,LATAM,stripe,true,200,270
2026-06-27T13:00:00+00:00,P-003,LATAM,stripe,true,200,411
2026-06-27T13:00:00+00:00,P-003,LATAM,stripe,true,200,365
2026-06-27T13:00:00+00:00,P-003,LATAM,stripe,true,200,129
2026-06-27T13:00:00+00:00,P-003,LATAM,stripe,true,200,391
2026-06-27T13:00:00+00:00,P-003,LATAM,stripe,true,200,332
2026-06-27T13:00:00+00:00,P-003,LATAM,stripe,true,200,137
2026-06-27T13:00:00+00:00,P-003,LATAM,braintree,true,200,224
2026-06-27T13:00:00+00:00,P-003,LATAM,braintree,true,200,472
2026-06-27T13:00:00+00:00,P-003,LATAM,braintree,true,200,238
2026-06-27T14:00:00+00:00,P-001,EU,stripe,true,200,275
2026-06-27T14:00:00+00:00,P-001,EU,stripe,true,200,249
2026-06-27T14:00:00+00:00,P-001,EU,stripe,true,200,424
2026-06-27T14:00:00+00:00,P-001,EU,stripe,true,200,321
2026-06-27T14:00:00+00:00,P-001,EU,stripe,true,200,460
2026-06-27T14:00:00+00:00,P-001,EU,braintree,false,avs_mismatch,1720
2026-06-27T14:00:00+00:00,P-001,EU,braintree,true,200,311
2026-06-27T14:00:00+00:00,P-001,EU,braintree,true,200,139
2026-06-27T14:00:00+00:00,P-001,EU,braintree,true,200,184
2026-06-27T14:00:00+00:00,P-001,EU,braintree,true,200,296
2026-06-27T14:00:00+00:00,P-002,APAC,stripe,true,200,364
2026-06-27T14:00:00+00:00,P-002,APAC,stripe,true,200,337
2026-06-27T14:00:00+00:00,P-002,APAC,stripe,true,200,214
2026-06-27T14:00:00+00:00,P-002,APAC,stripe,true,200,212
2026-06-27T14:00:00+00:00,P-002,APAC,stripe,true,200,124
2026-06-27T14:00:00+00:00,P-002,APAC,stripe,true,200,230
2026-06-27T14:00:00+00:00,P-002,APAC,stripe,true,200,451
2026-06-27T14:00:00+00:00,P-002,APAC,braintree,true,200,135
2026-06-27T14:00:00+00:00,P-002,APAC,braintree,true,200,277
2026-06-27T14:00:00+00:00,P-002,APAC,braintree,true,200,319
2026-06-27T14:00:00+00:00,P-002,APAC,braintree,true,200,267
2026-06-27T14:00:00+00:00,P-002,APAC,braintree,true,200,286
2026-06-27T14:00:00+00:00,P-002,APAC,braintree,true,200,234
2026-06-27T14:00:00+00:00,P-002,APAC,braintree,true,200,287
2026-06-27T14:00:00+00:00,P-002,APAC,braintree,true,200,238
2026-06-27T14:00:00+00:00,P-003,LATAM,stripe,true,200,123
2026-06-27T14:00:00+00:00,P-003,LATAM,stripe,true,200,161
2026-06-27T14:00:00+00:00,P-003,LATAM,stripe,false,insufficient_funds,1582
2026-06-27T14:00:00+00:00,P-003,LATAM,stripe,true,200,231
2026-06-27T14:00:00+00:00,P-003,LATAM,stripe,true,200,479
2026-06-27T14:00:00+00:00,P-003,LATAM,stripe,true,200,425
2026-06-27T14:00:00+00:00,P-003,LATAM,stripe,true,200,247
2026-06-27T14:00:00+00:00,P-003,LATAM,braintree,true,200,214
2026-06-27T14:00:00+00:00,P-003,LATAM,braintree,false,processor_timeout,2368
2026-06-27T14:00:00+00:00,P-003,LATAM,braintree,true,200,241
2026-06-27T14:00:00+00:00,P-003,LATAM,braintree,true,200,447
2026-06-27T14:00:00+00:00,P-003,LATAM,braintree,true,200,357
2026-06-27T14:00:00+00:00,P-003,LATAM,braintree,true,200,337
2026-06-27T15:00:00+00:00,P-001,EU,stripe,true,200,399
2026-06-27T15:00:00+00:00,P-001,EU,stripe,true,200,436
2026-06-27T15:00:00+00:00,P-001,EU,stripe,true,200,284
2026-06-27T15:00:00+00:00,P-001,EU,stripe,true,200,284
2026-06-27T15:00:00+00:00,P-001,EU,stripe,true,200,207
2026-06-27T15:00:00+00:00,P-001,EU,braintree,true,200,276
2026-06-27T15:00:00+00:00,P-001,EU,braintree,true,200,297
2026-06-27T15:00:00+00:00,P-001,EU,braintree,true,200,280
2026-06-27T15:00:00+00:00,P-001,EU,braintree,true,200,179
2026-06-27T15:00:00+00:00,P-002,APAC,stripe,true,200,308
2026-06-27T15:00:00+00:00,P-002,APAC,stripe,true,200,349
2026-06-27T15:00:00+00:00,P-002,APAC,stripe,true,200,292
2026-06-27T15:00:00+00:00,P-002,APAC,stripe,true,200,390
2026-06-27T15:00:00+00:00,P-002,APAC,stripe,true,200,144
2026-06-27T15:00:00+00:00,P-002,APAC,stripe,true,200,426
2026-06-27T15:00:00+00:00,P-002,APAC,stripe,true,200,349
2026-06-27T15:00:00+00:00,P-002,APAC,braintree,true,200,361
2026-06-27T15:00:00+00:00,P-002,APAC,braintree,true,200,307
2026-06-27T15:00:00+00:00,P-002,APAC,braintree,true,200,302
2026-06-27T15:00:00+00:00,P-002,APAC,braintree,true,200,272
2026-06-27T15:00:00+00:00,P-002,APAC,braintree,true,200,390
2026-06-27T15:00:00+00:00,P-002,APAC,braintree,true,200,271
2026-06-27T15:00:00+00:00,P-003,LATAM,stripe,true,200,356
2026-06-27T15:00:00+00:00,P-003,LATAM,stripe,true,200,417
2026-06-27T15:00:00+00:00,P-003,LATAM,stripe,true,200,412
2026-06-27T15:00:00+00:00,P-003,LATAM,braintree,true,200,268
2026-06-27T15:00:00+00:00,P-003,LATAM,braintree,true,200,428
2026-06-27T15:00:00+00:00,P-003,LATAM,braintree,true,200,290
2026-06-27T15:00:00+00:00,P-003,LATAM,braintree,true,200,381
2026-06-27T15:00:00+00:00,P-003,LATAM,braintree,true,200,233
2026-06-27T15:00:00+00:00,P-003,LATAM,braintree,true,200,391
2026-06-27T16:00:00+00:00,P-001,EU,stripe,true,200,155
2026-06-27T16:00:00+00:00,P-001,EU,stripe,true,200,242
2026-06-27T16:00:00+00:00,P-001,EU,stripe,true,200,386
2026-06-27T16:00:00+00:00,P-001,EU,stripe,true,200,213
2026-06-27T16:00:00+00:00,P-001,EU,braintree,false,avs_mismatch,1871
2026-06-27T16:00:00+00:00,P-001,EU,braintree,true,200,209
2026-06-27T16:00:00+00:00,P-001,EU,braintree,true,200,405
2026-06-27T16:00:00+00:00,P-001,EU,braintree,true,200,209
2026-06-27T16:00:00+00:00,P-001,EU,braintree,true,200,363
2026-06-27T16:00:00+00:00,P-001,EU,braintree,true,200,266
2026-06-27T16:00:00+00:00,P-002,APAC,stripe,true,200,281
2026-06-27T16:00:00+00:00,P-002,APAC,stripe,true,200,280
2026-06-27T16:00:00+00:00,P-002,APAC,stripe,true,200,347
2026-06-27T16:00:00+00:00,P-002,APAC,stripe,true,200,329
2026-06-27T16:00:00+00:00,P-002,APAC,stripe,true,200,458
2026-06-27T16:00:00+00:00,P-002,APAC,stripe,true,200,287
2026-06-27T16:00:00+00:00,P-002,APAC,stripe,true,200,367
2026-06-27T16:00:00+00:00,P-002,APAC,braintree,true,200,382
2026-06-27T16:00:00+00:00,P-002,APAC,braintree,true,200,174
2026-06-27T16:00:00+00:00,P-002,APAC,braintree,true,200,471
2026-06-27T16:00:00+00:00,P-002,APAC,braintree,true,200,269
2026-06-27T16:00:00+00:00,P-002,APAC,braintree,true,200,315
2026-06-27T16:00:00+00:00,P-002,APAC,braintree,true,200,365
2026-06-27T16:00:00+00:00,P-002,APAC,braintree,true,200,313
2026-06-27T16:00:00+00:00,P-003,LATAM,stripe,true,200,323
2026-06-27T16:00:00+00:00,P-003,LATAM,stripe,true,200,153
2026-06-27T16:00:00+00:00,P-003,LATAM,stripe,false,card_declined,1329
2026-06-27T16:00:00+00:00,P-003,LATAM,stripe,true,200,189
2026-06-27T16:00:00+00:00,P-003,LATAM,braintree,true,200,251
2026-06-27T16:00:00+00:00,P-003,LATAM,braintree,true,200,442
2026-06-27T16:00:00+00:00,P-003,LATAM,braintree,true,200,254
2026-06-27T16:00:00+00:00,P-003,LATAM,braintree,false,gateway_unavailable,1007
2026-06-27T16:00:00+00:00,P-003,LATAM,braintree,true,200,414
2026-06-27T16:00:00+00:00,P-003,LATAM,braintree,true,200,134
2026-06-27T16:00:00+00:00,P-003,LATAM,braintree,true,200,177
2026-06-27T17:00:00+00:00,P-001,EU,stripe,true,200,403
2026-06-27T17:00:00+00:00,P-001,EU,stripe,true,200,236
2026-06-27T17:00:00+00:00,P-001,EU,stripe,true,200,392
2026-06-27T17:00:00+00:00,P-001,EU,braintree,true,200,470
2026-06-27T17:00:00+00:00,P-001,EU,braintree,true,200,203
2026-06-27T17:00:00+00:00,P-001,EU,braintree,true,200,163
2026-06-27T17:00:00+00:00,P-001,EU,braintree,true,200,329
2026-06-27T17:00:00+00:00,P-002,APAC,stripe,true,200,267
2026-06-27T17:00:00+00:00,P-002,APAC,stripe,true,200,270
2026-06-27T17:00:00+00:00,P-002,APAC,stripe,true,200,383
2026-06-27T17:00:00+00:00,P-002,APAC,stripe,true,200,272
2026-06-27T17:00:00+00:00,P-002,APAC,stripe,true,200,463
2026-06-27T17:00:00+00:00,P-002,APAC,stripe,true,200,354
2026-06-27T17:00:00+00:00,P-002,APAC,stripe,true,200,344
2026-06-27T17:00:00+00:00,P-002,APAC,stripe,true,200,309
2026-06-27T17:00:00+00:00,P-002,APAC,braintree,true,200,412
2026-06-27T17:00:00+00:00,P-002,APAC,braintree,true,200,386
2026-06-27T17:00:00+00:00,P-002,APAC,braintree,true,200,385
2026-06-27T17:00:00+00:00,P-002,APAC,braintree,true,200,423
2026-06-27T17:00:00+00:00,P-002,APAC,braintree,true,200,193
2026-06-27T17:00:00+00:00,P-002,APAC,braintree,true,200,418
2026-06-27T17:00:00+00:00,P-003,LATAM,stripe,true,200,431
2026-06-27T17:00:00+00:00,P-003,LATAM,stripe,true,200,459
2026-06-27T17:00:00+00:00,P-003,LATAM,stripe,true,200,157
2026-06-27T17:00:00+00:00,P-003,LATAM,stripe,true,200,273
2026-06-27T17:00:00+00:00,P-003,LATAM,stripe,true,200,216
2026-06-27T17:00:00+00:00,P-003,LATAM,stripe,true,200,351
2026-06-27T17:00:00+00:00,P-003,LATAM,braintree,true,200,288
2026-06-27T17:00:00+00:00,P-003,LATAM,braintree,true,200,390
2026-06-27T17:00:00+00:00,P-003,LATAM,braintree,true,200,254
2026-06-27T18:00:00+00:00,P-001,EU,stripe,true,200,256
2026-06-27T18:00:00+00:00,P-001,EU,stripe,true,200,225
2026-06-27T18:00:00+00:00,P-001,EU,stripe,true,200,201
2026-06-27T18:00:00+00:00,P-001,EU,stripe,true,200,320
2026-06-27T18:00:00+00:00,P-001,EU,stripe,false,card_declined,1069
2026-06-27T18:00:00+00:00,P-001,EU,braintree,true,200,446
2026-06-27T18:00:00+00:00,P-001,EU,braintree,true,200,390
2026-06-27T18:00:00+00:00,P-001,EU,braintree,true,200,342
2026-06-27T18:00:00+00:00,P-001,EU,braintree,true,200,178
2026-06-27T18:00:00+00:00,P-002,APAC,stripe,true,200,432
2026-06-27T18:00:00+00:00,P-002,APAC,stripe,false,insufficient_funds,2003
2026-06-27T18:00:00+00:00,P-002,APAC,stripe,true,200,292
2026-06-27T18:00:00+00:00,P-002,APAC,braintree,true,200,131
2026-06-27T18:00:00+00:00,P-002,APAC,braintree,true,200,436
2026-06-27T18:00:00+00:00,P-002,APAC,braintree,true,200,413
2026-06-27T18:00:00+00:00,P-002,APAC,braintree,true,200,205
2026-06-27T18:00:00+00:00,P-002,APAC,braintree,true,200,347
2026-06-27T18:00:00+00:00,P-002,APAC,braintree,true,200,144
2026-06-27T18:00:00+00:00,P-002,APAC,braintree,true,200,195
2026-06-27T18:00:00+00:00,P-003,LATAM,stripe,true,200,336
2026-06-27T18:00:00+00:00,P-003,LATAM,stripe,true,200,233
2026-06-27T18:00:00+00:00,P-003,LATAM,stripe,true,200,311
2026-06-27T18:00:00+00:00,P-003,LATAM,stripe,true,200,456
2026-06-27T18:00:00+00:00,P-003,LATAM,stripe,true,200,378
2026-06-27T18:00:00+00:00,P-003,LATAM,stripe,true,200,130
2026-06-27T18:00:00+00:00,P-003,LATAM,stripe,true,200,357
2026-06-27T18:00:00+00:00,P-003,LATAM,braintree,true,200,462
2026-06-27T18:00:00+00:00,P-003,LATAM,braintree,true,200,184
2026-06-27T18:00:00+00:00,P-003,LATAM,braintree,true,200,130
2026-06-27T18:00:00+00:00,P-003,LATAM,braintree,true,200,182
2026-06-27T18:00:00+00:00,P-003,LATAM,braintree,true,200,243
2026-06-27T18:00:00+00:00,P-003,LATAM,braintree,true,200,160
2026-06-27T18:00:00+00:00,P-003,LATAM,braintree,true,200,392
2026-06-27T18:00:00+00:00,P-003,LATAM,braintree,true,200,413
2026-06-27T19:00:00+00:00,P-001,EU,stripe,true,200,450
2026-06-27T19:00:00+00:00,P-001,EU,stripe,true,200,298
2026-06-27T19:00:00+00:00,P-001,EU,stripe,true,200,338
2026-06-27T19:00:00+00:00,P-001,EU,stripe,true,200,150
2026-06-27T19:00:00+00:00,P-001,EU,stripe,true,200,287
2026-06-27T19:00:00+00:00,P-001,EU,stripe,true,200,171
2026-06-27T19:00:00+00:00,P-001,EU,braintree,true,200,141
2026-06-27T19:00:00+00:00,P-001,EU,braintree,true,200,151
2026-06-27T19:00:00+00:00,P-001,EU,braintree,true,200,273
2026-06-27T19:00:00+00:00,P-001,EU,braintree,true,200,356
2026-06-27T19:00:00+00:00,P-001,EU,braintree,true,200,155
2026-06-27T19:00:00+00:00,P-001,EU,braintree,true,200,476
2026-06-27T19:00:00+00:00,P-001,EU,braintree,true,200,391
2026-06-27T19:00:00+00:00,P-002,APAC,stripe,true,200,325
2026-06-27T19:00:00+00:00,P-002,APAC,stripe,true,200,345
2026-06-27T19:00:00+00:00,P-002,APAC,stripe,true,200,473
2026-06-27T19:00:00+00:00,P-002,APAC,stripe,true,200,426
2026-06-27T19:00:00+00:00,P-002,APAC,stripe,true,200,245
2026-06-27T19:00:00+00:00,P-002,APAC,stripe,true,200,243
2026-06-27T19:00:00+00:00,P-002,APAC,braintree,true,200,123
2026-06-27T19:00:00+00:00,P-002,APAC,braintree,true,200,398
2026-06-27T19:00:00+00:00,P-002,APAC,braintree,true,200,340
2026-06-27T19:00:00+00:00,P-002,APAC,braintree,true,200,444
2026-06-27T19:00:00+00:00,P-002,APAC,braintree,false,gateway_unavailable,2263
2026-06-27T19:00:00+00:00,P-002,APAC,braintree,true,200,453
2026-06-27T19:00:00+00:00,P-002,APAC,braintree,true,200,317
2026-06-27T19:00:00+00:00,P-003,LATAM,stripe,true,200,369
2026-06-27T19:00:00+00:00,P-003,LATAM,stripe,true,200,302
2026-06-27T19:00:00+00:00,P-003,LATAM,stripe,true,200,179
2026-06-27T19:00:00+00:00,P-003,LATAM,stripe,true,200,268
2026-06-27T19:00:00+00:00,P-003,LATAM,stripe,true,200,467
2026-06-27T19:00:00+00:00,P-003,LATAM,stripe,true,200,457
2026-06-27T19:00:00+00:00,P-003,LATAM,braintree,true,200,242
2026-06-27T19:00:00+00:00,P-003,LATAM,braintree,true,200,213
2026-06-27T19:00:00+00:00,P-003,LATAM,braintree,true,200,201
2026-06-27T19:00:00+00:00,P-003,LATAM,braintree,true,200,335
2026-06-27T20:00:00+00:00,P-001,EU,stripe,true,200,122
2026-06-27T20:00:00+00:00,P-001,EU,stripe,true,200,247
2026-06-27T20:00:00+00:00,P-001,EU,stripe,true,200,386
2026-06-27T20:00:00+00:00,P-001,EU,stripe,true,200,250
2026-06-27T20:00:00+00:00,P-001,EU,stripe,true,200,480
2026-06-27T20:00:00+00:00,P-001,EU,stripe,true,200,159
2026-06-27T20:00:00+00:00,P-001,EU,stripe,true,200,173
2026-06-27T20:00:00+00:00,P-001,EU,stripe,true,200,476
2026-06-27T20:00:00+00:00,P-001,EU,braintree,false,gateway_unavailable,2199
2026-06-27T20:00:00+00:00,P-001,EU,braintree,true,200,291
2026-06-27T20:00:00+00:00,P-001,EU,braintree,true,200,445
2026-06-27T20:00:00+00:00,P-001,EU,braintree,true,200,329
2026-06-27T20:00:00+00:00,P-001,EU,braintree,true,200,141
2026-06-27T20:00:00+00:00,P-001,EU,braintree,false,processor_timeout,976
2026-06-27T20:00:00+00:00,P-002,APAC,stripe,true,200,399
2026-06-27T20:00:00+00:00,P-002,APAC,stripe,true,200,371
2026-06-27T20:00:00+00:00,P-002,APAC,stripe,false,card_declined,1440
2026-06-27T20:00:00+00:00,P-002,APAC,stripe,true,200,334
2026-06-27T20:00:00+00:00,P-002,APAC,braintree,true,200,380
2026-06-27T20:00:00+00:00,P-002,APAC,braintree,true,200,254
2026-06-27T20:00:00+00:00,P-002,APAC,braintree,true,200,466
2026-06-27T20:00:00+00:00,P-002,APAC,braintree,true,200,179
2026-06-27T20:00:00+00:00,P-003,LATAM,stripe,true,200,237
2026-06-27T20:00:00+00:00,P-003,LATAM,stripe,true,200,228
2026-06-27T20:00:00+00:00,P-003,LATAM,stripe,true,200,414
2026-06-27T20:00:00+00:00,P-003,LATAM,stripe,true,200,142
2026-06-27T20:00:00+00:00,P-003,LATAM,stripe,true,200,325
2026-06-27T20:00:00+00:00,P-003,LATAM,stripe,true,200,457
2026-06-27T20:00:00+00:00,P-003,LATAM,stripe,true,200,440
2026-06-27T20:00:00+00:00,P-003,LATAM,braintree,true,200,411
2026-06-27T20:00:00+00:00,P-003,LATAM,braintree,true,200,378
2026-06-27T20:00:00+00:00,P-003,LATAM,braintree,true,200,262
2026-06-27T20:00:00+00:00,P-003,LATAM,braintree,false,avs_mismatch,1830
2026-06-27T20:00:00+00:00,P-003,LATAM,braintree,true,200,283
2026-06-27T20:00:00+00:00,P-003,LATAM,braintree,true,200,299
2026-06-27T20:00:00+00:00,P-003,LATAM,braintree,true,200,241
2026-06-27T20:00:00+00:00,P-003,LATAM,braintree,true,200,288
2026-06-27T21:00:00+00:00,P-001,EU,stripe,true,200,352
2026-06-27T21:00:00+00:00,P-001,EU,stripe,true,200,371
2026-06-27T21:00:00+00:00,P-001,EU,stripe,true,200,256
2026-06-27T21:00:00+00:00,P-001,EU,stripe,true,200,130
2026-06-27T21:00:00+00:00,P-001,EU,stripe,true,200,337
2026-06-27T21:00:00+00:00,P-001,EU,stripe,true,200,406
2026-06-27T21:00:00+00:00,P-001,EU,stripe,false,card_declined,2451
2026-06-27T21:00:00+00:00,P-001,EU,braintree,true,200,258
2026-06-27T21:00:00+00:00,P-001,EU,braintree,true,200,137
2026-06-27T21:00:00+00:00,P-001,EU,braintree,true,200,226
2026-06-27T21:00:00+00:00,P-001,EU,braintree,true,200,387
2026-06-27T21:00:00+00:00,P-001,EU,braintree,true,200,379
2026-06-27T21:00:00+00:00,P-001,EU,braintree,true,200,400
2026-06-27T21:00:00+00:00,P-002,APAC,stripe,true,200,303
2026-06-27T21:00:00+00:00,P-002,APAC,stripe,false,card_declined,2399
2026-06-27T21:00:00+00:00,P-002,APAC,stripe,true,200,327
2026-06-27T21:00:00+00:00,P-002,APAC,stripe,true,200,363
2026-06-27T21:00:00+00:00,P-002,APAC,stripe,true,200,248
2026-06-27T21:00:00+00:00,P-002,APAC,stripe,true,200,124
2026-06-27T21:00:00+00:00,P-002,APAC,braintree,true,200,177
2026-06-27T21:00:00+00:00,P-002,APAC,braintree,false,gateway_unavailable,1295
2026-06-27T21:00:00+00:00,P-002,APAC,braintree,true,200,446
2026-06-27T21:00:00+00:00,P-002,APAC,braintree,true,200,131
2026-06-27T21:00:00+00:00,P-002,APAC,braintree,true,200,185
2026-06-27T21:00:00+00:00,P-002,APAC,braintree,true,200,298
2026-06-27T21:00:00+00:00,P-002,APAC,braintree,true,200,205
2026-06-27T21:00:00+00:00,P-003,LATAM,stripe,true,200,154
2026-06-27T21:00:00+00:00,P-003,LATAM,stripe,true,200,207
2026-06-27T21:00:00+00:00,P-003,LATAM,stripe,true,200,239
2026-06-27T21:00:00+00:00,P-003,LATAM,braintree,true,200,454
2026-06-27T21:00:00+00:00,P-003,LATAM,braintree,true,200,356
2026-06-27T21:00:00+00:00,P-003,LATAM,braintree,true,200,257
2026-06-27T22:00:00+00:00,P-001,EU,stripe,true,200,148
2026-06-27T22:00:00+00:00,P-001,EU,stripe,true,200,373
2026-06-27T22:00:00+00:00,P-001,EU,stripe,true,200,480
2026-06-27T22:00:00+00:00,P-001,EU,stripe,true,200,409
2026-06-27T22:00:00+00:00,P-001,EU,stripe,true,200,258
2026-06-27T22:00:00+00:00,P-001,EU,braintree,false,processor_timeout,2028
2026-06-27T22:00:00+00:00,P-001,EU,braintree,true,200,150
2026-06-27T22:00:00+00:00,P-001,EU,braintree,true,200,435
2026-06-27T22:00:00+00:00,P-001,EU,braintree,true,200,444
2026-06-27T22:00:00+00:00,P-001,EU,braintree,true,200,193
2026-06-27T22:00:00+00:00,P-002,APAC,stripe,true,200,358
2026-06-27T22:00:00+00:00,P-002,APAC,stripe,true,200,405
2026-06-27T22:00:00+00:00,P-002,APAC,stripe,true,200,319
2026-06-27T22:00:00+00:00,P-002,APAC,stripe,false,3ds_failed,1733
2026-06-27T22:00:00+00:00,P-002,APAC,stripe,true,200,210
2026-06-27T22:00:00+00:00,P-002,APAC,braintree,true,200,373
2026-06-27T22:00:00+00:00,P-002,APAC,braintree,true,200,193
2026-06-27T22:00:00+00:00,P-002,APAC,braintree,true,200,127
2026-06-27T22:00:00+00:00,P-002,APAC,braintree,true,200,475
2026-06-27T22:00:00+00:00,P-002,APAC,braintree,true,200,229
2026-06-27T22:00:00+00:00,P-003,LATAM,stripe,true,200,175
2026-06-27T22:00:00+00:00,P-003,LATAM,stripe,true,200,438
2026-06-27T22:00:00+00:00,P-003,LATAM,stripe,true,200,218
2026-06-27T22:00:00+00:00,P-003,LATAM,stripe,true,200,389
2026-06-27T22:00:00+00:00,P-003,LATAM,braintree,true,200,315
2026-06-27T22:00:00+00:00,P-003,LATAM,braintree,true,200,363
2026-06-27T22:00:00+00:00,P-003,LATAM,braintree,true,200,399
2026-06-27T22:00:00+00:00,P-003,LATAM,braintree,true,200,475
2026-06-27T22:00:00+00:00,P-003,LATAM,braintree,true,200,148
2026-06-27T22:00:00+00:00,P-003,LATAM,braintree,false,processor_timeout,2495
2026-06-27T23:00:00+00:00,P-001,EU,stripe,true,200,291
2026-06-27T23:00:00+00:00,P-001,EU,stripe,true,200,241
2026-06-27T23:00:00+00:00,P-001,EU,stripe,true,200,332
2026-06-27T23:00:00+00:00,P-001,EU,braintree,true,200,412
2026-06-27T23:00:00+00:00,P-001,EU,braintree,true,200,329
2026-06-27T23:00:00+00:00,P-001,EU,braintree,false,avs_mismatch,963
2026-06-27T23:00:00+00:00,P-001,EU,braintree,true,200,358
2026-06-27T23:00:00+00:00,P-001,EU,braintree,true,200,280
2026-06-27T23:00:00+00:00,P-001,EU,braintree,true,200,169
2026-06-27T23:00:00+00:00,P-001,EU,braintree,true,200,189
2026-06-27T23:00:00+00:00,P-001,EU,braintree,true,200,408
2026-06-27T23:00:00+00:00,P-002,APAC,stripe,true,200,356
2026-06-27T23:00:00+00:00,P-002,APAC,stripe,true,200,356
2026-06-27T23:00:00+00:00,P-002,APAC,stripe,true,200,137
2026-06-27T23:00:00+00:00,P-002,APAC,braintree,true,200,202
2026-06-27T23:00:00+00:00,P-002,APAC,braintree,true,200,224
2026-06-27T23:00:00+00:00,P-002,APAC,braintree,true,200,314
2026-06-27T23:00:00+00:00,P-002,APAC,braintree,true,200,380
2026-06-27T23:00:00+00:00,P-002,APAC,braintree,true,200,158
2026-06-27T23:00:00+00:00,P-002,APAC,braintree,true,200,373
2026-06-27T23:00:00+00:00,P-002,APAC,braintree,true,200,181
2026-06-27T23:00:00+00:00,P-002,APAC,braintree,true,200,249
2026-06-27T23:00:00+00:00,P-003,LATAM,stripe,true,200,263
2026-06-27T23:00:00+00:00,P-003,LATAM,stripe,true,200,177
2026-06-27T23:00:00+00:00,P-003,LATAM,stripe,false,card_declined,2066
2026-06-27T23:00:00+00:00,P-003,LATAM,stripe,true,200,155
2026-06-27T23:00:00+00:00,P-003,LATAM,stripe,true,200,123
2026-06-27T23:00:00+00:00,P-003,LATAM,braintree,true,200,245
2026-06-27T23:00:00+00:00,P-003,LATAM,braintree,true,200,194
2026-06-27T23:00:00+00:00,P-003,LATAM,braintree,true,200,274
2026-06-27T23:00:00+00:00,P-003,LATAM,braintree,true,200,187
2026-06-27T23:00:00+00:00,P-003,LATAM,braintree,true,200,193
2026-06-27T23:00:00+00:00,P-003,LATAM,braintree,true,200,323
2026-06-28T00:00:00+00:00,P-001,EU,stripe,true,200,212
2026-06-28T00:00:00+00:00,P-001,EU,stripe,true,200,420
2026-06-28T00:00:00+00:00,P-001,EU,stripe,true,200,162
2026-06-28T00:00:00+00:00,P-001,EU,braintree,false,avs_mismatch,2395
2026-06-28T00:00:00+00:00,P-001,EU,braintree,true,200,259
2026-06-28T00:00:00+00:00,P-001,EU,braintree,true,200,348
2026-06-28T00:00:00+00:00,P-001,EU,braintree,true,200,362
2026-06-28T00:00:00+00:00,P-002,APAC,stripe,true,200,131
2026-06-28T00:00:00+00:00,P-002,APAC,stripe,true,200,213
2026-06-28T00:00:00+00:00,P-002,APAC,stripe,true,200,440
2026-06-28T00:00:00+00:00,P-002,APAC,stripe,true,200,168
2026-06-28T00:00:00+00:00,P-002,APAC,braintree,true,200,360
2026-06-28T00:00:00+00:00,P-002,APAC,braintree,true,200,453
2026-06-28T00:00:00+00:00,P-002,APAC,braintree,true,200,273
2026-06-28T00:00:00+00:00,P-002,APAC,braintree,true,200,132
2026-06-28T00:00:00+00:00,P-003,LATAM,stripe,true,200,296
2026-06-28T00:00:00+00:00,P-003,LATAM,stripe,true,200,303
2026-06-28T00:00:00+00:00,P-003,LATAM,stripe,true,200,299
2026-06-28T00:00:00+00:00,P-003,LATAM,stripe,true,200,138
2026-06-28T00:00:00+00:00,P-003,LATAM,stripe,true,200,174
2026-06-28T00:00:00+00:00,P-003,LATAM,stripe,true,200,176
2026-06-28T00:00:00+00:00,P-003,LATAM,stripe,true,200,394
2026-06-28T00:00:00+00:00,P-003,LATAM,stripe,true,200,166
2026-06-28T00:00:00+00:00,P-003,LATAM,braintree,true,200,396
2026-06-28T00:00:00+00:00,P-003,LATAM,braintree,true,200,479
2026-06-28T00:00:00+00:00,P-003,LATAM,braintree,true,200,430
2026-06-28T00:00:00+00:00,P-003,LATAM,braintree,true,200,331
2026-06-28T01:00:00+00:00,P-001,EU,stripe,true,200,339
2026-06-28T01:00:00+00:00,P-001,EU,stripe,true,200,383
2026-06-28T01:00:00+00:00,P-001,EU,stripe,true,200,184
2026-06-28T01:00:00+00:00,P-001,EU,stripe,true,200,314
2026-06-28T01:00:00+00:00,P-001,EU,stripe,false,card_declined,1924
2026-06-28T01:00:00+00:00,P-001,EU,braintree,true,200,353
2026-06-28T01:00:00+00:00,P-001,EU,braintree,true,200,381
2026-06-28T01:00:00+00:00,P-001,EU,braintree,true,200,344
2026-06-28T01:00:00+00:00,P-001,EU,braintree,true,200,405
2026-06-28T01:00:00+00:00,P-001,EU,braintree,false,avs_mismatch,1124
2026-06-28T01:00:00+00:00,P-001,EU,braintree,true,200,371
2026-06-28T01:00:00+00:00,P-001,EU,braintree,true,200,410
2026-06-28T01:00:00+00:00,P-002,APAC,stripe,true,200,273
2026-06-28T01:00:00+00:00,P-002,APAC,stripe,true,200,326
2026-06-28T01:00:00+00:00,P-002,APAC,stripe,true,200,390
2026-06-28T01:00:00+00:00,P-002,APAC,stripe,true,200,223
2026-06-28T01:00:00+00:00,P-002,APAC,braintree,true,200,440
2026-06-28T01:00:00+00:00,P-002,APAC,braintree,true,200,221
2026-06-28T01:00:00+00:00,P-002,APAC,braintree,true,200,237
2026-06-28T01:00:00+00:00,P-002,APAC,braintree,true,200,257
2026-06-28T01:00:00+00:00,P-002,APAC,braintree,true,200,258
2026-06-28T01:00:00+00:00,P-002,APAC,braintree,true,200,140
2026-06-28T01:00:00+00:00,P-003,LATAM,stripe,true,200,234
2026-06-28T01:00:00+00:00,P-003,LATAM,stripe,true,200,390
2026-06-28T01:00:00+00:00,P-003,LATAM,stripe,true,200,260
2026-06-28T01:00:00+00:00,P-003,LATAM,stripe,true,200,195
2026-06-28T01:00:00+00:00,P-003,LATAM,stripe,true,200,124
2026-06-28T01:00:00+00:00,P-003,LATAM,stripe,true,200,205
2026-06-28T01:00:00+00:00,P-003,LATAM,stripe,true,200,371
2026-06-28T01:00:00+00:00,P-003,LATAM,braintree,false,processor_timeout,929
2026-06-28T01:00:00+00:00,P-003,LATAM,braintree,true,200,288
2026-06-28T01:00:00+00:00,P-003,LATAM,braintree,true,200,226
2026-06-28T01:00:00+00:00,P-003,LATAM,braintree,true,200,121
2026-06-28T01:00:00+00:00,P-003,LATAM,braintree,true,200,129
2026-06-28T01:00:00+00:00,P-003,LATAM,braintree,true,200,312
2026-06-28T01:00:00+00:00,P-003,LATAM,braintree,true,200,269
2026-06-28T01:00:00+00:00,P-003,LATAM,braintree,true,200,326
2026-06-28T02:00:00+00:00,P-001,EU,stripe,true,200,176
2026-06-28T02:00:00+00:00,P-001,EU,stripe,true,200,121
2026-06-28T02:00:00+00:00,P-001,EU,stripe,true,200,412
2026-06-28T02:00:00+00:00,P-001,EU,stripe,true,200,410
2026-06-28T02:00:00+00:00,P-001,EU,stripe,false,card_declined,1416
2026-06-28T02:00:00+00:00,P-001,EU,stripe,true,200,121
2026-06-28T02:00:00+00:00,P-001,EU,braintree,true,200,167
2026-06-28T02:00:00+00:00,P-001,EU,braintree,true,200,441
2026-06-28T02:00:00+00:00,P-001,EU,braintree,true,200,240
2026-06-28T02:00:00+00:00,P-002,APAC,stripe,true,200,223
2026-06-28T02:00:00+00:00,P-002,APAC,stripe,true,200,417
2026-06-28T02:00:00+00:00,P-002,APAC,stripe,true,200,415
2026-06-28T02:00:00+00:00,P-002,APAC,stripe,true,200,436
2026-06-28T02:00:00+00:00,P-002,APAC,braintree,true,200,397
2026-06-28T02:00:00+00:00,P-002,APAC,braintree,true,200,292
2026-06-28T02:00:00+00:00,P-002,APAC,braintree,true,200,162
2026-06-28T02:00:00+00:00,P-003,LATAM,stripe,true,200,252
2026-06-28T02:00:00+00:00,P-003,LATAM,stripe,true,200,140
2026-06-28T02:00:00+00:00,P-003,LATAM,stripe,true,200,425
2026-06-28T02:00:00+00:00,P-003,LATAM,stripe,true,200,421
2026-06-28T02:00:00+00:00,P-003,LATAM,stripe,true,200,470
2026-06-28T02:00:00+00:00,P-003,LATAM,stripe,true,200,342
2026-06-28T02:00:00+00:00,P-003,LATAM,stripe,true,200,169
2026-06-28T02:00:00+00:00,P-003,LATAM,braintree,true,200,348
2026-06-28T02:00:00+00:00,P-003,LATAM,braintree,true,200,169
2026-06-28T02:00:00+00:00,P-003,LATAM,braintree,true,200,163
2026-06-28T02:00:00+00:00,P-003,LATAM,braintree,true,200,459
2026-06-28T02:00:00+00:00,P-003,LATAM,braintree,true,200,450
2026-06-28T02:00:00+00:00,P-003,LATAM,braintree,true,200,252
2026-06-28T02:00:00+00:00,P-003,LATAM,braintree,true,200,192
2026-06-28T02:00:00+00:00,P-003,LATAM,braintree,true,200,278
2026-06-28T03:00:00+00:00,P-001,EU,stripe,false,card_declined,2202
2026-06-28T03:00:00+00:00,P-001,EU,stripe,true,200,460
2026-06-28T03:00:00+00:00,P-001,EU,stripe,true,200,305
2026-06-28T03:00:00+00:00,P-001,EU,stripe,true,200,242
2026-06-28T03:00:00+00:00,P-001,EU,braintree,true,200,135
2026-06-28T03:00:00+00:00,P-001,EU,braintree,true,200,312
2026-06-28T03:00:00+00:00,P-001,EU,braintree,false,avs_mismatch,2123
2026-06-28T03:00:00+00:00,P-001,EU,braintree,true,200,417
2026-06-28T03:00:00+00:00,P-001,EU,braintree,true,200,259
2026-06-28T03:00:00+00:00,P-002,APAC,stripe,true,200,195
2026-06-28T03:00:00+00:00,P-002,APAC,stripe,true,200,168
2026-06-28T03:00:00+00:00,P-002,APAC,stripe,true,200,190
2026-06-28T03:00:00+00:00,P-002,APAC,stripe,true,200,449
2026-06-28T03:00:00+00:00,P-002,APAC,stripe,true,200,191
2026-06-28T03:00:00+00:00,P-002,APAC,stripe,true,200,396
2026-06-28T03:00:00+00:00,P-002,APAC,braintree,true,200,197
2026-06-28T03:00:00+00:00,P-002,APAC,braintree,true,200,454
2026-06-28T03:00:00+00:00,P-002,APAC,braintree,true,200,348
2026-06-28T03:00:00+00:00,P-003,LATAM,stripe,true,200,267
2026-06-28T03:00:00+00:00,P-003,LATAM,stripe,false,card_declined,1700
2026-06-28T03:00:00+00:00,P-003,LATAM,stripe,true,200,391
2026-06-28T03:00:00+00:00,P-003,LATAM,stripe,true,200,155
2026-06-28T03:00:00+00:00,P-003,LATAM,stripe,true,200,472
2026-06-28T03:00:00+00:00,P-003,LATAM,stripe,true,200,189
2026-06-28T03:00:00+00:00,P-003,LATAM,stripe,true,200,303
2026-06-28T03:00:00+00:00,P-003,LATAM,braintree,false,gateway_unavailable,1538
2026-06-28T03:00:00+00:00,P-003,LATAM,braintree,true,200,233
2026-06-28T03:00:00+00:00,P-003,LATAM,braintree,true,200,352
2026-06-28T03:00:00+00:00,P-003,LATAM,braintree,true,200,270
2026-06-28T03:00:00+00:00,P-003,LATAM,braintree,true,200,437
2026-06-28T03:00:00+00:00,P-003,LATAM,braintree,true,200,406
2026-06-28T03:00:00+00:00,P-003,LATAM,braintree,false,avs_mismatch,2336
2026-06-28T03:00:00+00:00,P-003,LATAM,braintree,true,200,401
2026-06-28T04:00:00+00:00,P-001,EU,stripe,true,200,155
2026-06-28T04:00:00+00:00,P-001,EU,stripe,true,200,443
2026-06-28T04:00:00+00:00,P-001,EU,stripe,false,insufficient_funds,2056
2026-06-28T04:00:00+00:00,P-001,EU,braintree,true,200,323
2026-06-28T04:00:00+00:00,P-001,EU,braintree,true,200,136
2026-06-28T04:00:00+00:00,P-001,EU,braintree,true,200,428
2026-06-28T04:00:00+00:00,P-002,APAC,stripe,true,200,255
2026-06-28T04:00:00+00:00,P-002,APAC,stripe,true,200,132
2026-06-28T04:00:00+00:00,P-002,APAC,stripe,true,200,185
2026-06-28T04:00:00+00:00,P-002,APAC,stripe,true,200,387
2026-06-28T04:00:00+00:00,P-002,APAC,braintree,true,200,135
2026-06-28T04:00:00+00:00,P-002,APAC,braintree,true,200,209
2026-06-28T04:00:00+00:00,P-002,APAC,braintree,true,200,185
2026-06-28T04:00:00+00:00,P-002,APAC,braintree,true,200,441
2026-06-28T04:00:00+00:00,P-003,LATAM,stripe,true,200,165
2026-06-28T04:00:00+00:00,P-003,LATAM,stripe,true,200,455
2026-06-28T04:00:00+00:00,P-003,LATAM,stripe,true,200,392
2026-06-28T04:00:00+00:00,P-003,LATAM,stripe,true,200,125
2026-06-28T04:00:00+00:00,P-003,LATAM,stripe,true,200,339
2026-06-28T04:00:00+00:00,P-003,LATAM,stripe,true,200,286
2026-06-28T04:00:00+00:00,P-003,LATAM,braintree,false,avs_mismatch,2444
2026-06-28T04:00:00+00:00,P-003,LATAM,braintree,true,200,315
2026-06-28T04:00:00+00:00,P-003,LATAM,braintree,true,200,276
2026-06-28T04:00:00+00:00,P-003,LATAM,braintree,true,200,193
2026-06-28T05:00:00+00:00,P-001,EU,stripe,true,200,232
2026-06-28T05:00:00+00:00,P-001,EU,stripe,true,200,273
2026-06-28T05:00:00+00:00,P-001,EU,stripe,true,200,132
2026-06-28T05:00:00+00:00,P-001,EU,stripe,true,200,165
2026-06-28T05:00:00+00:00,P-001,EU,stripe,true,200,123
2026-06-28T05:00:00+00:00,P-001,EU,stripe,true,200,440
2026-06-28T05:00:00+00:00,P-001,EU,braintree,false,gateway_unavailable,1907
2026-06-28T05:00:00+00:00,P-001,EU,braintree,true,200,252
2026-06-28T05:00:00+00:00,P-001,EU,braintree,true,200,405
2026-06-28T05:00:00+00:00,P-001,EU,braintree,false,processor_timeout,1905
2026-06-28T05:00:00+00:00,P-002,APAC,stripe,true,200,203
2026-06-28T05:00:00+00:00,P-002,APAC,stripe,true,200,171
2026-06-28T05:00:00+00:00,P-002,APAC,stripe,true,200,184
2026-06-28T05:00:00+00:00,P-002,APAC,stripe,true,200,462
2026-06-28T05:00:00+00:00,P-002,APAC,stripe,false,insufficient_funds,1827
2026-06-28T05:00:00+00:00,P-002,APAC,stripe,false,3ds_failed,1702
2026-06-28T05:00:00+00:00,P-002,APAC,braintree,true,200,318
2026-06-28T05:00:00+00:00,P-002,APAC,braintree,false,avs_mismatch,1719
2026-06-28T05:00:00+00:00,P-002,APAC,braintree,false,processor_timeout,1465
2026-06-28T05:00:00+00:00,P-002,APAC,braintree,false,avs_mismatch,1805
2026-06-28T05:00:00+00:00,P-002,APAC,braintree,true,200,329
2026-06-28T05:00:00+00:00,P-002,APAC,braintree,true,200,346
2026-06-28T05:00:00+00:00,P-003,LATAM,stripe,true,200,258
2026-06-28T05:00:00+00:00,P-003,LATAM,stripe,true,200,270
2026-06-28T05:00:00+00:00,P-003,LATAM,stripe,true,200,161
2026-06-28T05:00:00+00:00,P-003,LATAM,stripe,true,200,416
2026-06-28T05:00:00+00:00,P-003,LATAM,stripe,true,200,226
2026-06-28T05:00:00+00:00,P-003,LATAM,stripe,true,200,138
2026-06-28T05:00:00+00:00,P-003,LATAM,stripe,true,200,175
2026-06-28T05:00:00+00:00,P-003,LATAM,braintree,true,200,409
2026-06-28T05:00:00+00:00,P-003,LATAM,braintree,true,200,274
2026-06-28T05:00:00+00:00,P-003,LATAM,braintree,false,processor_timeout,1381
2026-06-28T05:00:00+00:00,P-003,LATAM,braintree,true,200,259
2026-06-28T05:00:00+00:00,P-003,LATAM,braintree,true,200,277
2026-06-28T05:00:00+00:00,P-003,LATAM,braintree,true,200,334
2026-06-28T05:00:00+00:00,P-003,LATAM,braintree,true,200,313
2026-06-28T06:00:00+00:00,P-001,EU,stripe,true,200,176
2026-06-28T06:00:00+00:00,P-001,EU,stripe,true,200,292
2026-06-28T06:00:00+00:00,P-001,EU,stripe,true,200,341
2026-06-28T06:00:00+00:00,P-001,EU,stripe,true,200,429
2026-06-28T06:00:00+00:00,P-001,EU,stripe,true,200,302
2026-06-28T06:00:00+00:00,P-001,EU,stripe,true,200,251
2026-06-28T06:00:00+00:00,P-001,EU,stripe,true,200,208
2026-06-28T06:00:00+00:00,P-001,EU,braintree,false,avs_mismatch,2315
2026-06-28T06:00:00+00:00,P-001,EU,braintree,true,200,264
2026-06-28T06:00:00+00:00,P-001,EU,braintree,true,200,165
2026-06-28T06:00:00+00:00,P-002,APAC,stripe,true,200,433
2026-06-28T06:00:00+00:00,P-002,APAC,stripe,true,200,220
2026-06-28T06:00:00+00:00,P-002,APAC,stripe,true,200,161
2026-06-28T06:00:00+00:00,P-002,APAC,braintree,true,200,247
2026-06-28T06:00:00+00:00,P-002,APAC,braintree,true,200,462
2026-06-28T06:00:00+00:00,P-002,APAC,braintree,true,200,277
2026-06-28T06:00:00+00:00,P-002,APAC,braintree,true,200,466
2026-06-28T06:00:00+00:00,P-002,APAC,braintree,true,200,267
2026-06-28T06:00:00+00:00,P-002,APAC,braintree,true,200,377
2026-06-28T06:00:00+00:00,P-002,APAC,braintree,true,200,153
2026-06-28T06:00:00+00:00,P-003,LATAM,stripe,true,200,420
2026-06-28T06:00:00+00:00,P-003,LATAM,stripe,true,200,394
2026-06-28T06:00:00+00:00,P-003,LATAM,stripe,true,200,327
2026-06-28T06:00:00+00:00,P-003,LATAM,stripe,true,200,129
2026-06-28T06:00:00+00:00,P-003,LATAM,stripe,true,200,170
2026-06-28T06:00:00+00:00,P-003,LATAM,stripe,true,200,142
2026-06-28T06:00:00+00:00,P-003,LATAM,stripe,true,200,202
2026-06-28T06:00:00+00:00,P-003,LATAM,braintree,true,200,456
2026-06-28T06:00:00+00:00,P-003,LATAM,braintree,true,200,162
2026-06-28T06:00:00+00:00,P-003,LATAM,braintree,true,200,215
2026-06-28T06:00:00+00:00,P-003,LATAM,braintree,true,200,135
2026-06-28T06:00:00+00:00,P-003,LATAM,braintree,true,200,325
2026-06-28T07:00:00+00:00,P-001,EU,stripe,true,200,390
2026-06-28T07:00:00+00:00,P-001,EU,stripe,true,200,242
2026-06-28T07:00:00+00:00,P-001,EU,stripe,true,200,171
2026-06-28T07:00:00+00:00,P-001,EU,braintree,true,200,378
2026-06-28T07:00:00+00:00,P-001,EU,braintree,true,200,149
2026-06-28T07:00:00+00:00,P-001,EU,braintree,true,200,151
2026-06-28T07:00:00+00:00,P-001,EU,braintree,false,processor_timeout,1115
2026-06-28T07:00:00+00:00,P-001,EU,braintree,true,200,401
2026-06-28T07:00:00+00:00,P-001,EU,braintree,true,200,438
2026-06-28T07:00:00+00:00,P-001,EU,braintree,true,200,145
2026-06-28T07:00:00+00:00,P-001,EU,braintree,true,200,261
2026-06-28T07:00:00+00:00,P-002,APAC,stripe,true,200,227
2026-06-28T07:00:00+00:00,P-002,APAC,stripe,true,200,363
2026-06-28T07:00:00+00:00,P-002,APAC,stripe,true,200,243
2026-06-28T07:00:00+00:00,P-002,APAC,braintree,true,200,374
2026-06-28T07:00:00+00:00,P-002,APAC,braintree,true,200,421
2026-06-28T07:00:00+00:00,P-002,APAC,braintree,true,200,453
2026-06-28T07:00:00+00:00,P-003,LATAM,stripe,true,200,173
2026-06-28T07:00:00+00:00,P-003,LATAM,stripe,true,200,318
2026-06-28T07:00:00+00:00,P-003,LATAM,stripe,true,200,199
2026-06-28T07:00:00+00:00,P-003,LATAM,stripe,true,200,301
2026-06-28T07:00:00+00:00,P-003,LATAM,stripe,true,200,435
2026-06-28T07:00:00+00:00,P-003,LATAM,stripe,false,card_declined,2378
2026-06-28T07:00:00+00:00,P-003,LATAM,stripe,true,200,170
2026-06-28T07:00:00+00:00,P-003,LATAM,braintree,true,200,445
2026-06-28T07:00:00+00:00,P-003,LATAM,braintree,true,200,388
2026-06-28T07:00:00+00:00,P-003,LATAM,braintree,true,200,306
2026-06-28T07:00:00+00:00,P-003,LATAM,braintree,true,200,441
2026-06-28T07:00:00+00:00,P-003,LATAM,braintree,true,200,225
2026-06-28T07:00:00+00:00,P-003,LATAM,braintree,false,gateway_unavailable,1357
2026-06-28T07:00:00+00:00,P-003,LATAM,braintree,true,200,204
2026-06-28T08:00:00+00:00,P-001,EU,stripe,true,200,361
2026-06-28T08:00:00+00:00,P-001,EU,stripe,true,200,405
2026-06-28T08:00:00+00:00,P-001,EU,stripe,true,200,347
2026-06-28T08:00:00+00:00,P-001,EU,stripe,true,200,121
2026-06-28T08:00:00+00:00,P-001,EU,stripe,true,200,359
2026-06-28T08:00:00+00:00,P-001,EU,stripe,true,200,148
2026-06-28T08:00:00+00:00,P-001,EU,stripe,true,200,359
2026-06-28T08:00:00+00:00,P-001,EU,stripe,true,200,332
2026-06-28T08:00:00+00:00,P-001,EU,braintree,true,200,402
2026-06-28T08:00:00+00:00,P-001,EU,braintree,true,200,176
2026-06-28T08:00:00+00:00,P-001,EU,braintree,true,200,360
2026-06-28T08:00:00+00:00,P-002,APAC,stripe,true,200,223
2026-06-28T08:00:00+00:00,P-002,APAC,stripe,true,200,421
2026-06-28T08:00:00+00:00,P-002,APAC,stripe,true,200,316
2026-06-28T08:00:00+00:00,P-002,APAC,stripe,true,200,371
2026-06-28T08:00:00+00:00,P-002,APAC,braintree,true,200,368
2026-06-28T08:00:00+00:00,P-002,APAC,braintree,true,200,236
2026-06-28T08:00:00+00:00,P-002,APAC,braintree,true,200,334
2026-06-28T08:00:00+00:00,P-003,LATAM,stripe,true,200,123
2026-06-28T08:00:00+00:00,P-003,LATAM,stripe,true,200,266
2026-06-28T08:00:00+00:00,P-003,LATAM,stripe,true,200,464
2026-06-28T08:00:00+00:00,P-003,LATAM,stripe,true,200,401
2026-06-28T08:00:00+00:00,P-003,LATAM,stripe,true,200,300
2026-06-28T08:00:00+00:00,P-003,LATAM,stripe,true,200,376
2026-06-28T08:00:00+00:00,P-003,LATAM,stripe,true,200,206
2026-06-28T08:00:00+00:00,P-003,LATAM,braintree,true,200,270
2026-06-28T08:00:00+00:00,P-003,LATAM,braintree,true,200,189
2026-06-28T08:00:00+00:00,P-003,LATAM,braintree,true,200,322
2026-06-28T08:00:00+00:00,P-003,LATAM,braintree,false,processor_timeout,1148
2026-06-28T08:00:00+00:00,P-003,LATAM,braintree,true,200,139
2026-06-28T08:00:00+00:00,P-003,LATAM,braintree,true,200,316
2026-06-28T08:00:00+00:00,P-003,LATAM,braintree,true,200,315
2026-06-28T08:00:00+00:00,P-003,LATAM,braintree,true,200,353
2026-06-28T09:00:00+00:00,P-001,EU,stripe,true,200,361
2026-06-28T09:00:00+00:00,P-001,EU,stripe,true,200,346
2026-06-28T09:00:00+00:00,P-001,EU,stripe,true,200,302
2026-06-28T09:00:00+00:00,P-001,EU,stripe,true,200,437
2026-06-28T09:00:00+00:00,P-001,EU,stripe,true,200,245
2026-06-28T09:00:00+00:00,P-001,EU,braintree,true,200,306
2026-06-28T09:00:00+00:00,P-001,EU,braintree,true,200,192
2026-06-28T09:00:00+00:00,P-001,EU,braintree,true,200,148
2026-06-28T09:00:00+00:00,P-001,EU,braintree,true,200,328
2026-06-28T09:00:00+00:00,P-001,EU,braintree,true,200,194
2026-06-28T09:00:00+00:00,P-001,EU,braintree,true,200,122
2026-06-28T09:00:00+00:00,P-001,EU,braintree,true,200,124
2026-06-28T09:00:00+00:00,P-002,APAC,stripe,true,200,143
2026-06-28T09:00:00+00:00,P-002,APAC,stripe,false,3ds_failed,1970
2026-06-28T09:00:00+00:00,P-002,APAC,stripe,true,200,200
2026-06-28T09:00:00+00:00,P-002,APAC,stripe,true,200,228
2026-06-28T09:00:00+00:00,P-002,APAC,braintree,true,200,177
2026-06-28T09:00:00+00:00,P-002,APAC,braintree,true,200,233
2026-06-28T09:00:00+00:00,P-002,APAC,braintree,true,200,267
2026-06-28T09:00:00+00:00,P-002,APAC,braintree,true,200,269
2026-06-28T09:00:00+00:00,P-002,APAC,braintree,true,200,232
2026-06-28T09:00:00+00:00,P-002,APAC,braintree,true,200,274
2026-06-28T09:00:00+00:00,P-002,APAC,braintree,true,200,337
2026-06-28T09:00:00+00:00,P-002,APAC,braintree,true,200,158
2026-06-28T09:00:00+00:00,P-003,LATAM,stripe,true,200,237
2026-06-28T09:00:00+00:00,P-003,LATAM,stripe,true,200,171
2026-06-28T09:00:00+00:00,P-003,LATAM,stripe,true,200,156
2026-06-28T09:00:00+00:00,P-003,LATAM,braintree,true,200,306
2026-06-28T09:00:00+00:00,P-003,LATAM,braintree,true,200,401
2026-06-28T09:00:00+00:00,P-003,LATAM,braintree,false,avs_mismatch,1495
2026-06-28T09:00:00+00:00,P-003,LATAM,braintree,true,200,245
2026-06-28T09:00:00+00:00,P-003,LATAM,braintree,true,200,434
2026-06-28T09:00:00+00:00,P-003,LATAM,braintree,true,200,239
2026-06-28T10:00:00+00:00,P-001,EU,stripe,true,200,167
2026-06-28T10:00:00+00:00,P-001,EU,stripe,true,200,128
2026-06-28T10:00:00+00:00,P-001,EU,stripe,true,200,261
2026-06-28T10:00:00+00:00,P-001,EU,stripe,true,200,335
2026-06-28T10:00:00+00:00,P-001,EU,stripe,true,200,199
2026-06-28T10:00:00+00:00,P-001,EU,braintree,true,200,419
2026-06-28T10:00:00+00:00,P-001,EU,braintree,true,200,182
2026-06-28T10:00:00+00:00,P-001,EU,braintree,true,200,246
2026-06-28T10:00:00+00:00,P-001,EU,braintree,true,200,284
2026-06-28T10:00:00+00:00,P-001,EU,braintree,true,200,176
2026-06-28T10:00:00+00:00,P-001,EU,braintree,true,200,159
2026-06-28T10:00:00+00:00,P-002,APAC,stripe,true,200,288
2026-06-28T10:00:00+00:00,P-002,APAC,stripe,true,200,188
2026-06-28T10:00:00+00:00,P-002,APAC,stripe,true,200,310
2026-06-28T10:00:00+00:00,P-002,APAC,stripe,true,200,374
2026-06-28T10:00:00+00:00,P-002,APAC,stripe,true,200,294
2026-06-28T10:00:00+00:00,P-002,APAC,stripe,true,200,199
2026-06-28T10:00:00+00:00,P-002,APAC,braintree,true,200,447
2026-06-28T10:00:00+00:00,P-002,APAC,braintree,true,200,463
2026-06-28T10:00:00+00:00,P-002,APAC,braintree,true,200,356
2026-06-28T10:00:00+00:00,P-002,APAC,braintree,true,200,316
2026-06-28T10:00:00+00:00,P-002,APAC,braintree,true,200,271
2026-06-28T10:00:00+00:00,P-002,APAC,braintree,true,200,342
2026-06-28T10:00:00+00:00,P-003,LATAM,stripe,true,200,309
2026-06-28T10:00:00+00:00,P-003,LATAM,stripe,true,200,336
2026-06-28T10:00:00+00:00,P-003,LATAM,stripe,true,200,359
2026-06-28T10:00:00+00:00,P-003,LATAM,stripe,true,200,303
2026-06-28T10:00:00+00:00,P-003,LATAM,stripe,true,200,172
2026-06-28T10:00:00+00:00,P-003,LATAM,stripe,true,200,224
2026-06-28T10:00:00+00:00,P-003,LATAM,stripe,true,200,376
2026-06-28T10:00:00+00:00,P-003,LATAM,stripe,true,200,305
2026-06-28T10:00:00+00:00,P-003,LATAM,braintree,true,200,453
2026-06-28T10:00:00+00:00,P-003,LATAM,braintree,true,200,448
2026-06-28T10:00:00+00:00,P-003,LATAM,braintree,true,200,366
2026-06-28T10:00:00+00:00,P-003,LATAM,braintree,true,200,151
2026-06-28T10:00:00+00:00,P-003,LATAM,braintree,true,200,369
2026-06-28T10:00:00+00:00,P-003,LATAM,braintree,true,200,236
2026-06-28T11:00:00+00:00,P-001,EU,stripe,true,200,215
2026-06-28T11:00:00+00:00,P-001,EU,stripe,true,200,271
2026-06-28T11:00:00+00:00,P-001,EU,stripe,true,200,274
2026-06-28T11:00:00+00:00,P-001,EU,stripe,true,200,286
2026-06-28T11:00:00+00:00,P-001,EU,stripe,true,200,463
2026-06-28T11:00:00+00:00,P-001,EU,stripe,true,200,145
2026-06-28T11:00:00+00:00,P-001,EU,stripe,true,200,208
2026-06-28T11:00:00+00:00,P-001,EU,braintree,true,200,321
2026-06-28T11:00:00+00:00,P-001,EU,braintree,true,200,326
2026-06-28T11:00:00+00:00,P-001,EU,braintree,false,gateway_unavailable,1280
2026-06-28T11:00:00+00:00,P-001,EU,braintree,true,200,273
2026-06-28T11:00:00+00:00,P-001,EU,braintree,false,gateway_unavailable,1753
2026-06-28T11:00:00+00:00,P-002,APAC,stripe,true,200,125
2026-06-28T11:00:00+00:00,P-002,APAC,stripe,true,200,313
2026-06-28T11:00:00+00:00,P-002,APAC,stripe,true,200,193
2026-06-28T11:00:00+00:00,P-002,APAC,stripe,true,200,154
2026-06-28T11:00:00+00:00,P-002,APAC,stripe,true,200,225
2026-06-28T11:00:00+00:00,P-002,APAC,stripe,true,200,226
2026-06-28T11:00:00+00:00,P-002,APAC,braintree,true,200,325
2026-06-28T11:00:00+00:00,P-002,APAC,braintree,true,200,474
2026-06-28T11:00:00+00:00,P-002,APAC,braintree,true,200,429
2026-06-28T11:00:00+00:00,P-002,APAC,braintree,true,200,390
2026-06-28T11:00:00+00:00,P-002,APAC,braintree,true,200,378
2026-06-28T11:00:00+00:00,P-002,APAC,braintree,true,200,430
2026-06-28T11:00:00+00:00,P-002,APAC,braintree,true,200,463
2026-06-28T11:00:00+00:00,P-002,APAC,braintree,true,200,254
2026-06-28T11:00:00+00:00,P-003,LATAM,stripe,true,200,387
2026-06-28T11:00:00+00:00,P-003,LATAM,stripe,false,3ds_failed,2291
2026-06-28T11:00:00+00:00,P-003,LATAM,stripe,true,200,149
2026-06-28T11:00:00+00:00,P-003,LATAM,stripe,true,200,309
2026-06-28T11:00:00+00:00,P-003,LATAM,stripe,true,200,252
2026-06-28T11:00:00+00:00,P-003,LATAM,stripe,true,200,133
2026-06-28T11:00:00+00:00,P-003,LATAM,stripe,true,200,429
2026-06-28T11:00:00+00:00,P-003,LATAM,braintree,true,200,415
2026-06-28T11:00:00+00:00,P-003,LATAM,braintree,true,200,162
2026-06-28T11:00:00+00:00,P-003,LATAM,braintree,false,gateway_unavailable,2120
2026-06-28T11:00:00+00:00,P-003,LATAM,braintree,true,200,339
2026-06-28T12:00:00+00:00,P-001,EU,stripe,true,200,280
2026-06-28T12:00:00+00:00,P-001,EU,stripe,true,200,455
2026-06-28T12:00:00+00:00,P-001,EU,stripe,true,200,330
2026-06-28T12:00:00+00:00,P-001,EU,stripe,true,200,362
2026-06-28T12:00:00+00:00,P-001,EU,stripe,true,200,357
2026-06-28T12:00:00+00:00,P-001,EU,braintree,true,200,296
2026-06-28T12:00:00+00:00,P-001,EU,braintree,true,200,343
2026-06-28T12:00:00+00:00,P-001,EU,braintree,true,200,420
2026-06-28T12:00:00+00:00,P-001,EU,braintree,true,200,134
2026-06-28T12:00:00+00:00,P-001,EU,braintree,true,200,389
2026-06-28T12:00:00+00:00,P-001,EU,braintree,true,200,212
2026-06-28T12:00:00+00:00,P-002,APAC,stripe,true,200,326
2026-06-28T12:00:00+00:00,P-002,APAC,stripe,true,200,186
2026-06-28T12:00:00+00:00,P-002,APAC,stripe,true,200,225
2026-06-28T12:00:00+00:00,P-002,APAC,stripe,true,200,210
2026-06-28T12:00:00+00:00,P-002,APAC,stripe,true,200,449
2026-06-28T12:00:00+00:00,P-002,APAC,stripe,true,200,172
2026-06-28T12:00:00+00:00,P-002,APAC,braintree,true,200,357
2026-06-28T12:00:00+00:00,P-002,APAC,braintree,true,200,453
2026-06-28T12:00:00+00:00,P-002,APAC,braintree,true,200,338
2026-06-28T12:00:00+00:00,P-003,LATAM,stripe,true,200,371
2026-06-28T12:00:00+00:00,P-003,LATAM,stripe,true,200,204
2026-06-28T12:00:00+00:00,P-003,LATAM,stripe,true,200,270
2026-06-28T12:00:00+00:00,P-003,LATAM,stripe,true,200,398
2026-06-28T12:00:00+00:00,P-003,LATAM,stripe,true,200,267
2026-06-28T12:00:00+00:00,P-003,LATAM,stripe,true,200,402
2026-06-28T12:00:00+00:00,P-003,LATAM,stripe,true,200,403
2026-06-28T12:00:00+00:00,P-003,LATAM,braintree,true,200,209
2026-06-28T12:00:00+00:00,P-003,LATAM,braintree,false,gateway_unavailable,2084
2026-06-28T12:00:00+00:00,P-003,LATAM,braintree,true,200,419
2026-06-28T12:00:00+00:00,P-003,LATAM,braintree,true,200,211
2026-06-28T13:00:00+00:00,P-001,EU,stripe,true,200,212
2026-06-28T13:00:00+00:00,P-001,EU,stripe,true,200,411
2026-06-28T13:00:00+00:00,P-001,EU,stripe,true,200,127
2026-06-28T13:00:00+00:00,P-001,EU,stripe,true,200,256
2026-06-28T13:00:00+00:00,P-001,EU,braintree,true,200,257
2026-06-28T13:00:00+00:00,P-001,EU,braintree,true,200,159
2026-06-28T13:00:00+00:00,P-001,EU,braintree,true,200,399
2026-06-28T13:00:00+00:00,P-001,EU,braintree,true,200,156
2026-06-28T13:00:00+00:00,P-002,APAC,stripe,true,200,129
2026-06-28T13:00:00+00:00,P-002,APAC,stripe,true,200,161
2026-06-28T13:00:00+00:00,P-002,APAC,stripe,true,200,219
2026-06-28T13:00:00+00:00,P-002,APAC,stripe,true,200,140
2026-06-28T13:00:00+00:00,P-002,APAC,stripe,true,200,470
2026-06-28T13:00:00+00:00,P-002,APAC,stripe,true,200,136
2026-06-28T13:00:00+00:00,P-002,APAC,braintree,true,200,226
2026-06-28T13:00:00+00:00,P-002,APAC,braintree,true,200,354
2026-06-28T13:00:00+00:00,P-002,APAC,braintree,true,200,263
2026-06-28T13:00:00+00:00,P-002,APAC,braintree,true,200,234
2026-06-28T13:00:00+00:00,P-002,APAC,braintree,true,200,345
2026-06-28T13:00:00+00:00,P-003,LATAM,stripe,true,200,347
2026-06-28T13:00:00+00:00,P-003,LATAM,stripe,true,200,243
2026-06-28T13:00:00+00:00,P-003,LATAM,stripe,true,200,122
2026-06-28T13:00:00+00:00,P-003,LATAM,stripe,true,200,408
2026-06-28T13:00:00+00:00,P-003,LATAM,braintree,true,200,286
2026-06-28T13:00:00+00:00,P-003,LATAM,braintree,true,200,200
2026-06-28T13:00:00+00:00,P-003,LATAM,braintree,true,200,435
2026-06-28T14:00:00+00:00,P-001,EU,stripe,true,200,401
2026-06-28T14:00:00+00:00,P-001,EU,stripe,true,200,477
2026-06-28T14:00:00+00:00,P-001,EU,stripe,true,200,429
2026-06-28T14:00:00+00:00,P-001,EU,stripe,true,200,356
2026-06-28T14:00:00+00:00,P-001,EU,stripe,true,200,372
2026-06-28T14:00:00+00:00,P-001,EU,stripe,true,200,164
2026-06-28T14:00:00+00:00,P-001,EU,stripe,true,200,413
2026-06-28T14:00:00+00:00,P-001,EU,stripe,true,200,318
2026-06-28T14:00:00+00:00,P-001,EU,braintree,true,200,144
2026-06-28T14:00:00+00:00,P-001,EU,braintree,true,200,408
2026-06-28T14:00:00+00:00,P-001,EU,braintree,true,200,150
2026-06-28T14:00:00+00:00,P-001,EU,braintree,true,200,340
2026-06-28T14:00:00+00:00,P-002,APAC,stripe,true,200,322
2026-06-28T14:00:00+00:00,P-002,APAC,stripe,true,200,207
2026-06-28T14:00:00+00:00,P-002,APAC,stripe,true,200,205
2026-06-28T14:00:00+00:00,P-002,APAC,stripe,true,200,275
2026-06-28T14:00:00+00:00,P-002,APAC,stripe,true,200,225
2026-06-28T14:00:00+00:00,P-002,APAC,stripe,true,200,255
2026-06-28T14:00:00+00:00,P-002,APAC,stripe,true,200,440
2026-06-28T14:00:00+00:00,P-002,APAC,stripe,true,200,131
2026-06-28T14:00:00+00:00,P-002,APAC,braintree,true,200,378
2026-06-28T14:00:00+00:00,P-002,APAC,braintree,true,200,342
2026-06-28T14:00:00+00:00,P-002,APAC,braintree,true,200,121
2026-06-28T14:00:00+00:00,P-002,APAC,braintree,true,200,373
2026-06-28T14:00:00+00:00,P-002,APAC,braintree,false,gateway_unavailable,944
2026-06-28T14:00:00+00:00,P-002,APAC,braintree,true,200,399
2026-06-28T14:00:00+00:00,P-003,LATAM,stripe,true,200,172
2026-06-28T14:00:00+00:00,P-003,LATAM,stripe,true,200,207
2026-06-28T14:00:00+00:00,P-003,LATAM,stripe,true,200,204
2026-06-28T14:00:00+00:00,P-003,LATAM,braintree,true,200,310
2026-06-28T14:00:00+00:00,P-003,LATAM,braintree,true,200,273
2026-06-28T14:00:00+00:00,P-003,LATAM,braintree,true,200,241
2026-06-28T14:00:00+00:00,P-003,LATAM,braintree,true,200,263
2026-06-28T15:00:00+00:00,P-001,EU,stripe,true,200,137
2026-06-28T15:00:00+00:00,P-001,EU,stripe,true,200,208
2026-06-28T15:00:00+00:00,P-001,EU,stripe,true,200,298
2026-06-28T15:00:00+00:00,P-001,EU,stripe,false,card_declined,1322
2026-06-28T15:00:00+00:00,P-001,EU,stripe,true,200,205
2026-06-28T15:00:00+00:00,P-001,EU,braintree,true,200,140
2026-06-28T15:00:00+00:00,P-001,EU,braintree,true,200,311
2026-06-28T15:00:00+00:00,P-001,EU,braintree,true,200,289
2026-06-28T15:00:00+00:00,P-001,EU,braintree,true,200,150
2026-06-28T15:00:00+00:00,P-002,APAC,stripe,true,200,235
2026-06-28T15:00:00+00:00,P-002,APAC,stripe,false,insufficient_funds,1572
2026-06-28T15:00:00+00:00,P-002,APAC,stripe,true,200,469
2026-06-28T15:00:00+00:00,P-002,APAC,braintree,true,200,327
2026-06-28T15:00:00+00:00,P-002,APAC,braintree,true,200,403
2026-06-28T15:00:00+00:00,P-002,APAC,braintree,true,200,265
2026-06-28T15:00:00+00:00,P-003,LATAM,stripe,true,200,439
2026-06-28T15:00:00+00:00,P-003,LATAM,stripe,true,200,245
2026-06-28T15:00:00+00:00,P-003,LATAM,stripe,true,200,203
2026-06-28T15:00:00+00:00,P-003,LATAM,stripe,true,200,246
2026-06-28T15:00:00+00:00,P-003,LATAM,stripe,true,200,203
2026-06-28T15:00:00+00:00,P-003,LATAM,stripe,true,200,187
2026-06-28T15:00:00+00:00,P-003,LATAM,stripe,true,200,395
2026-06-28T15:00:00+00:00,P-003,LATAM,stripe,true,200,408
2026-06-28T15:00:00+00:00,P-003,LATAM,braintree,true,200,450
2026-06-28T15:00:00+00:00,P-003,LATAM,braintree,true,200,184
2026-06-28T15:00:00+00:00,P-003,LATAM,braintree,true,200,257
2026-06-28T15:00:00+00:00,P-003,LATAM,braintree,true,200,166
2026-06-28T15:00:00+00:00,P-003,LATAM,braintree,true,200,416
2026-06-28T15:00:00+00:00,P-003,LATAM,braintree,true,200,290
2026-06-28T15:00:00+00:00,P-003,LATAM,braintree,true,200,321
2026-06-28T15:00:00+00:00,P-003,LATAM,braintree,true,200,433
2026-06-28T16:00:00+00:00,P-001,EU,stripe,true,200,148
2026-06-28T16:00:00+00:00,P-001,EU,stripe,true,200,244
2026-06-28T16:00:00+00:00,P-001,EU,stripe,false,insufficient_funds,1305
2026-06-28T16:00:00+00:00,P-001,EU,stripe,true,200,355
2026-06-28T16:00:00+00:00,P-001,EU,stripe,true,200,310
2026-06-28T16:00:00+00:00,P-001,EU,stripe,true,200,153
2026-06-28T16:00:00+00:00,P-001,EU,stripe,true,200,316
2026-06-28T16:00:00+00:00,P-001,EU,braintree,true,200,257
2026-06-28T16:00:00+00:00,P-001,EU,braintree,true,200,409
2026-06-28T16:00:00+00:00,P-001,EU,braintree,true,200,349
2026-06-28T16:00:00+00:00,P-001,EU,braintree,true,200,170
2026-06-28T16:00:00+00:00,P-002,APAC,stripe,true,200,322
2026-06-28T16:00:00+00:00,P-002,APAC,stripe,true,200,479
2026-06-28T16:00:00+00:00,P-002,APAC,stripe,true,200,366
2026-06-28T16:00:00+00:00,P-002,APAC,stripe,true,200,325
2026-06-28T16:00:00+00:00,P-002,APAC,stripe,true,200,336
2026-06-28T16:00:00+00:00,P-002,APAC,stripe,true,200,260
2026-06-28T16:00:00+00:00,P-002,APAC,stripe,true,200,197
2026-06-28T16:00:00+00:00,P-002,APAC,braintree,true,200,442
2026-06-28T16:00:00+00:00,P-002,APAC,braintree,true,200,248
2026-06-28T16:00:00+00:00,P-002,APAC,braintree,true,200,192
2026-06-28T16:00:00+00:00,P-002,APAC,braintree,true,200,437
2026-06-28T16:00:00+00:00,P-002,APAC,braintree,true,200,349
2026-06-28T16:00:00+00:00,P-002,APAC,braintree,true,200,237
2026-06-28T16:00:00+00:00,P-002,APAC,braintree,true,200,412
2026-06-28T16:00:00+00:00,P-002,APAC,braintree,true,200,457
2026-06-28T16:00:00+00:00,P-003,LATAM,stripe,true,200,257
2026-06-28T16:00:00+00:00,P-003,LATAM,stripe,true,200,190
2026-06-28T16:00:00+00:00,P-003,LATAM,stripe,true,200,217
2026-06-28T16:00:00+00:00,P-003,LATAM,stripe,true,200,174
2026-06-28T16:00:00+00:00,P-003,LATAM,stripe,true,200,473
2026-06-28T16:00:00+00:00,P-003,LATAM,stripe,true,200,289
2026-06-28T16:00:00+00:00,P-003,LATAM,stripe,true,200,282
2026-06-28T16:00:00+00:00,P-003,LATAM,stripe,true,200,227
2026-06-28T16:00:00+00:00,P-003,LATAM,braintree,true,200,171
2026-06-28T16:00:00+00:00,P-003,LATAM,braintree,true,200,173
2026-06-28T16:00:00+00:00,P-003,LATAM,braintree,true,200,461
2026-06-28T16:00:00+00:00,P-003,LATAM,braintree,true,200,384
2026-06-28T16:00:00+00:00,P-003,LATAM,braintree,true,200,368
2026-06-28T16:00:00+00:00,P-003,LATAM,braintree,true,200,356
2026-06-28T16:00:00+00:00,P-003,LATAM,braintree,true,200,253
2026-06-28T16:00:00+00:00,P-003,LATAM,braintree,true,200,184
2026-06-28T17:00:00+00:00,P-001,EU,stripe,true,200,248
2026-06-28T17:00:00+00:00,P-001,EU,stripe,true,200,198
2026-06-28T17:00:00+00:00,P-001,EU,stripe,false,3ds_failed,2016
2026-06-28T17:00:00+00:00,P-001,EU,stripe,true,200,250
2026-06-28T17:00:00+00:00,P-001,EU,stripe,true,200,465
2026-06-28T17:00:00+00:00,P-001,EU,braintree,true,200,396
2026-06-28T17:00:00+00:00,P-001,EU,braintree,true,200,422
2026-06-28T17:00:00+00:00,P-001,EU,braintree,true,200,123
2026-06-28T17:00:00+00:00,P-001,EU,braintree,true,200,397
2026-06-28T17:00:00+00:00,P-001,EU,braintree,true,200,141
2026-06-28T17:00:00+00:00,P-002,APAC,stripe,true,200,315
2026-06-28T17:00:00+00:00,P-002,APAC,stripe,true,200,221
2026-06-28T17:00:00+00:00,P-002,APAC,stripe,false,card_declined,2451
2026-06-28T17:00:00+00:00,P-002,APAC,stripe,true,200,421
2026-06-28T17:00:00+00:00,P-002,APAC,stripe,false,insufficient_funds,1625
2026-06-28T17:00:00+00:00,P-002,APAC,stripe,true,200,436
2026-06-28T17:00:00+00:00,P-002,APAC,braintree,true,200,359
2026-06-28T17:00:00+00:00,P-002,APAC,braintree,true,200,460
2026-06-28T17:00:00+00:00,P-002,APAC,braintree,true,200,341
2026-06-28T17:00:00+00:00,P-003,LATAM,stripe,true,200,386
2026-06-28T17:00:00+00:00,P-003,LATAM,stripe,true,200,377
2026-06-28T17:00:00+00:00,P-003,LATAM,stripe,true,200,303
2026-06-28T17:00:00+00:00,P-003,LATAM,stripe,true,200,391
2026-06-28T17:00:00+00:00,P-003,LATAM,stripe,true,200,397
2026-06-28T17:00:00+00:00,P-003,LATAM,braintree,false,gateway_unavailable,2332
2026-06-28T17:00:00+00:00,P-003,LATAM,braintree,true,200,364
2026-06-28T17:00:00+00:00,P-003,LATAM,braintree,true,200,208
2026-06-28T17:00:00+00:00,P-003,LATAM,braintree,true,200,380
2026-06-28T18:00:00+00:00,P-001,EU,stripe,true,200,184
2026-06-28T18:00:00+00:00,P-001,EU,stripe,true,200,206
2026-06-28T18:00:00+00:00,P-001,EU,stripe,true,200,230
2026-06-28T18:00:00+00:00,P-001,EU,stripe,true,200,446
2026-06-28T18:00:00+00:00,P-001,EU,stripe,true,200,311
2026-06-28T18:00:00+00:00,P-001,EU,braintree,true,200,320
2026-06-28T18:00:00+00:00,P-001,EU,braintree,true,200,201
2026-06-28T18:00:00+00:00,P-001,EU,braintree,true,200,299
2026-06-28T18:00:00+00:00,P-002,APAC,stripe,true,200,393
2026-06-28T18:00:00+00:00,P-002,APAC,stripe,true,200,459
2026-06-28T18:00:00+00:00,P-002,APAC,stripe,true,200,327
2026-06-28T18:00:00+00:00,P-002,APAC,braintree,true,200,273
2026-06-28T18:00:00+00:00,P-002,APAC,braintree,true,200,402
2026-06-28T18:00:00+00:00,P-002,APAC,braintree,true,200,421
2026-06-28T18:00:00+00:00,P-002,APAC,braintree,true,200,212
2026-06-28T18:00:00+00:00,P-003,LATAM,stripe,true,200,206
2026-06-28T18:00:00+00:00,P-003,LATAM,stripe,true,200,245
2026-06-28T18:00:00+00:00,P-003,LATAM,stripe,true,200,164
2026-06-28T18:00:00+00:00,P-003,LATAM,stripe,true,200,413
2026-06-28T18:00:00+00:00,P-003,LATAM,stripe,true,200,125
2026-06-28T18:00:00+00:00,P-003,LATAM,stripe,true,200,430
2026-06-28T18:00:00+00:00,P-003,LATAM,stripe,true,200,333
2026-06-28T18:00:00+00:00,P-003,LATAM,stripe,true,200,475
2026-06-28T18:00:00+00:00,P-003,LATAM,braintree,true,200,329
2026-06-28T18:00:00+00:00,P-003,LATAM,braintree,true,200,254
2026-06-28T18:00:00+00:00,P-003,LATAM,braintree,true,200,295
2026-06-28T18:00:00+00:00,P-003,LATAM,braintree,true,200,146
2026-06-28T18:00:00+00:00,P-003,LATAM,braintree,false,gateway_unavailable,1781
2026-06-28T18:00:00+00:00,P-003,LATAM,braintree,true,200,154
2026-06-28T19:00:00+00:00,P-001,EU,stripe,true,200,451
2026-06-28T19:00:00+00:00,P-001,EU,stripe,true,200,238
2026-06-28T19:00:00+00:00,P-001,EU,stripe,true,200,145
2026-06-28T19:00:00+00:00,P-001,EU,stripe,true,200,163
2026-06-28T19:00:00+00:00,P-001,EU,stripe,true,200,245
2026-06-28T19:00:00+00:00,P-001,EU,stripe,true,200,222
2026-06-28T19:00:00+00:00,P-001,EU,braintree,true,200,188
2026-06-28T19:00:00+00:00,P-001,EU,braintree,true,200,357
2026-06-28T19:00:00+00:00,P-001,EU,braintree,true,200,423
2026-06-28T19:00:00+00:00,P-001,EU,braintree,true,200,122
2026-06-28T19:00:00+00:00,P-001,EU,braintree,true,200,334
2026-06-28T19:00:00+00:00,P-001,EU,braintree,false,avs_mismatch,1194
2026-06-28T19:00:00+00:00,P-001,EU,braintree,true,200,457
2026-06-28T19:00:00+00:00,P-002,APAC,stripe,true,200,263
2026-06-28T19:00:00+00:00,P-002,APAC,stripe,true,200,470
2026-06-28T19:00:00+00:00,P-002,APAC,stripe,true,200,148
2026-06-28T19:00:00+00:00,P-002,APAC,braintree,false,processor_timeout,1700
2026-06-28T19:00:00+00:00,P-002,APAC,braintree,true,200,389
2026-06-28T19:00:00+00:00,P-002,APAC,braintree,true,200,301
2026-06-28T19:00:00+00:00,P-002,APAC,braintree,true,200,413
2026-06-28T19:00:00+00:00,P-002,APAC,braintree,true,200,357
2026-06-28T19:00:00+00:00,P-002,APAC,braintree,true,200,258
2026-06-28T19:00:00+00:00,P-003,LATAM,stripe,true,200,337
2026-06-28T19:00:00+00:00,P-003,LATAM,stripe,true,200,234
2026-06-28T19:00:00+00:00,P-003,LATAM,stripe,true,200,225
2026-06-28T19:00:00+00:00,P-003,LATAM,stripe,false,card_declined,1740
2026-06-28T19:00:00+00:00,P-003,LATAM,stripe,true,200,449
2026-06-28T19:00:00+00:00,P-003,LATAM,stripe,true,200,436
2026-06-28T19:00:00+00:00,P-003,LATAM,braintree,true,200,167
2026-06-28T19:00:00+00:00,P-003,LATAM,braintree,false,gateway_unavailable,1181
2026-06-28T19:00:00+00:00,P-003,LATAM,braintree,false,avs_mismatch,1103
2026-06-28T19:00:00+00:00,P-003,LATAM,braintree,true,200,261
2026-06-28T19:00:00+00:00,P-003,LATAM,braintree,true,200,267
2026-06-28T20:00:00+00:00,P-001,EU,stripe,true,200,220
2026-06-28T20:00:00+00:00,P-001,EU,stripe,true,200,357
2026-06-28T20:00:00+00:00,P-001,EU,stripe,true,200,318
2026-06-28T20:00:00+00:00,P-001,EU,braintree,true,200,335
2026-06-28T20:00:00+00:00,P-001,EU,braintree,true,200,136
2026-06-28T20:00:00+00:00,P-001,EU,braintree,true,200,474
2026-06-28T20:00:00+00:00,P-001,EU,braintree,true,200,248
2026-06-28T20:00:00+00:00,P-001,EU,braintree,true,200,212
2026-06-28T20:00:00+00:00,P-001,EU,braintree,true,200,143
2026-06-28T20:00:00+00:00,P-001,EU,braintree,true,200,339
2026-06-28T20:00:00+00:00,P-002,APAC,stripe,true,200,294
2026-06-28T20:00:00+00:00,P-002,APAC,stripe,true,200,401
2026-06-28T20:00:00+00:00,P-002,APAC,stripe,true,200,164
2026-06-28T20:00:00+00:00,P-002,APAC,braintree,true,200,409
2026-06-28T20:00:00+00:00,P-002,APAC,braintree,true,200,273
2026-06-28T20:00:00+00:00,P-002,APAC,braintree,true,200,141
2026-06-28T20:00:00+00:00,P-002,APAC,braintree,true,200,266
2026-06-28T20:00:00+00:00,P-002,APAC,braintree,true,200,347
2026-06-28T20:00:00+00:00,P-002,APAC,braintree,true,200,256
2026-06-28T20:00:00+00:00,P-003,LATAM,stripe,true,200,206
2026-06-28T20:00:00+00:00,P-003,LATAM,stripe,true,200,296
2026-06-28T20:00:00+00:00,P-003,LATAM,stripe,true,200,291
2026-06-28T20:00:00+00:00,P-003,LATAM,braintree,true,200,319
2026-06-28T20:00:00+00:00,P-003,LATAM,braintree,true,200,349
2026-06-28T20:00:00+00:00,P-003,LATAM,braintree,true,200,125
2026-06-28T20:00:00+00:00,P-003,LATAM,braintree,true,200,270
2026-06-28T21:00:00+00:00,P-001,EU,stripe,true,200,235
2026-06-28T21:00:00+00:00,P-001,EU,stripe,true,200,190
2026-06-28T21:00:00+00:00,P-001,EU,stripe,true,200,410
2026-06-28T21:00:00+00:00,P-001,EU,stripe,true,200,472
2026-06-28T21:00:00+00:00,P-001,EU,stripe,true,200,221
2026-06-28T21:00:00+00:00,P-001,EU,stripe,true,200,256
2026-06-28T21:00:00+00:00,P-001,EU,stripe,true,200,126
2026-06-28T21:00:00+00:00,P-001,EU,braintree,true,200,236
2026-06-28T21:00:00+00:00,P-001,EU,braintree,true,200,292
2026-06-28T21:00:00+00:00,P-001,EU,braintree,true,200,280
2026-06-28T21:00:00+00:00,P-002,APAC,stripe,true,200,257
2026-06-28T21:00:00+00:00,P-002,APAC,stripe,true,200,320
2026-06-28T21:00:00+00:00,P-002,APAC,stripe,true,200,240
2026-06-28T21:00:00+00:00,P-002,APAC,stripe,true,200,422
2026-06-28T21:00:00+00:00,P-002,APAC,stripe,true,200,136
2026-06-28T21:00:00+00:00,P-002,APAC,stripe,true,200,232
2026-06-28T21:00:00+00:00,P-002,APAC,braintree,true,200,254
2026-06-28T21:00:00+00:00,P-002,APAC,braintree,true,200,145
2026-06-28T21:00:00+00:00,P-002,APAC,braintree,true,200,451
2026-06-28T21:00:00+00:00,P-002,APAC,braintree,true,200,168
2026-06-28T21:00:00+00:00,P-002,APAC,braintree,true,200,353
2026-06-28T21:00:00+00:00,P-002,APAC,braintree,true,200,387
2026-06-28T21:00:00+00:00,P-003,LATAM,stripe,true,200,354
2026-06-28T21:00:00+00:00,P-003,LATAM,stripe,true,200,312
2026-06-28T21:00:00+00:00,P-003,LATAM,stripe,true,200,351
2026-06-28T21:00:00+00:00,P-003,LATAM,stripe,true,200,299
2026-06-28T21:00:00+00:00,P-003,LATAM,stripe,true,200,251
2026-06-28T21:00:00+00:00,P-003,LATAM,braintree,true,200,187
2026-06-28T21:00:00+00:00,P-003,LATAM,braintree,true,200,318
2026-06-28T21:00:00+00:00,P-003,LATAM,braintree,true,200,326
2026-06-28T21:00:00+00:00,P-003,LATAM,braintree,true,200,154
2026-06-28T21:00:00+00:00,P-003,LATAM,braintree,true,200,272
2026-06-28T21:00:00+00:00,P-003,LATAM,braintree,true,200,164
2026-06-28T22:00:00+00:00,P-001,EU,stripe,true,200,384
2026-06-28T22:00:00+00:00,P-001,EU,stripe,true,200,412
2026-06-28T22:00:00+00:00,P-001,EU,stripe,true,200,150
2026-06-28T22:00:00+00:00,P-001,EU,stripe,true,200,363
2026-06-28T22:00:00+00:00,P-001,EU,stripe,true,200,205
2026-06-28T22:00:00+00:00,P-001,EU,stripe,true,200,176
2026-06-28T22:00:00+00:00,P-001,EU,stripe,true,200,384
2026-06-28T22:00:00+00:00,P-001,EU,braintree,true,200,477
2026-06-28T22:00:00+00:00,P-001,EU,braintree,true,200,407
2026-06-28T22:00:00+00:00,P-001,EU,braintree,true,200,268
2026-06-28T22:00:00+00:00,P-001,EU,braintree,false,gateway_unavailable,1743
2026-06-28T22:00:00+00:00,P-001,EU,braintree,true,200,339
2026-06-28T22:00:00+00:00,P-002,APAC,stripe,true,200,138
2026-06-28T22:00:00+00:00,P-002,APAC,stripe,true,200,246
2026-06-28T22:00:00+00:00,P-002,APAC,stripe,true,200,337
2026-06-28T22:00:00+00:00,P-002,APAC,braintree,true,200,228
2026-06-28T22:00:00+00:00,P-002,APAC,braintree,true,200,367
2026-06-28T22:00:00+00:00,P-002,APAC,braintree,true,200,460
2026-06-28T22:00:00+00:00,P-002,APAC,braintree,true,200,327
2026-06-28T22:00:00+00:00,P-002,APAC,braintree,true,200,181
2026-06-28T22:00:00+00:00,P-002,APAC,braintree,true,200,189
2026-06-28T22:00:00+00:00,P-002,APAC,braintree,true,200,213
2026-06-28T22:00:00+00:00,P-003,LATAM,stripe,true,200,363
2026-06-28T22:00:00+00:00,P-003,LATAM,stripe,true,200,448
2026-06-28T22:00:00+00:00,P-003,LATAM,stripe,true,200,161
2026-06-28T22:00:00+00:00,P-003,LATAM,stripe,true,200,382
2026-06-28T22:00:00+00:00,P-003,LATAM,stripe,true,200,451
2026-06-28T22:00:00+00:00,P-003,LATAM,stripe,true,200,288
2026-06-28T22:00:00+00:00,P-003,LATAM,braintree,true,200,288
2026-06-28T22:00:00+00:00,P-003,LATAM,braintree,true,200,143
2026-06-28T22:00:00+00:00,P-003,LATAM,braintree,true,200,225
2026-06-28T22:00:00+00:00,P-003,LATAM,braintree,true,200,224
2026-06-28T23:00:00+00:00,P-001,EU,stripe,true,200,206
2026-06-28T23:00:00+00:00,P-001,EU,stripe,true,200,475
2026-06-28T23:00:00+00:00,P-001,EU,stripe,true,200,377
2026-06-28T23:00:00+00:00,P-001,EU,stripe,true,200,324
2026-06-28T23:00:00+00:00,P-001,EU,stripe,true,200,281
2026-06-28T23:00:00+00:00,P-001,EU,braintree,true,200,131
2026-06-28T23:00:00+00:00,P-001,EU,braintree,true,200,446
2026-06-28T23:00:00+00:00,P-001,EU,braintree,true,200,190
2026-06-28T23:00:00+00:00,P-001,EU,braintree,true,200,180
2026-06-28T23:00:00+00:00,P-001,EU,braintree,true,200,150
2026-06-28T23:00:00+00:00,P-001,EU,braintree,true,200,407
2026-06-28T23:00:00+00:00,P-001,EU,braintree,true,200,478
2026-06-28T23:00:00+00:00,P-001,EU,braintree,true,200,399
2026-06-28T23:00:00+00:00,P-002,APAC,stripe,true,200,346
2026-06-28T23:00:00+00:00,P-002,APAC,stripe,true,200,320
2026-06-28T23:00:00+00:00,P-002,APAC,stripe,true,200,151
2026-06-28T23:00:00+00:00,P-002,APAC,stripe,true,200,325
2026-06-28T23:00:00+00:00,P-002,APAC,stripe,true,200,415
2026-06-28T23:00:00+00:00,P-002,APAC,stripe,true,200,466
2026-06-28T23:00:00+00:00,P-002,APAC,braintree,true,200,417
2026-06-28T23:00:00+00:00,P-002,APAC,braintree,true,200,380
2026-06-28T23:00:00+00:00,P-002,APAC,braintree,true,200,161
2026-06-28T23:00:00+00:00,P-003,LATAM,stripe,false,3ds_failed,1227
2026-06-28T23:00:00+00:00,P-003,LATAM,stripe,true,200,407
2026-06-28T23:00:00+00:00,P-003,LATAM,stripe,true,200,479
2026-06-28T23:00:00+00:00,P-003,LATAM,stripe,true,200,224
2026-06-28T23:00:00+00:00,P-003,LATAM,stripe,true,200,239
2026-06-28T23:00:00+00:00,P-003,LATAM,stripe,true,200,354
2026-06-28T23:00:00+00:00,P-003,LATAM,stripe,true,200,123
2026-06-28T23:00:00+00:00,P-003,LATAM,stripe,true,200,277
2026-06-28T23:00:00+00:00,P-003,LATAM,braintree,true,200,327
2026-06-28T23:00:00+00:00,P-003,LATAM,braintree,true,200,200
2026-06-28T23:00:00+00:00,P-003,LATAM,braintree,true,200,476
2026-06-28T23:00:00+00:00,P-003,LATAM,braintree,true,200,471
2026-06-28T23:00:00+00:00,P-003,LATAM,braintree,false,processor_timeout,1078
2026-06-28T23:00:00+00:00,P-003,LATAM,braintree,true,200,241
2026-06-28T23:00:00+00:00,P-003,LATAM,braintree,false,gateway_unavailable,2307
